{
  "image_path": "C:\\Users\\swu\\Desktop\\sample\\part_sample_17190\\1.원천데이터\\part\\0000776_as-0049741.jpg",
  "parts": [
    {
      "id": 1,
      "part": "Head lights(R)",
      "class_id": 2,
      "bbox": [
        63.785858154296875,
        40.39253234863281,
        665.3713989257812,
        231.39923095703125
      ],
      "score": 0.9201134443283081
    },
    {
      "id": 2,
      "part": "Front bumper",
      "class_id": 0,
      "bbox": [
        161.4705047607422,
        133.30543518066406,
        724.117431640625,
        599.2093505859375
      ],
      "score": 0.8542842268943787
    }
  ]
}