{
  "image_path": "C:\\Users\\swu\\Desktop\\sample\\part_sample_17190\\1.원천데이터\\part\\0000512_sc-124621.jpg",
  "parts": [
    {
      "id": 1,
      "part": "Front bumper",
      "class_id": 0,
      "bbox": [
        26.318511962890625,
        178.3751678466797,
        798.1390380859375,
        521.2496948242188
      ],
      "score": 0.9188784956932068
    },
    {
      "id": 2,
      "part": "Head lights(R)",
      "class_id": 2,
      "bbox": [
        68.12828063964844,
        30.574913024902344,
        773.6664428710938,
        199.11349487304688
      ],
      "score": 0.4387586712837219
    }
  ]
}