{
  "image_path": "C:\\Users\\swu\\Desktop\\sample\\part_sample_17190\\1.원천데이터\\part\\0000705_as-2819797.jpg",
  "parts": [
    {
      "id": 1,
      "part": "Rear lamp(L)",
      "class_id": 7,
      "bbox": [
        146.98654174804688,
        282.9224853515625,
        712.4052734375,
        530.7446899414062
      ],
      "score": 0.8202030062675476
    },
    {
      "id": 2,
      "part": "Roof",
      "class_id": 5,
      "bbox": [
        154.2413330078125,
        71.66259765625,
        655.5886840820312,
        413.9692687988281
      ],
      "score": 0.2567884922027588
    }
  ]
}