{
  "image_path": "C:\\Users\\swu\\Desktop\\sample\\part_sample_17190\\1.원천데이터\\part\\0000753_as-0092299.jpg",
  "parts": [
    {
      "id": 1,
      "part": "Front fender(R)",
      "class_id": 11,
      "bbox": [
        514.9615478515625,
        138.2318115234375,
        647.1279907226562,
        406.59033203125
      ],
      "score": 0.9320323467254639
    },
    {
      "id": 2,
      "part": "Front fender(L)",
      "class_id": 10,
      "bbox": [
        596.4620971679688,
        141.11192321777344,
        704.0753173828125,
        369.50323486328125
      ],
      "score": 0.9021905064582825
    },
    {
      "id": 3,
      "part": "Rear lamp(L)",
      "class_id": 7,
      "bbox": [
        76.90265655517578,
        294.9468994140625,
        491.0429382324219,
        552.3595581054688
      ],
      "score": 0.30943378806114197
    }
  ]
}