{
  "image_path": "C:\\Users\\swu\\Desktop\\sample\\part_sample_17190\\1.원천데이터\\part\\0000504_as-0074167.jpg",
  "parts": [
    {
      "id": 1,
      "part": "Front bumper",
      "class_id": 0,
      "bbox": [
        55.178871154785156,
        101.03813171386719,
        477.6293640136719,
        516.1349487304688
      ],
      "score": 0.9504038095474243
    },
    {
      "id": 2,
      "part": "Rear lamp(R)",
      "class_id": 8,
      "bbox": [
        427.2233581542969,
        33.66842269897461,
        557.6433715820312,
        312.9696960449219
      ],
      "score": 0.6822343468666077
    }
  ]
}