{
  "image_path": "C:\\Users\\swu\\Desktop\\sample\\part_sample_17190\\1.원천데이터\\part\\0000752_as-0092299.jpg",
  "parts": [
    {
      "id": 1,
      "part": "Front fender(L)",
      "class_id": 10,
      "bbox": [
        536.122802734375,
        40.78144073486328,
        703.3556518554688,
        343.2463073730469
      ],
      "score": 0.8239718079566956
    },
    {
      "id": 2,
      "part": "Rear door(L)",
      "class_id": 16,
      "bbox": [
        0.1476287841796875,
        145.65512084960938,
        441.080322265625,
        390.53228759765625
      ],
      "score": 0.5788657665252686
    },
    {
      "id": 3,
      "part": "Rear lamp(L)",
      "class_id": 7,
      "bbox": [
        0.11745452880859375,
        272.262939453125,
        267.9737854003906,
        530.7789306640625
      ],
      "score": 0.3361812233924866
    }
  ]
}