{
  "image_path": "C:\\Users\\swu\\Desktop\\sample\\part_sample_17190\\1.원천데이터\\part\\0000896_as-0007999.jpg",
  "parts": [
    {
      "id": 1,
      "part": "Rear lamp(L)",
      "class_id": 7,
      "bbox": [
        178.79058837890625,
        218.8140869140625,
        702.3721923828125,
        469.31451416015625
      ],
      "score": 0.9582549333572388
    },
    {
      "id": 2,
      "part": "Trunk lid",
      "class_id": 6,
      "bbox": [
        553.9779052734375,
        150.42022705078125,
        701.2450561523438,
        261.6988830566406
      ],
      "score": 0.353582501411438
    },
    {
      "id": 3,
      "part": "Trunk lid",
      "class_id": 6,
      "bbox": [
        176.71597290039062,
        158.89776611328125,
        303.2539367675781,
        261.174072265625
      ],
      "score": 0.28930482268333435
    }
  ]
}