{
  "image_path": "C:\\Users\\swu\\Desktop\\sample\\part_sample_10000\\1.원천데이터\\part\\0000058_as-0082746.jpg",
  "image_size": {
    "width": 800,
    "height": 600
  },
  "parts": [
    {
      "id": 1,
      "part": "Front fender(L)",
      "class_id": 10,
      "bbox": [
        514.48,
        215.39,
        628.48,
        432.6
      ],
      "score": 0.8826000094413757
    },
    {
      "id": 2,
      "part": "Front fender(R)",
      "class_id": 11,
      "bbox": [
        423.04,
        214.28,
        550.04,
        448.18
      ],
      "score": 0.8384000062942505
    },
    {
      "id": 3,
      "part": "Side mirror(L)",
      "class_id": 12,
      "bbox": [
        465.8,
        398.55,
        616.34,
        476.88
      ],
      "score": 0.24480000138282776
    },
    {
      "id": 4,
      "part": "Rear lamp(R)",
      "class_id": 8,
      "bbox": [
        610.63,
        302.02,
        653.99,
        404.43
      ],
      "score": 0.17419999837875366
    }
  ]
}