{
  "image_path": "C:\\Users\\swu\\Desktop\\sample\\part_sample_10000\\1.원천데이터\\part\\0000783_as-3003912.jpg",
  "image_size": {
    "width": 800,
    "height": 600
  },
  "parts": [
    {
      "id": 1,
      "part": "Rocker panel(L)",
      "class_id": 18,
      "bbox": [
        30.46,
        0.28,
        609.46,
        507.13
      ],
      "score": 0.724399983882904
    },
    {
      "id": 2,
      "part": "Side mirror(L)",
      "class_id": 12,
      "bbox": [
        618.62,
        157.13,
        799.97,
        347.05
      ],
      "score": 0.2515000104904175
    }
  ]
}