{
  "image_path": "C:\\Users\\swu\\Desktop\\sample\\part_sample_17190\\1.원천데이터\\part\\0000008_as-0036229.jpg",
  "parts": [
    {
      "id": 1,
      "part": "Rear lamp(L)",
      "class_id": 7,
      "bbox": [
        60.13496398925781,
        354.43646240234375,
        722.3282470703125,
        578.4488525390625
      ],
      "score": 0.9353535771369934
    },
    {
      "id": 2,
      "part": "Roof",
      "class_id": 5,
      "bbox": [
        94.85612487792969,
        223.451171875,
        696.4889526367188,
        452.38104248046875
      ],
      "score": 0.393372505903244
    }
  ]
}