{
  "image_path": "C:\\Users\\swu\\Desktop\\sample\\part_sample_17190\\1.원천데이터\\part\\0000176_sc-153567.jpg",
  "parts": [
    {
      "id": 1,
      "part": "Front bumper",
      "class_id": 0,
      "bbox": [
        42.848663330078125,
        225.37338256835938,
        741.8740844726562,
        540.3472900390625
      ],
      "score": 0.9240488409996033
    },
    {
      "id": 2,
      "part": "Head lights(R)",
      "class_id": 2,
      "bbox": [
        67.15835571289062,
        78.69556427001953,
        723.1246948242188,
        239.48944091796875
      ],
      "score": 0.8454785346984863
    }
  ]
}