{
  "image_path": "C:\\Users\\swu\\Desktop\\sample\\part_sample_10000\\1.원천데이터\\part\\0000842_sc-125479.jpg",
  "image_size": {
    "width": 960,
    "height": 720
  },
  "parts": [
    {
      "id": 1,
      "part": "Head lights(R)",
      "class_id": 2,
      "bbox": [
        121.83,
        62.82,
        773.21,
        335.7
      ],
      "score": 0.9452999830245972
    },
    {
      "id": 2,
      "part": "Front bumper",
      "class_id": 0,
      "bbox": [
        83.29,
        236.61,
        800.26,
        576.35
      ],
      "score": 0.9161999821662903
    }
  ]
}