{
  "image_path": "C:\\Users\\swu\\Desktop\\sample\\part_sample_17190\\1.원천데이터\\part\\0000562_as-0058093.jpg",
  "parts": [
    {
      "id": 1,
      "part": "Front bumper",
      "class_id": 0,
      "bbox": [
        0.9001922607421875,
        87.36572265625,
        694.8702392578125,
        510.7749938964844
      ],
      "score": 0.9556962847709656
    },
    {
      "id": 2,
      "part": "Rear lamp(R)",
      "class_id": 8,
      "bbox": [
        608.8778686523438,
        0.0,
        798.2504272460938,
        302.19927978515625
      ],
      "score": 0.6109103560447693
    }
  ]
}