{
  "image_path": "C:\\Users\\swu\\Desktop\\sample\\part_sample_17190\\1.원천데이터\\part\\0000842_sc-125479.jpg",
  "parts": [
    {
      "id": 1,
      "part": "Head lights(R)",
      "class_id": 2,
      "bbox": [
        122.46441650390625,
        64.27134704589844,
        774.0272827148438,
        334.138916015625
      ],
      "score": 0.9374542832374573
    },
    {
      "id": 2,
      "part": "Front bumper",
      "class_id": 0,
      "bbox": [
        80.55514526367188,
        185.06410217285156,
        801.5836181640625,
        577.9268798828125
      ],
      "score": 0.846423327922821
    }
  ]
}