{
  "image_path": "C:\\Users\\swu\\Desktop\\sample\\part_sample_17190\\1.원천데이터\\part\\0000437_sc-164159.jpg",
  "parts": [
    {
      "id": 1,
      "part": "Front bumper",
      "class_id": 0,
      "bbox": [
        179.9083709716797,
        224.25527954101562,
        670.3390502929688,
        476.425537109375
      ],
      "score": 0.9240023493766785
    },
    {
      "id": 2,
      "part": "Rear lamp(R)",
      "class_id": 8,
      "bbox": [
        576.67724609375,
        146.69024658203125,
        721.2564086914062,
        341.14776611328125
      ],
      "score": 0.46276751160621643
    },
    {
      "id": 3,
      "part": "Head lights(R)",
      "class_id": 2,
      "bbox": [
        198.38552856445312,
        120.7789306640625,
        670.5286254882812,
        292.9669494628906
      ],
      "score": 0.3933424651622772
    }
  ]
}