{
  "image_path": "C:\\Users\\swu\\Desktop\\sample\\part_sample_17190\\1.원천데이터\\part\\0000416_sc-133902.jpg",
  "parts": [
    {
      "id": 1,
      "part": "Rear lamp(R)",
      "class_id": 8,
      "bbox": [
        197.5122833251953,
        111.9146728515625,
        625.978759765625,
        514.1052856445312
      ],
      "score": 0.8938058018684387
    },
    {
      "id": 2,
      "part": "Head lights(L)",
      "class_id": 1,
      "bbox": [
        166.16842651367188,
        159.14385986328125,
        289.43804931640625,
        238.45359802246094
      ],
      "score": 0.7108867168426514
    },
    {
      "id": 3,
      "part": "Front bumper",
      "class_id": 0,
      "bbox": [
        155.80569458007812,
        223.0525360107422,
        274.0893859863281,
        433.2630920410156
      ],
      "score": 0.4619342088699341
    }
  ]
}