{
  "image_path": "C:\\Users\\swu\\Desktop\\sample\\part_sample_17190\\1.원천데이터\\part\\0000016_as-0031772.jpg",
  "parts": [
    {
      "id": 1,
      "part": "Rear lamp(L)",
      "class_id": 7,
      "bbox": [
        82.54859924316406,
        292.2121887207031,
        726.9574584960938,
        565.825927734375
      ],
      "score": 0.8171963691711426
    },
    {
      "id": 2,
      "part": "Roof",
      "class_id": 5,
      "bbox": [
        98.8656005859375,
        180.66932678222656,
        718.9057006835938,
        438.8734436035156
      ],
      "score": 0.6470099091529846
    }
  ]
}