{
  "image_path": "C:\\Users\\swu\\Desktop\\sample\\part_sample_17190\\1.원천데이터\\part\\0000413_sc-133902.jpg",
  "parts": [
    {
      "id": 1,
      "part": "Rear lamp(R)",
      "class_id": 8,
      "bbox": [
        252.07342529296875,
        71.92180633544922,
        581.0994873046875,
        395.4730529785156
      ],
      "score": 0.9502533078193665
    },
    {
      "id": 2,
      "part": "Head lights(L)",
      "class_id": 1,
      "bbox": [
        0.0,
        211.09388732910156,
        383.371337890625,
        462.29705810546875
      ],
      "score": 0.47481855750083923
    }
  ]
}