{
  "image_path": "C:\\Users\\swu\\Desktop\\sample\\part_sample_10000\\1.원천데이터\\part\\0000492_as-0037513.jpg",
  "image_size": {
    "width": 800,
    "height": 600
  },
  "parts": [
    {
      "id": 1,
      "part": "Head lights(L)",
      "class_id": 1,
      "bbox": [
        113.63,
        250.43,
        436.5,
        334.84
      ],
      "score": 0.8949000239372253
    },
    {
      "id": 2,
      "part": "Front bumper",
      "class_id": 0,
      "bbox": [
        4.16,
        159.06,
        484.27,
        494.74
      ],
      "score": 0.8780999779701233
    },
    {
      "id": 3,
      "part": "Head lights(R)",
      "class_id": 2,
      "bbox": [
        30.4,
        59.62,
        541.25,
        264.37
      ],
      "score": 0.7648000121116638
    }
  ]
}