{
  "image_path": "C:\\Users\\swu\\Desktop\\sample\\part_sample_10000\\1.원천데이터\\part\\0000774_as-0049741.jpg",
  "image_size": {
    "width": 800,
    "height": 600
  },
  "parts": [
    {
      "id": 1,
      "part": "Head lights(R)",
      "class_id": 2,
      "bbox": [
        309.7,
        153.69,
        671.25,
        264.3
      ],
      "score": 0.942300021648407
    },
    {
      "id": 2,
      "part": "Front bumper",
      "class_id": 0,
      "bbox": [
        376.81,
        218.37,
        710.16,
        526.45
      ],
      "score": 0.6086999773979187
    },
    {
      "id": 3,
      "part": "Rear lamp(R)",
      "class_id": 8,
      "bbox": [
        191.67,
        181.7,
        468.15,
        422.4
      ],
      "score": 0.3095000088214874
    }
  ]
}