{
  "image_path": "C:\\Users\\swu\\Desktop\\sample\\part_sample_10000\\1.원천데이터\\part\\0000815_as-0032595.jpg",
  "image_size": {
    "width": 800,
    "height": 600
  },
  "parts": [
    {
      "id": 1,
      "part": "Rear bumper",
      "class_id": 9,
      "bbox": [
        6.74,
        127.18,
        675.52,
        378.41
      ],
      "score": 0.9413999915122986
    },
    {
      "id": 2,
      "part": "Front fender(R)",
      "class_id": 11,
      "bbox": [
        670.66,
        87.78,
        799.87,
        557.13
      ],
      "score": 0.18520000576972961
    },
    {
      "id": 3,
      "part": "Front fender(L)",
      "class_id": 10,
      "bbox": [
        671.39,
        87.86,
        800.0,
        535.65
      ],
      "score": 0.1551000028848648
    }
  ]
}