{
  "image_path": "C:\\Users\\swu\\Desktop\\sample\\part_sample_10000\\1.원천데이터\\part\\0000452_as-0056313.jpg",
  "image_size": {
    "width": 800,
    "height": 600
  },
  "parts": [
    {
      "id": 1,
      "part": "Front bumper",
      "class_id": 0,
      "bbox": [
        291.93,
        247.46,
        763.46,
        551.28
      ],
      "score": 0.9488999843597412
    },
    {
      "id": 2,
      "part": "Rear lamp(R)",
      "class_id": 8,
      "bbox": [
        240.73,
        196.28,
        350.55,
        382.7
      ],
      "score": 0.18780000507831573
    }
  ]
}