{
  "image_path": "C:\\Users\\swu\\Desktop\\sample\\part_sample_17190\\1.원천데이터\\part\\0000537_sc-162189.jpg",
  "parts": [
    {
      "id": 1,
      "part": "Front bumper",
      "class_id": 0,
      "bbox": [
        7.275733947753906,
        262.9604797363281,
        559.4610595703125,
        564.0603637695312
      ],
      "score": 0.9572107195854187
    },
    {
      "id": 2,
      "part": "Rear lamp(R)",
      "class_id": 8,
      "bbox": [
        485.70123291015625,
        127.84687042236328,
        643.1295776367188,
        355.7279968261719
      ],
      "score": 0.6428720355033875
    }
  ]
}