{
  "image_path": "C:\\Users\\swu\\Desktop\\sample\\part_sample_17190\\1.원천데이터\\part\\0000043_as-0096878.jpg",
  "parts": [
    {
      "id": 1,
      "part": "Head lights(R)",
      "class_id": 2,
      "bbox": [
        162.5939178466797,
        162.5960693359375,
        645.8980712890625,
        255.6192169189453
      ],
      "score": 0.8322576880455017
    },
    {
      "id": 2,
      "part": "Front bumper",
      "class_id": 0,
      "bbox": [
        112.28834533691406,
        223.7702178955078,
        686.2680053710938,
        370.28289794921875
      ],
      "score": 0.5400927662849426
    }
  ]
}