{
  "image_path": "C:\\Users\\swu\\Desktop\\sample\\part_sample_10000\\1.원천데이터\\part\\0000372_as-0061741.jpg",
  "image_size": {
    "width": 1024,
    "height": 768
  },
  "parts": [
    {
      "id": 1,
      "part": "Rear lamp(L)",
      "class_id": 7,
      "bbox": [
        75.9,
        281.69,
        365.99,
        636.53
      ],
      "score": 0.8198000192642212
    },
    {
      "id": 2,
      "part": "Rear door(L)",
      "class_id": 16,
      "bbox": [
        149.53,
        105.23,
        822.73,
        716.52
      ],
      "score": 0.17100000381469727
    }
  ]
}