{
  "image_path": "C:\\Users\\swu\\Desktop\\sample\\part_sample_17190\\1.원천데이터\\part\\0000341_as-0052574.jpg",
  "parts": [
    {
      "id": 1,
      "part": "Front fender(R)",
      "class_id": 11,
      "bbox": [
        480.350341796875,
        76.09115600585938,
        717.5418090820312,
        479.4759826660156
      ],
      "score": 0.9430181980133057
    },
    {
      "id": 2,
      "part": "Front fender(L)",
      "class_id": 10,
      "bbox": [
        65.76370239257812,
        64.58892822265625,
        502.664794921875,
        564.1837158203125
      ],
      "score": 0.7839325070381165
    },
    {
      "id": 3,
      "part": "Rear door(L)",
      "class_id": 16,
      "bbox": [
        672.879638671875,
        225.6124267578125,
        799.9853515625,
        439.91644287109375
      ],
      "score": 0.4983842372894287
    },
    {
      "id": 4,
      "part": "Side mirror(L)",
      "class_id": 12,
      "bbox": [
        44.12498474121094,
        434.5713806152344,
        679.9366455078125,
        599.8289794921875
      ],
      "score": 0.31775200366973877
    }
  ]
}