{
  "image_path": "C:\\Users\\swu\\Desktop\\sample\\part_sample_17190\\1.원천데이터\\part\\0000031_sc-222547.jpg",
  "parts": [
    {
      "id": 1,
      "part": "Rear lamp(L)",
      "class_id": 7,
      "bbox": [
        86.93267822265625,
        102.56920623779297,
        742.5147705078125,
        371.0966491699219
      ],
      "score": 0.8291016221046448
    },
    {
      "id": 2,
      "part": "Roof",
      "class_id": 5,
      "bbox": [
        130.5029296875,
        4.7100067138671875,
        714.490966796875,
        244.03079223632812
      ],
      "score": 0.738469123840332
    }
  ]
}