{
  "image_path": "C:\\Users\\swu\\Desktop\\sample\\part_sample_17190\\1.원천데이터\\part\\0000909_as-0016241.jpg",
  "parts": [
    {
      "id": 1,
      "part": "Front bumper",
      "class_id": 0,
      "bbox": [
        124.0597152709961,
        65.47164916992188,
        441.47039794921875,
        584.909423828125
      ],
      "score": 0.9645164608955383
    },
    {
      "id": 2,
      "part": "Rear lamp(R)",
      "class_id": 8,
      "bbox": [
        349.64422607421875,
        50.95142364501953,
        653.143310546875,
        452.4750061035156
      ],
      "score": 0.961509644985199
    }
  ]
}