{
  "image_path": "C:\\Users\\swu\\Desktop\\sample\\part_sample_10000\\1.원천데이터\\part\\0000320_as-3288847.jpg",
  "image_size": {
    "width": 800,
    "height": 600
  },
  "parts": [
    {
      "id": 1,
      "part": "Rear lamp(R)",
      "class_id": 8,
      "bbox": [
        256.6,
        13.21,
        562.65,
        568.77
      ],
      "score": 0.7912999987602234
    },
    {
      "id": 2,
      "part": "Head lights(L)",
      "class_id": 1,
      "bbox": [
        0.0,
        185.37,
        360.66,
        600.0
      ],
      "score": 0.7195000052452087
    },
    {
      "id": 3,
      "part": "Rear lamp(L)",
      "class_id": 7,
      "bbox": [
        699.33,
        63.19,
        799.93,
        318.45
      ],
      "score": 0.546999990940094
    },
    {
      "id": 4,
      "part": "Head lights(R)",
      "class_id": 2,
      "bbox": [
        0.0,
        16.75,
        493.37,
        393.72
      ],
      "score": 0.19329999387264252
    }
  ]
}