{
  "image_path": "C:\\Users\\swu\\Desktop\\sample\\part_sample_17190\\1.원천데이터\\part\\0000774_as-0049741.jpg",
  "parts": [
    {
      "id": 1,
      "part": "Front bumper",
      "class_id": 0,
      "bbox": [
        376.77740478515625,
        217.57965087890625,
        709.1281127929688,
        527.3629150390625
      ],
      "score": 0.9430485367774963
    },
    {
      "id": 2,
      "part": "Head lights(R)",
      "class_id": 2,
      "bbox": [
        311.1195373535156,
        152.95489501953125,
        670.5834350585938,
        265.0787048339844
      ],
      "score": 0.9099816679954529
    }
  ]
}