{
  "image_path": "C:\\Users\\swu\\Desktop\\sample\\part_sample_10000\\1.원천데이터\\part\\0000863_as-0072983.jpg",
  "image_size": {
    "width": 800,
    "height": 600
  },
  "parts": [
    {
      "id": 1,
      "part": "Rear lamp(R)",
      "class_id": 8,
      "bbox": [
        162.15,
        143.62,
        382.98,
        372.26
      ],
      "score": 0.8357999920845032
    },
    {
      "id": 2,
      "part": "Front bumper",
      "class_id": 0,
      "bbox": [
        299.1,
        179.62,
        742.59,
        498.74
      ],
      "score": 0.16300000250339508
    }
  ]
}