{
  "image_path": "C:\\Users\\swu\\Desktop\\sample\\part_sample_17190\\1.원천데이터\\part\\0000058_as-0082746.jpg",
  "parts": [
    {
      "id": 1,
      "part": "Front fender(L)",
      "class_id": 10,
      "bbox": [
        514.1677856445312,
        216.30606079101562,
        624.908935546875,
        431.7403564453125
      ],
      "score": 0.8401416540145874
    },
    {
      "id": 2,
      "part": "Rear lamp(L)",
      "class_id": 7,
      "bbox": [
        147.2545623779297,
        328.0229187011719,
        412.3203125,
        506.0516357421875
      ],
      "score": 0.6897972226142883
    },
    {
      "id": 3,
      "part": "Front fender(R)",
      "class_id": 11,
      "bbox": [
        423.9897155761719,
        213.86166381835938,
        550.647705078125,
        447.6464538574219
      ],
      "score": 0.4273780584335327
    },
    {
      "id": 4,
      "part": "Rear lamp(R)",
      "class_id": 8,
      "bbox": [
        608.91650390625,
        303.422607421875,
        650.36865234375,
        402.97064208984375
      ],
      "score": 0.35402294993400574
    }
  ]
}