{
  "image_path": "C:\\Users\\swu\\Desktop\\sample\\part_sample_17190\\1.원천데이터\\part\\0000772_as-0049741.jpg",
  "parts": [
    {
      "id": 1,
      "part": "Head lights(R)",
      "class_id": 2,
      "bbox": [
        135.7464599609375,
        143.69491577148438,
        727.278564453125,
        267.9444580078125
      ],
      "score": 0.9723342061042786
    },
    {
      "id": 2,
      "part": "Front bumper",
      "class_id": 0,
      "bbox": [
        118.17848205566406,
        267.9212646484375,
        742.9568481445312,
        546.504638671875
      ],
      "score": 0.9200336933135986
    }
  ]
}