{
  "image_path": "C:\\Users\\swu\\Desktop\\sample\\part_sample_17190\\1.원천데이터\\part\\0000306_as-2614413.jpg",
  "parts": [
    {
      "id": 1,
      "part": "Rear door(R)",
      "class_id": 17,
      "bbox": [
        168.51829528808594,
        113.55528259277344,
        485.0807189941406,
        528.128662109375
      ],
      "score": 0.6335915923118591
    },
    {
      "id": 2,
      "part": "Front bumper",
      "class_id": 0,
      "bbox": [
        401.89849853515625,
        28.851051330566406,
        800.0,
        514.2216796875
      ],
      "score": 0.45577895641326904
    }
  ]
}