{
  "image_path": "C:\\Users\\swu\\Desktop\\sample\\part_sample_17190\\1.원천데이터\\part\\0000882_as-0050809.jpg",
  "parts": [
    {
      "id": 1,
      "part": "Rear lamp(L)",
      "class_id": 7,
      "bbox": [
        258.15423583984375,
        293.3882751464844,
        672.376220703125,
        530.0444946289062
      ],
      "score": 0.9416499733924866
    },
    {
      "id": 2,
      "part": "Front fender(R)",
      "class_id": 11,
      "bbox": [
        83.13378143310547,
        96.78783416748047,
        288.29833984375,
        405.75982666015625
      ],
      "score": 0.8357526063919067
    },
    {
      "id": 3,
      "part": "Front fender(L)",
      "class_id": 10,
      "bbox": [
        4.73118782043457,
        100.65868377685547,
        132.6868133544922,
        363.10137939453125
      ],
      "score": 0.7213066816329956
    },
    {
      "id": 4,
      "part": "Rear door(L)",
      "class_id": 16,
      "bbox": [
        163.4410400390625,
        191.92138671875,
        392.839599609375,
        414.7120666503906
      ],
      "score": 0.5035409331321716
    }
  ]
}