{
  "image_path": "C:\\Users\\swu\\Desktop\\sample\\part_sample_17190\\1.원천데이터\\part\\0000519_sc-193337.jpg",
  "parts": [
    {
      "id": 1,
      "part": "Front bumper",
      "class_id": 0,
      "bbox": [
        55.45696258544922,
        160.99380493164062,
        532.955810546875,
        501.41058349609375
      ],
      "score": 0.9046286344528198
    },
    {
      "id": 2,
      "part": "Rear lamp(R)",
      "class_id": 8,
      "bbox": [
        445.6065368652344,
        91.7477035522461,
        665.1581420898438,
        327.21466064453125
      ],
      "score": 0.6368241310119629
    }
  ]
}