{
  "image_path": "C:\\Users\\swu\\Desktop\\sample\\part_sample_10000\\1.원천데이터\\part\\0000975_sc-1020358.jpg",
  "image_size": {
    "width": 800,
    "height": 600
  },
  "parts": [
    {
      "id": 1,
      "part": "Rocker panel(L)",
      "class_id": 18,
      "bbox": [
        230.15,
        197.03,
        552.27,
        499.03
      ],
      "score": 0.9573000073432922
    },
    {
      "id": 2,
      "part": "Rear lamp(L)",
      "class_id": 7,
      "bbox": [
        0.04,
        8.73,
        271.14,
        425.06
      ],
      "score": 0.22910000383853912
    }
  ]
}