{
  "image_path": "C:\\Users\\swu\\Desktop\\sample\\part_sample_17190\\1.원천데이터\\part\\0000751_as-0092299.jpg",
  "parts": [
    {
      "id": 1,
      "part": "Front fender(L)",
      "class_id": 10,
      "bbox": [
        408.0018615722656,
        85.82878112792969,
        632.7882080078125,
        433.6165771484375
      ],
      "score": 0.9529280066490173
    },
    {
      "id": 2,
      "part": "Front fender(R)",
      "class_id": 11,
      "bbox": [
        113.72467041015625,
        72.08438873291016,
        480.11956787109375,
        510.38128662109375
      ],
      "score": 0.8231937885284424
    }
  ]
}