{
  "image_path": "C:\\Users\\swu\\Desktop\\sample\\part_sample_17190\\1.원천데이터\\part\\0000863_as-0072983.jpg",
  "parts": [
    {
      "id": 1,
      "part": "Front bumper",
      "class_id": 0,
      "bbox": [
        298.1211853027344,
        180.5531005859375,
        742.7692260742188,
        499.5718078613281
      ],
      "score": 0.9147554039955139
    },
    {
      "id": 2,
      "part": "Rear lamp(R)",
      "class_id": 8,
      "bbox": [
        160.65948486328125,
        145.06060791015625,
        383.0743408203125,
        372.9962463378906
      ],
      "score": 0.8835508823394775
    }
  ]
}