{
  "image_path": "C:\\Users\\swu\\Desktop\\sample\\part_sample_10000\\1.원천데이터\\part\\0000252_as-3202000.jpg",
  "image_size": {
    "width": 800,
    "height": 600
  },
  "parts": [
    {
      "id": 1,
      "part": "Front bumper",
      "class_id": 0,
      "bbox": [
        27.31,
        111.0,
        567.12,
        546.62
      ],
      "score": 0.9038000106811523
    },
    {
      "id": 2,
      "part": "Rear lamp(R)",
      "class_id": 8,
      "bbox": [
        483.12,
        58.07,
        715.94,
        350.24
      ],
      "score": 0.16110000014305115
    }
  ]
}