{
  "image_path": "C:\\Users\\swu\\Desktop\\sample\\part_sample_17190\\1.원천데이터\\part\\0000322_as-2668505.jpg",
  "parts": [
    {
      "id": 1,
      "part": "Front fender(L)",
      "class_id": 10,
      "bbox": [
        458.01361083984375,
        10.928077697753906,
        613.0206298828125,
        412.51287841796875
      ],
      "score": 0.9322679042816162
    },
    {
      "id": 2,
      "part": "Front fender(R)",
      "class_id": 11,
      "bbox": [
        193.45303344726562,
        0.0,
        475.494873046875,
        518.1339111328125
      ],
      "score": 0.321969211101532
    },
    {
      "id": 3,
      "part": "Front fender(L)",
      "class_id": 10,
      "bbox": [
        184.00759887695312,
        0.0,
        475.3271179199219,
        547.1727905273438
      ],
      "score": 0.3053007423877716
    }
  ]
}