{
  "image_path": "C:\\Users\\swu\\Desktop\\sample\\part_sample_10000\\1.원천데이터\\part\\0000357_as-0061741.jpg",
  "image_size": {
    "width": 1024,
    "height": 768
  },
  "parts": [
    {
      "id": 1,
      "part": "Rear lamp(L)",
      "class_id": 7,
      "bbox": [
        253.31,
        301.55,
        860.72,
        700.14
      ],
      "score": 0.9441999793052673
    },
    {
      "id": 2,
      "part": "Front fender(R)",
      "class_id": 11,
      "bbox": [
        0.0,
        0.0,
        226.23,
        513.41
      ],
      "score": 0.46149998903274536
    }
  ]
}