{
  "image_path": "C:\\Users\\swu\\Desktop\\sample\\part_sample_17190\\1.원천데이터\\part\\0000156_as-0026634.jpg",
  "parts": [
    {
      "id": 1,
      "part": "Rear door(L)",
      "class_id": 16,
      "bbox": [
        337.98065185546875,
        117.0176010131836,
        671.2487182617188,
        406.11669921875
      ],
      "score": 0.900593638420105
    },
    {
      "id": 2,
      "part": "Front fender(R)",
      "class_id": 11,
      "bbox": [
        126.89838409423828,
        0.261993408203125,
        505.93072509765625,
        430.04669189453125
      ],
      "score": 0.7941382527351379
    }
  ]
}