{
  "image_path": "C:\\Users\\swu\\Desktop\\sample\\part_sample_17190\\1.원천데이터\\part\\0000037_as-0096878.jpg",
  "parts": [
    {
      "id": 1,
      "part": "Front bumper",
      "class_id": 0,
      "bbox": [
        128.31283569335938,
        201.429931640625,
        655.5545654296875,
        390.20428466796875
      ],
      "score": 0.44215866923332214
    },
    {
      "id": 2,
      "part": "Rear lamp(R)",
      "class_id": 8,
      "bbox": [
        4.982967376708984,
        152.25213623046875,
        198.0693359375,
        298.8858642578125
      ],
      "score": 0.2987756133079529
    }
  ]
}