{
  "image_path": "C:\\Users\\swu\\Desktop\\sample\\part_sample_10000\\1.원천데이터\\part\\0000562_as-0058093.jpg",
  "image_size": {
    "width": 800,
    "height": 600
  },
  "parts": [
    {
      "id": 1,
      "part": "Front bumper",
      "class_id": 0,
      "bbox": [
        0.0,
        91.66,
        693.61,
        508.43
      ],
      "score": 0.9200000166893005
    },
    {
      "id": 2,
      "part": "Rear lamp(R)",
      "class_id": 8,
      "bbox": [
        606.79,
        0.72,
        794.19,
        304.13
      ],
      "score": 0.4747999906539917
    }
  ]
}