{
  "image_path": "C:\\Users\\swu\\Desktop\\sample\\part_sample_10000\\1.원천데이터\\part\\0000905_as-0078706.jpg",
  "image_size": {
    "width": 800,
    "height": 600
  },
  "parts": [
    {
      "id": 1,
      "part": "Roof",
      "class_id": 5,
      "bbox": [
        314.65,
        79.29,
        757.0,
        355.88
      ],
      "score": 0.9645000100135803
    },
    {
      "id": 2,
      "part": "Rear lamp(L)",
      "class_id": 7,
      "bbox": [
        155.87,
        217.67,
        762.82,
        539.95
      ],
      "score": 0.6165000200271606
    }
  ]
}