{
  "image_path": "C:\\Users\\swu\\Desktop\\sample\\part_sample_10000\\1.원천데이터\\part\\0000623_sc-134627.jpg",
  "image_size": {
    "width": 800,
    "height": 600
  },
  "parts": [
    {
      "id": 1,
      "part": "Head lights(L)",
      "class_id": 1,
      "bbox": [
        0.79,
        213.49,
        707.04,
        419.37
      ],
      "score": 0.710099995136261
    },
    {
      "id": 2,
      "part": "Front bumper",
      "class_id": 0,
      "bbox": [
        0.0,
        116.2,
        723.5,
        598.23
      ],
      "score": 0.3682999908924103
    }
  ]
}