{
  "image_path": "C:\\Users\\swu\\Desktop\\sample\\part_sample_10000\\1.원천데이터\\part\\0000341_as-0052574.jpg",
  "image_size": {
    "width": 800,
    "height": 600
  },
  "parts": [
    {
      "id": 1,
      "part": "Front fender(R)",
      "class_id": 11,
      "bbox": [
        460.48,
        76.5,
        717.77,
        480.31
      ],
      "score": 0.8867999911308289
    },
    {
      "id": 2,
      "part": "Front fender(L)",
      "class_id": 10,
      "bbox": [
        67.4,
        64.08,
        504.0,
        563.8
      ],
      "score": 0.7157999873161316
    },
    {
      "id": 3,
      "part": "Rear door(L)",
      "class_id": 16,
      "bbox": [
        669.88,
        216.03,
        799.97,
        438.7
      ],
      "score": 0.5615000128746033
    },
    {
      "id": 4,
      "part": "Rear door(L)",
      "class_id": 16,
      "bbox": [
        0.12,
        201.72,
        119.41,
        583.41
      ],
      "score": 0.24150000512599945
    }
  ]
}