{
  "image_path": "C:\\Users\\swu\\Desktop\\sample\\part_sample_10000\\1.원천데이터\\part\\0000776_as-0049741.jpg",
  "image_size": {
    "width": 800,
    "height": 600
  },
  "parts": [
    {
      "id": 1,
      "part": "Head lights(R)",
      "class_id": 2,
      "bbox": [
        63.25,
        39.76,
        669.92,
        230.67
      ],
      "score": 0.9369999766349792
    },
    {
      "id": 2,
      "part": "Front bumper",
      "class_id": 0,
      "bbox": [
        160.6,
        138.54,
        723.74,
        600.0
      ],
      "score": 0.8270000219345093
    },
    {
      "id": 3,
      "part": "Head lights(L)",
      "class_id": 1,
      "bbox": [
        144.83,
        187.85,
        588.91,
        388.71
      ],
      "score": 0.31139999628067017
    },
    {
      "id": 4,
      "part": "Rear lamp(R)",
      "class_id": 8,
      "bbox": [
        0.19,
        84.7,
        313.38,
        472.61
      ],
      "score": 0.23890000581741333
    }
  ]
}