{
  "image_path": "C:\\Users\\swu\\Desktop\\sample\\part_sample_17190\\1.원천데이터\\part\\0000636_as-0085509.jpg",
  "parts": [
    {
      "id": 1,
      "part": "Head lights(R)",
      "class_id": 2,
      "bbox": [
        149.40673828125,
        135.85826110839844,
        627.6055908203125,
        299.3081970214844
      ],
      "score": 0.9515695571899414
    },
    {
      "id": 2,
      "part": "Front bumper",
      "class_id": 0,
      "bbox": [
        108.59977722167969,
        255.85415649414062,
        597.2742309570312,
        509.7166748046875
      ],
      "score": 0.7899854183197021
    }
  ]
}