{
  "image_path": "C:\\Users\\swu\\Desktop\\sample\\part_sample_10000\\1.원천데이터\\part\\0000923_as-0081081.jpg",
  "image_size": {
    "width": 800,
    "height": 600
  },
  "parts": [
    {
      "id": 1,
      "part": "Front bumper",
      "class_id": 0,
      "bbox": [
        76.21,
        243.28,
        494.69,
        516.54
      ],
      "score": 0.8238999843597412
    },
    {
      "id": 2,
      "part": "Rear lamp(L)",
      "class_id": 7,
      "bbox": [
        724.22,
        329.13,
        799.96,
        590.5
      ],
      "score": 0.5848000049591064
    }
  ]
}