{
  "image_path": "C:\\Users\\swu\\Desktop\\sample\\part_sample_10000\\1.원천데이터\\part\\0000773_as-0049741.jpg",
  "image_size": {
    "width": 800,
    "height": 600
  },
  "parts": [
    {
      "id": 1,
      "part": "Head lights(R)",
      "class_id": 2,
      "bbox": [
        99.65,
        157.04,
        491.59,
        278.09
      ],
      "score": 0.974399983882904
    },
    {
      "id": 2,
      "part": "Front bumper",
      "class_id": 0,
      "bbox": [
        70.28,
        224.8,
        446.57,
        539.62
      ],
      "score": 0.9491000175476074
    },
    {
      "id": 3,
      "part": "Side mirror(L)",
      "class_id": 12,
      "bbox": [
        563.76,
        313.47,
        787.89,
        439.55
      ],
      "score": 0.604200005531311
    }
  ]
}