{
  "image_path": "C:\\Users\\swu\\Desktop\\sample\\part_sample_17190\\1.원천데이터\\part\\0000054_as-0082746.jpg",
  "parts": [
    {
      "id": 1,
      "part": "Rocker panel(L)",
      "class_id": 18,
      "bbox": [
        130.4532012939453,
        151.6574249267578,
        531.9818115234375,
        491.5296936035156
      ],
      "score": 0.7074698805809021
    },
    {
      "id": 2,
      "part": "Rear lamp(L)",
      "class_id": 7,
      "bbox": [
        0.13805389404296875,
        0.0,
        200.96905517578125,
        338.0938720703125
      ],
      "score": 0.32703453302383423
    }
  ]
}