{
  "image_path": "C:\\Users\\swu\\Desktop\\sample\\part_sample_17190\\1.원천데이터\\part\\0000415_sc-133902.jpg",
  "parts": [
    {
      "id": 1,
      "part": "Head lights(L)",
      "class_id": 1,
      "bbox": [
        163.05767822265625,
        183.3975830078125,
        493.13275146484375,
        317.3858947753906
      ],
      "score": 0.8358463048934937
    },
    {
      "id": 2,
      "part": "Front bumper",
      "class_id": 0,
      "bbox": [
        148.5326385498047,
        89.98889923095703,
        470.61187744140625,
        542.3841552734375
      ],
      "score": 0.7499347925186157
    },
    {
      "id": 3,
      "part": "Rear lamp(R)",
      "class_id": 8,
      "bbox": [
        310.3677978515625,
        11.279525756835938,
        799.9895629882812,
        491.916259765625
      ],
      "score": 0.2709853947162628
    }
  ]
}