{
  "image_path": "C:\\Users\\swu\\Desktop\\sample\\part_sample_10000\\1.원천데이터\\part\\0000526_as-0081945.jpg",
  "image_size": {
    "width": 800,
    "height": 600
  },
  "parts": [
    {
      "id": 1,
      "part": "Front bumper",
      "class_id": 0,
      "bbox": [
        431.42,
        294.44,
        767.86,
        549.77
      ],
      "score": 0.9368000030517578
    },
    {
      "id": 2,
      "part": "Rear lamp(R)",
      "class_id": 8,
      "bbox": [
        266.13,
        239.94,
        535.04,
        433.47
      ],
      "score": 0.19200000166893005
    }
  ]
}