{
  "image_path": "C:\\Users\\swu\\Desktop\\sample\\part_sample_17190\\1.원천데이터\\part\\0000372_as-0061741.jpg",
  "parts": [
    {
      "id": 1,
      "part": "Rear lamp(L)",
      "class_id": 7,
      "bbox": [
        76.38211822509766,
        281.530029296875,
        366.73468017578125,
        636.8934326171875
      ],
      "score": 0.8096660375595093
    },
    {
      "id": 2,
      "part": "Rear door(L)",
      "class_id": 16,
      "bbox": [
        142.9211883544922,
        109.02876281738281,
        829.4302978515625,
        705.9154663085938
      ],
      "score": 0.7366845011711121
    }
  ]
}