{
  "image_path": "C:\\Users\\swu\\Desktop\\sample\\part_sample_17190\\1.원천데이터\\part\\0000905_as-0078706.jpg",
  "parts": [
    {
      "id": 1,
      "part": "Roof",
      "class_id": 5,
      "bbox": [
        316.0516357421875,
        84.0096664428711,
        757.2288818359375,
        356.14544677734375
      ],
      "score": 0.8374524712562561
    },
    {
      "id": 2,
      "part": "Rear lamp(L)",
      "class_id": 7,
      "bbox": [
        155.2111053466797,
        215.87890625,
        761.6588134765625,
        540.9599609375
      ],
      "score": 0.5747314095497131
    }
  ]
}