{
  "image_path": "C:\\Users\\swu\\Desktop\\sample\\part_sample_17190\\1.원천데이터\\part\\0000492_as-0037513.jpg",
  "parts": [
    {
      "id": 1,
      "part": "Front bumper",
      "class_id": 0,
      "bbox": [
        7.3138427734375,
        157.49534606933594,
        485.3672790527344,
        494.3754577636719
      ],
      "score": 0.9284783601760864
    },
    {
      "id": 2,
      "part": "Rear lamp(R)",
      "class_id": 8,
      "bbox": [
        326.24267578125,
        130.75030517578125,
        616.0576171875,
        370.34210205078125
      ],
      "score": 0.5429921746253967
    },
    {
      "id": 3,
      "part": "Head lights(L)",
      "class_id": 1,
      "bbox": [
        113.089599609375,
        249.78866577148438,
        435.36279296875,
        335.11956787109375
      ],
      "score": 0.25204014778137207
    }
  ]
}