{
  "image_path": "C:\\Users\\swu\\Desktop\\sample\\part_sample_17190\\1.원천데이터\\part\\0000895_as-0007999.jpg",
  "parts": [
    {
      "id": 1,
      "part": "Rear lamp(L)",
      "class_id": 7,
      "bbox": [
        168.0703887939453,
        259.73687744140625,
        639.4163818359375,
        482.45941162109375
      ],
      "score": 0.9612491726875305
    },
    {
      "id": 2,
      "part": "Trunk lid",
      "class_id": 6,
      "bbox": [
        507.71905517578125,
        199.76539611816406,
        638.7093505859375,
        297.55792236328125
      ],
      "score": 0.7103767991065979
    },
    {
      "id": 3,
      "part": "Trunk lid",
      "class_id": 6,
      "bbox": [
        167.86338806152344,
        203.07162475585938,
        300.3115234375,
        299.3934631347656
      ],
      "score": 0.4061358571052551
    }
  ]
}