{
  "image_path": "C:\\Users\\swu\\Desktop\\sample\\part_sample_10000\\1.원천데이터\\part\\0000349_as-0000088.jpg",
  "image_size": {
    "width": 800,
    "height": 1067
  },
  "parts": [
    {
      "id": 1,
      "part": "Rear lamp(L)",
      "class_id": 7,
      "bbox": [
        4.86,
        356.52,
        765.92,
        647.08
      ],
      "score": 0.9452000260353088
    },
    {
      "id": 2,
      "part": "Roof",
      "class_id": 5,
      "bbox": [
        21.77,
        186.16,
        696.93,
        505.79
      ],
      "score": 0.2551000118255615
    },
    {
      "id": 3,
      "part": "Trunk lid",
      "class_id": 6,
      "bbox": [
        4.28,
        274.76,
        186.31,
        399.6
      ],
      "score": 0.21559999883174896
    }
  ]
}