{
  "image_path": "C:\\Users\\swu\\Desktop\\sample\\part_sample_17190\\1.원천데이터\\part\\0000042_as-0096878.jpg",
  "parts": [
    {
      "id": 1,
      "part": "Head lights(R)",
      "class_id": 2,
      "bbox": [
        193.49205017089844,
        48.77128601074219,
        800.0,
        194.941162109375
      ],
      "score": 0.896388590335846
    },
    {
      "id": 2,
      "part": "Front bumper",
      "class_id": 0,
      "bbox": [
        181.44268798828125,
        121.8113784790039,
        388.55255126953125,
        250.37376403808594
      ],
      "score": 0.8306447863578796
    },
    {
      "id": 3,
      "part": "Front bumper",
      "class_id": 0,
      "bbox": [
        103.24751281738281,
        118.70052337646484,
        706.6818237304688,
        409.216796875
      ],
      "score": 0.44879722595214844
    }
  ]
}