{
  "image_path": "C:\\Users\\swu\\Desktop\\sample\\part_sample_17190\\1.원천데이터\\part\\0000860_sc-182997.jpg",
  "parts": [
    {
      "id": 1,
      "part": "Front bumper",
      "class_id": 0,
      "bbox": [
        48.89564514160156,
        163.76910400390625,
        500.51202392578125,
        489.8452453613281
      ],
      "score": 0.9381872415542603
    },
    {
      "id": 2,
      "part": "Side mirror(R)",
      "class_id": 13,
      "bbox": [
        549.7338256835938,
        0.0,
        641.6842651367188,
        126.65343475341797
      ],
      "score": 0.3676462173461914
    }
  ]
}