{
  "image_path": "C:\\Users\\swu\\Desktop\\sample\\part_sample_17190\\1.원천데이터\\part\\0000714_as-0066312.jpg",
  "parts": [
    {
      "id": 1,
      "part": "Rear lamp(L)",
      "class_id": 7,
      "bbox": [
        395.5728759765625,
        172.59803771972656,
        786.8612670898438,
        539.2646484375
      ],
      "score": 0.8828675150871277
    },
    {
      "id": 2,
      "part": "Rear door(L)",
      "class_id": 16,
      "bbox": [
        140.76007080078125,
        0.0,
        639.259521484375,
        383.3369140625
      ],
      "score": 0.40638992190361023
    }
  ]
}