{
  "image_path": "C:\\Users\\swu\\Desktop\\sample\\part_sample_10000\\1.원천데이터\\part\\0000631_as-3301283.jpg",
  "image_size": {
    "width": 800,
    "height": 600
  },
  "parts": [
    {
      "id": 1,
      "part": "Front bumper",
      "class_id": 0,
      "bbox": [
        121.8,
        141.49,
        729.35,
        490.06
      ],
      "score": 0.9490000009536743
    },
    {
      "id": 2,
      "part": "Head lights(R)",
      "class_id": 2,
      "bbox": [
        99.01,
        51.53,
        696.68,
        151.0
      ],
      "score": 0.8034999966621399
    }
  ]
}