{
  "image_path": "C:\\Users\\swu\\Desktop\\sample\\part_sample_10000\\1.원천데이터\\part\\0000015_as-0031772.jpg",
  "image_size": {
    "width": 800,
    "height": 600
  },
  "parts": [
    {
      "id": 1,
      "part": "Roof",
      "class_id": 5,
      "bbox": [
        311.02,
        172.46,
        685.07,
        442.48
      ],
      "score": 0.6913999915122986
    },
    {
      "id": 2,
      "part": "Rear lamp(L)",
      "class_id": 7,
      "bbox": [
        118.28,
        266.82,
        693.32,
        579.37
      ],
      "score": 0.5490999817848206
    }
  ]
}