{
  "image_path": "C:\\Users\\swu\\Desktop\\sample\\part_sample_10000\\1.원천데이터\\part\\0000322_as-2668505.jpg",
  "image_size": {
    "width": 800,
    "height": 600
  },
  "parts": [
    {
      "id": 1,
      "part": "Front fender(L)",
      "class_id": 10,
      "bbox": [
        458.92,
        14.17,
        613.28,
        413.69
      ],
      "score": 0.96670001745224
    },
    {
      "id": 2,
      "part": "Front fender(R)",
      "class_id": 11,
      "bbox": [
        204.26,
        1.18,
        477.48,
        542.19
      ],
      "score": 0.6748999953269958
    }
  ]
}