{
  "image_path": "C:\\Users\\swu\\Desktop\\sample\\part_sample_10000\\1.원천데이터\\part\\0000364_as-0061741.jpg",
  "image_size": {
    "width": 1024,
    "height": 768
  },
  "parts": [
    {
      "id": 1,
      "part": "Rear lamp(R)",
      "class_id": 8,
      "bbox": [
        12.38,
        178.19,
        564.62,
        638.98
      ],
      "score": 0.6190999746322632
    },
    {
      "id": 2,
      "part": "Rear bumper",
      "class_id": 9,
      "bbox": [
        604.34,
        128.13,
        797.45,
        285.9
      ],
      "score": 0.4417000114917755
    },
    {
      "id": 3,
      "part": "Front fender(L)",
      "class_id": 10,
      "bbox": [
        502.42,
        0.55,
        1023.62,
        764.28
      ],
      "score": 0.18960000574588776
    }
  ]
}