{
  "image_path": "C:\\Users\\swu\\Desktop\\sample\\part_sample_17190\\1.원천데이터\\part\\0000400_as-0055160.jpg",
  "parts": [
    {
      "id": 1,
      "part": "Rear lamp(R)",
      "class_id": 8,
      "bbox": [
        573.7164916992188,
        33.988914489746094,
        773.51171875,
        370.824951171875
      ],
      "score": 0.7620981335639954
    },
    {
      "id": 2,
      "part": "Front bumper",
      "class_id": 0,
      "bbox": [
        15.72418212890625,
        276.2691650390625,
        688.7935791015625,
        600.0
      ],
      "score": 0.6209489703178406
    }
  ]
}