{
  "image_path": "C:\\Users\\swu\\Desktop\\sample\\part_sample_17190\\1.원천데이터\\part\\0000334_as-0065081.jpg",
  "parts": [
    {
      "id": 1,
      "part": "Rear door(L)",
      "class_id": 16,
      "bbox": [
        153.48399353027344,
        153.563720703125,
        912.9215087890625,
        590.5723876953125
      ],
      "score": 0.9255596399307251
    },
    {
      "id": 2,
      "part": "Rear lamp(L)",
      "class_id": 7,
      "bbox": [
        558.0313720703125,
        319.0655212402344,
        953.2960205078125,
        647.8757934570312
      ],
      "score": 0.8969845771789551
    },
    {
      "id": 3,
      "part": "Rocker panel(L)",
      "class_id": 18,
      "bbox": [
        250.1770782470703,
        420.273193359375,
        608.67431640625,
        762.8519287109375
      ],
      "score": 0.31226083636283875
    }
  ]
}