{
  "image_path": "C:\\Users\\swu\\Desktop\\sample\\part_sample_17190\\1.원천데이터\\part\\0000084_sc-108575.jpg",
  "parts": [
    {
      "id": 1,
      "part": "Rear lamp(L)",
      "class_id": 7,
      "bbox": [
        435.0904541015625,
        190.62496948242188,
        726.7819213867188,
        588.2571411132812
      ],
      "score": 0.8982462882995605
    },
    {
      "id": 2,
      "part": "Roof",
      "class_id": 5,
      "bbox": [
        461.1784973144531,
        58.529762268066406,
        718.0389404296875,
        358.95477294921875
      ],
      "score": 0.7710095643997192
    }
  ]
}