{
  "image_path": "C:\\Users\\swu\\Desktop\\sample\\part_sample_17190\\1.원천데이터\\part\\0000623_sc-134627.jpg",
  "parts": [
    {
      "id": 1,
      "part": "Head lights(L)",
      "class_id": 1,
      "bbox": [
        2.2713470458984375,
        214.8626708984375,
        702.73779296875,
        420.06719970703125
      ],
      "score": 0.6535397171974182
    },
    {
      "id": 2,
      "part": "Front bumper",
      "class_id": 0,
      "bbox": [
        0.0,
        63.0853271484375,
        761.2218017578125,
        600.0
      ],
      "score": 0.49804064631462097
    }
  ]
}