{
  "image_path": "C:\\Users\\swu\\Desktop\\sample\\part_sample_17190\\1.원천데이터\\part\\0000024_sc-203122.jpg",
  "parts": [
    {
      "id": 1,
      "part": "Front bumper",
      "class_id": 0,
      "bbox": [
        499.42449951171875,
        343.9185791015625,
        637.85693359375,
        649.9103393554688
      ],
      "score": 0.8183571696281433
    },
    {
      "id": 2,
      "part": "Rear lamp(R)",
      "class_id": 8,
      "bbox": [
        49.294166564941406,
        381.528076171875,
        554.2678833007812,
        839.1837768554688
      ],
      "score": 0.6502846479415894
    }
  ]
}