{
  "image_path": "C:\\Users\\swu\\Desktop\\sample\\part_sample_17190\\1.원천데이터\\part\\0000038_as-0096878.jpg",
  "parts": [
    {
      "id": 1,
      "part": "Head lights(R)",
      "class_id": 2,
      "bbox": [
        26.66362762451172,
        116.22283935546875,
        567.521240234375,
        220.13790893554688
      ],
      "score": 0.8452211618423462
    },
    {
      "id": 2,
      "part": "Front bumper",
      "class_id": 0,
      "bbox": [
        455.584716796875,
        179.60162353515625,
        589.9728393554688,
        262.9599304199219
      ],
      "score": 0.7750079035758972
    },
    {
      "id": 3,
      "part": "Front bumper",
      "class_id": 0,
      "bbox": [
        253.45335388183594,
        168.08926391601562,
        637.407958984375,
        393.93353271484375
      ],
      "score": 0.5915033221244812
    }
  ]
}