{
  "image_path": "C:\\Users\\swu\\Desktop\\sample\\part_sample_10000\\1.원천데이터\\part\\0000176_sc-153567.jpg",
  "image_size": {
    "width": 800,
    "height": 600
  },
  "parts": [
    {
      "id": 1,
      "part": "Front bumper",
      "class_id": 0,
      "bbox": [
        41.75,
        226.81,
        742.39,
        540.69
      ],
      "score": 0.95169997215271
    },
    {
      "id": 2,
      "part": "Head lights(R)",
      "class_id": 2,
      "bbox": [
        66.16,
        77.97,
        725.91,
        234.7
      ],
      "score": 0.8730000257492065
    }
  ]
}