{
  "image_path": "C:\\Users\\swu\\Desktop\\sample\\part_sample_17190\\1.원천데이터\\part\\0000434_sc-164159.jpg",
  "parts": [
    {
      "id": 1,
      "part": "Rear lamp(R)",
      "class_id": 8,
      "bbox": [
        167.0262908935547,
        128.1421661376953,
        702.9310302734375,
        461.14495849609375
      ],
      "score": 0.9680089950561523
    },
    {
      "id": 2,
      "part": "Front bumper",
      "class_id": 0,
      "bbox": [
        1.1108016967773438,
        125.4864501953125,
        401.50982666015625,
        541.6339111328125
      ],
      "score": 0.7420219779014587
    }
  ]
}