{
  "image_path": "C:\\Users\\swu\\Desktop\\sample\\part_sample_17190\\1.원천데이터\\part\\0000795_sc-1038002.jpg",
  "parts": [
    {
      "id": 1,
      "part": "Front fender(L)",
      "class_id": 10,
      "bbox": [
        494.3043518066406,
        74.8529052734375,
        684.856689453125,
        401.5232849121094
      ],
      "score": 0.3884645104408264
    },
    {
      "id": 2,
      "part": "Front bumper",
      "class_id": 0,
      "bbox": [
        0.0,
        211.37921142578125,
        363.7032470703125,
        531.9879760742188
      ],
      "score": 0.3413158357143402
    }
  ]
}