{
  "image_path": "C:\\Users\\swu\\Desktop\\sample\\part_sample_10000\\1.원천데이터\\part\\0000844_sc-125479.jpg",
  "image_size": {
    "width": 960,
    "height": 720
  },
  "parts": [
    {
      "id": 1,
      "part": "Head lights(R)",
      "class_id": 2,
      "bbox": [
        44.4,
        168.07,
        919.46,
        335.76
      ],
      "score": 0.9279000163078308
    },
    {
      "id": 2,
      "part": "Front bumper",
      "class_id": 0,
      "bbox": [
        9.68,
        285.64,
        933.46,
        720.0
      ],
      "score": 0.9054999947547913
    }
  ]
}