{
  "image_path": "C:\\Users\\swu\\Desktop\\sample\\part_sample_10000\\1.원천데이터\\part\\0000054_as-0082746.jpg",
  "image_size": {
    "width": 800,
    "height": 600
  },
  "parts": [
    {
      "id": 1,
      "part": "Rocker panel(L)",
      "class_id": 18,
      "bbox": [
        130.33,
        151.4,
        530.94,
        490.76
      ],
      "score": 0.9413999915122986
    },
    {
      "id": 2,
      "part": "Rear lamp(L)",
      "class_id": 7,
      "bbox": [
        0.05,
        0.64,
        201.34,
        338.36
      ],
      "score": 0.6460000276565552
    }
  ]
}