{
  "image_path": "C:\\Users\\swu\\Desktop\\sample\\part_sample_10000\\1.원천데이터\\part\\0000123_as-0038448.jpg",
  "image_size": {
    "width": 800,
    "height": 600
  },
  "parts": [
    {
      "id": 1,
      "part": "Rear lamp(L)",
      "class_id": 7,
      "bbox": [
        338.69,
        327.6,
        701.96,
        502.56
      ],
      "score": 0.661899983882904
    },
    {
      "id": 2,
      "part": "Rear door(L)",
      "class_id": 16,
      "bbox": [
        243.41,
        217.87,
        516.76,
        398.95
      ],
      "score": 0.3208000063896179
    }
  ]
}