{
  "image_path": "C:\\Users\\swu\\Desktop\\sample\\part_sample_17190\\1.원천데이터\\part\\0000383_sc-156350.jpg",
  "parts": [
    {
      "id": 1,
      "part": "Front fender(R)",
      "class_id": 11,
      "bbox": [
        205.19345092773438,
        50.61378479003906,
        409.1822509765625,
        422.7317810058594
      ],
      "score": 0.9542999863624573
    },
    {
      "id": 2,
      "part": "Rear door(L)",
      "class_id": 16,
      "bbox": [
        310.09466552734375,
        145.40550231933594,
        555.8020629882812,
        432.6810302734375
      ],
      "score": 0.9138538241386414
    },
    {
      "id": 3,
      "part": "Rear lamp(L)",
      "class_id": 7,
      "bbox": [
        429.453125,
        255.07797241210938,
        714.2110595703125,
        535.2813720703125
      ],
      "score": 0.89069664478302
    }
  ]
}