{
  "image_path": "C:\\Users\\swu\\Desktop\\sample\\part_sample_17190\\1.원천데이터\\part\\0000340_as-0052574.jpg",
  "parts": [
    {
      "id": 1,
      "part": "Front fender(R)",
      "class_id": 11,
      "bbox": [
        436.41485595703125,
        14.152679443359375,
        737.6950073242188,
        495.0185546875
      ],
      "score": 0.9783635139465332
    },
    {
      "id": 2,
      "part": "Front fender(L)",
      "class_id": 10,
      "bbox": [
        0.0,
        0.0,
        477.1102294921875,
        599.9180908203125
      ],
      "score": 0.773601770401001
    },
    {
      "id": 3,
      "part": "Side mirror(L)",
      "class_id": 12,
      "bbox": [
        0.165557861328125,
        445.54901123046875,
        671.9345092773438,
        599.7586669921875
      ],
      "score": 0.31228336691856384
    }
  ]
}