{
  "image_path": "C:\\Users\\swu\\Desktop\\sample\\part_sample_17190\\1.원천데이터\\part\\0000320_as-3288847.jpg",
  "parts": [
    {
      "id": 1,
      "part": "Rear lamp(R)",
      "class_id": 8,
      "bbox": [
        256.0887451171875,
        61.007843017578125,
        561.0210571289062,
        571.8740234375
      ],
      "score": 0.8407662510871887
    },
    {
      "id": 2,
      "part": "Head lights(L)",
      "class_id": 1,
      "bbox": [
        0.0,
        191.99310302734375,
        360.3858642578125,
        600.0
      ],
      "score": 0.7135010361671448
    }
  ]
}