{
  "image_path": "C:\\Users\\swu\\Desktop\\sample\\part_sample_17190\\1.원천데이터\\part\\0000773_as-0049741.jpg",
  "parts": [
    {
      "id": 1,
      "part": "Head lights(R)",
      "class_id": 2,
      "bbox": [
        100.9555435180664,
        156.45553588867188,
        492.35546875,
        279.2122802734375
      ],
      "score": 0.9461040496826172
    },
    {
      "id": 2,
      "part": "Front bumper",
      "class_id": 0,
      "bbox": [
        68.55049133300781,
        227.61953735351562,
        447.59002685546875,
        548.3794555664062
      ],
      "score": 0.9448865056037903
    },
    {
      "id": 3,
      "part": "Side mirror(L)",
      "class_id": 12,
      "bbox": [
        563.500732421875,
        313.6526794433594,
        786.0739135742188,
        439.5425720214844
      ],
      "score": 0.6480779647827148
    }
  ]
}