{
  "image_path": "C:\\Users\\swu\\Desktop\\sample\\part_sample_10000\\1.원천데이터\\part\\0000306_as-2614413.jpg",
  "image_size": {
    "width": 800,
    "height": 600
  },
  "parts": [
    {
      "id": 1,
      "part": "Rear door(R)",
      "class_id": 17,
      "bbox": [
        167.21,
        113.21,
        481.38,
        528.75
      ],
      "score": 0.7120000123977661
    },
    {
      "id": 2,
      "part": "Front bumper",
      "class_id": 0,
      "bbox": [
        401.63,
        8.07,
        799.98,
        513.77
      ],
      "score": 0.588100016117096
    }
  ]
}