{
  "image_path": "C:\\Users\\swu\\Desktop\\sample\\part_sample_17190\\1.원천데이터\\part\\0000331_as-0065081.jpg",
  "parts": [
    {
      "id": 1,
      "part": "Rear door(L)",
      "class_id": 16,
      "bbox": [
        229.47593688964844,
        219.37295532226562,
        769.831787109375,
        554.0778198242188
      ],
      "score": 0.9313249588012695
    },
    {
      "id": 2,
      "part": "Rear lamp(L)",
      "class_id": 7,
      "bbox": [
        523.21435546875,
        327.3975524902344,
        808.8634033203125,
        573.2555541992188
      ],
      "score": 0.7801656723022461
    }
  ]
}