{
  "image_path": "C:\\Users\\swu\\Desktop\\sample\\part_sample_10000\\1.원천데이터\\part\\0000437_sc-164159.jpg",
  "image_size": {
    "width": 800,
    "height": 600
  },
  "parts": [
    {
      "id": 1,
      "part": "Front bumper",
      "class_id": 0,
      "bbox": [
        178.69,
        224.73,
        670.79,
        475.67
      ],
      "score": 0.9544000029563904
    },
    {
      "id": 2,
      "part": "Rear lamp(R)",
      "class_id": 8,
      "bbox": [
        576.14,
        146.47,
        723.78,
        343.14
      ],
      "score": 0.8077999949455261
    }
  ]
}