{
  "image_path": "C:\\Users\\swu\\Desktop\\sample\\part_sample_10000\\1.원천데이터\\part\\0000871_as-2680547.jpg",
  "image_size": {
    "width": 800,
    "height": 600
  },
  "parts": [
    {
      "id": 1,
      "part": "Front bumper",
      "class_id": 0,
      "bbox": [
        277.98,
        225.8,
        672.53,
        494.25
      ],
      "score": 0.946399986743927
    },
    {
      "id": 2,
      "part": "Head lights(R)",
      "class_id": 2,
      "bbox": [
        184.95,
        136.11,
        660.92,
        271.8
      ],
      "score": 0.7164000272750854
    }
  ]
}