{
  "image_path": "C:\\Users\\swu\\Desktop\\sample\\part_sample_10000\\1.원천데이터\\part\\0000753_as-0092299.jpg",
  "image_size": {
    "width": 800,
    "height": 600
  },
  "parts": [
    {
      "id": 1,
      "part": "Front fender(R)",
      "class_id": 11,
      "bbox": [
        516.09,
        136.9,
        646.5,
        404.93
      ],
      "score": 0.8777999877929688
    },
    {
      "id": 2,
      "part": "Front fender(L)",
      "class_id": 10,
      "bbox": [
        596.74,
        138.26,
        704.9,
        366.26
      ],
      "score": 0.8313000202178955
    },
    {
      "id": 3,
      "part": "Rear lamp(L)",
      "class_id": 7,
      "bbox": [
        77.29,
        295.88,
        490.83,
        550.06
      ],
      "score": 0.5924999713897705
    },
    {
      "id": 4,
      "part": "Rear door(L)",
      "class_id": 16,
      "bbox": [
        328.98,
        232.25,
        575.04,
        413.45
      ],
      "score": 0.26489999890327454
    }
  ]
}