{
  "image_path": "C:\\Users\\swu\\Desktop\\sample\\part_sample_10000\\1.원천데이터\\part\\0000718_sc-145751.jpg",
  "image_size": {
    "width": 800,
    "height": 1067
  },
  "parts": [
    {
      "id": 1,
      "part": "Rear lamp(L)",
      "class_id": 7,
      "bbox": [
        187.04,
        390.52,
        642.62,
        900.32
      ],
      "score": 0.9528999924659729
    },
    {
      "id": 2,
      "part": "Rocker panel(L)",
      "class_id": 18,
      "bbox": [
        0.0,
        706.35,
        272.05,
        1004.1
      ],
      "score": 0.32899999618530273
    }
  ]
}