{
  "image_path": "C:\\Users\\swu\\Desktop\\sample\\part_sample_17190\\1.원천데이터\\part\\0000692_as-0039688.jpg",
  "parts": [
    {
      "id": 1,
      "part": "Front fender(L)",
      "class_id": 10,
      "bbox": [
        489.0974426269531,
        41.43714904785156,
        648.3880004882812,
        391.603759765625
      ],
      "score": 0.9055620431900024
    },
    {
      "id": 2,
      "part": "Side mirror(L)",
      "class_id": 12,
      "bbox": [
        458.1497802734375,
        289.78973388671875,
        700.829345703125,
        444.6663818359375
      ],
      "score": 0.6755179762840271
    },
    {
      "id": 3,
      "part": "Front bumper",
      "class_id": 0,
      "bbox": [
        0.4933929443359375,
        231.73934936523438,
        326.6244201660156,
        548.1796875
      ],
      "score": 0.4898318648338318
    },
    {
      "id": 4,
      "part": "Rear lamp(R)",
      "class_id": 8,
      "bbox": [
        169.3659210205078,
        182.37510681152344,
        508.0616760253906,
        396.8555908203125
      ],
      "score": 0.3354068696498871
    }
  ]
}