{
  "image_path": "C:\\Users\\swu\\Desktop\\sample\\part_sample_10000\\1.원천데이터\\part\\0000795_sc-1038002.jpg",
  "image_size": {
    "width": 800,
    "height": 600
  },
  "parts": [
    {
      "id": 1,
      "part": "Front fender(L)",
      "class_id": 10,
      "bbox": [
        494.18,
        73.63,
        683.61,
        398.91
      ],
      "score": 0.7491000294685364
    },
    {
      "id": 2,
      "part": "Front bumper",
      "class_id": 0,
      "bbox": [
        0.06,
        191.45,
        363.92,
        531.35
      ],
      "score": 0.3100999891757965
    },
    {
      "id": 3,
      "part": "Side mirror(L)",
      "class_id": 12,
      "bbox": [
        468.34,
        298.02,
        717.51,
        430.34
      ],
      "score": 0.28859999775886536
    }
  ]
}