{
  "image_path": "C:\\Users\\swu\\Desktop\\sample\\part_sample_10000\\1.원천데이터\\part\\0000899_as-0007999.jpg",
  "image_size": {
    "width": 800,
    "height": 600
  },
  "parts": [
    {
      "id": 1,
      "part": "Rear lamp(L)",
      "class_id": 7,
      "bbox": [
        114.02,
        257.61,
        654.43,
        513.86
      ],
      "score": 0.9502000212669373
    },
    {
      "id": 2,
      "part": "Roof",
      "class_id": 5,
      "bbox": [
        141.34,
        91.45,
        626.17,
        363.64
      ],
      "score": 0.25040000677108765
    },
    {
      "id": 3,
      "part": "Trunk lid",
      "class_id": 6,
      "bbox": [
        514.41,
        189.72,
        653.56,
        298.29
      ],
      "score": 0.18289999663829803
    }
  ]
}