{
  "image_path": "C:\\Users\\swu\\Desktop\\sample\\part_sample_17190\\1.원천데이터\\part\\0000900_as-0007999.jpg",
  "parts": [
    {
      "id": 1,
      "part": "Rear lamp(L)",
      "class_id": 7,
      "bbox": [
        129.3424835205078,
        283.76513671875,
        656.6281127929688,
        536.5684814453125
      ],
      "score": 0.9379643201828003
    },
    {
      "id": 2,
      "part": "Trunk lid",
      "class_id": 6,
      "bbox": [
        521.58154296875,
        225.74722290039062,
        654.6627197265625,
        331.3946533203125
      ],
      "score": 0.5014462471008301
    }
  ]
}