{
  "image_path": "C:\\Users\\swu\\Desktop\\sample\\part_sample_17190\\1.원천데이터\\part\\0000252_as-3202000.jpg",
  "parts": [
    {
      "id": 1,
      "part": "Front bumper",
      "class_id": 0,
      "bbox": [
        27.0550537109375,
        115.12039184570312,
        568.1640625,
        547.4647216796875
      ],
      "score": 0.9128982424736023
    },
    {
      "id": 2,
      "part": "Rear lamp(R)",
      "class_id": 8,
      "bbox": [
        483.9754638671875,
        55.631752014160156,
        717.6165161132812,
        340.05499267578125
      ],
      "score": 0.7655736804008484
    }
  ]
}