{
  "image_path": "C:\\Users\\swu\\Desktop\\sample\\part_sample_17190\\1.원천데이터\\part\\0000679_sc-1024573.jpg",
  "parts": [
    {
      "id": 1,
      "part": "Front bumper",
      "class_id": 0,
      "bbox": [
        82.90245056152344,
        143.80943298339844,
        580.0464477539062,
        440.9285888671875
      ],
      "score": 0.9736104011535645
    },
    {
      "id": 2,
      "part": "Rear lamp(R)",
      "class_id": 8,
      "bbox": [
        500.51788330078125,
        70.14868927001953,
        697.5570068359375,
        305.85321044921875
      ],
      "score": 0.8053600788116455
    },
    {
      "id": 3,
      "part": "Head lights(L)",
      "class_id": 1,
      "bbox": [
        248.12171936035156,
        157.1055450439453,
        541.1219482421875,
        299.169189453125
      ],
      "score": 0.29305267333984375
    }
  ]
}