{
  "image_path": "C:\\Users\\swu\\Desktop\\sample\\part_sample_17190\\1.원천데이터\\part\\0000884_as-0004241.jpg",
  "parts": [
    {
      "id": 1,
      "part": "Rear lamp(L)",
      "class_id": 7,
      "bbox": [
        180.7775115966797,
        237.62997436523438,
        661.7750244140625,
        468.49383544921875
      ],
      "score": 0.9479631185531616
    },
    {
      "id": 2,
      "part": "Rear door(L)",
      "class_id": 16,
      "bbox": [
        155.12545776367188,
        129.37191772460938,
        255.6199951171875,
        343.81683349609375
      ],
      "score": 0.39224565029144287
    }
  ]
}