{
  "image_path": "C:\\Users\\swu\\Desktop\\sample\\part_sample_10000\\1.원천데이터\\part\\0000317_sc-218756.jpg",
  "image_size": {
    "width": 800,
    "height": 600
  },
  "parts": [
    {
      "id": 1,
      "part": "Rear door(R)",
      "class_id": 17,
      "bbox": [
        309.16,
        256.56,
        551.03,
        461.75
      ],
      "score": 0.9585999846458435
    },
    {
      "id": 2,
      "part": "Front fender(L)",
      "class_id": 10,
      "bbox": [
        0.0,
        0.89,
        251.88,
        347.97
      ],
      "score": 0.24050000309944153
    }
  ]
}