{
  "image_path": "C:\\Users\\swu\\Desktop\\sample\\part_sample_17190\\1.원천데이터\\part\\0000258_sc-198884.jpg",
  "parts": [
    {
      "id": 1,
      "part": "Front fender(R)",
      "class_id": 11,
      "bbox": [
        551.543701171875,
        39.88258361816406,
        723.7112426757812,
        418.8371276855469
      ],
      "score": 0.7512192130088806
    },
    {
      "id": 2,
      "part": "Rear lamp(L)",
      "class_id": 7,
      "bbox": [
        66.12823486328125,
        288.87518310546875,
        506.7808532714844,
        576.1398315429688
      ],
      "score": 0.45841652154922485
    }
  ]
}