{
  "image_path": "C:\\Users\\swu\\Desktop\\sample\\part_sample_17190\\1.원천데이터\\part\\0000899_as-0007999.jpg",
  "parts": [
    {
      "id": 1,
      "part": "Rear lamp(L)",
      "class_id": 7,
      "bbox": [
        113.85038757324219,
        258.27423095703125,
        655.2899169921875,
        515.049072265625
      ],
      "score": 0.9651631116867065
    },
    {
      "id": 2,
      "part": "Trunk lid",
      "class_id": 6,
      "bbox": [
        511.855224609375,
        192.5531768798828,
        652.5247802734375,
        298.82073974609375
      ],
      "score": 0.4382927715778351
    },
    {
      "id": 3,
      "part": "Trunk lid",
      "class_id": 6,
      "bbox": [
        114.52290344238281,
        192.02011108398438,
        258.3167724609375,
        304.7366638183594
      ],
      "score": 0.2631092965602875
    }
  ]
}