{
  "image_path": "C:\\Users\\swu\\Desktop\\sample\\part_sample_17190\\1.원천데이터\\part\\0000777_as-0049741.jpg",
  "parts": [
    {
      "id": 1,
      "part": "Head lights(R)",
      "class_id": 2,
      "bbox": [
        7.552947998046875,
        41.58956527709961,
        796.11376953125,
        205.18125915527344
      ],
      "score": 0.9544894695281982
    },
    {
      "id": 2,
      "part": "Front bumper",
      "class_id": 0,
      "bbox": [
        5.0189971923828125,
        202.33474731445312,
        798.9530029296875,
        557.0484619140625
      ],
      "score": 0.9188469648361206
    },
    {
      "id": 3,
      "part": "Head lights(L)",
      "class_id": 1,
      "bbox": [
        671.8944091796875,
        164.26953125,
        791.1524658203125,
        323.00115966796875
      ],
      "score": 0.37850889563560486
    }
  ]
}