{
  "image_path": "C:\\Users\\swu\\Desktop\\sample\\part_sample_17190\\1.원천데이터\\part\\0000317_sc-218756.jpg",
  "parts": [
    {
      "id": 1,
      "part": "Rear door(R)",
      "class_id": 17,
      "bbox": [
        308.8623352050781,
        255.11038208007812,
        550.2611694335938,
        461.30364990234375
      ],
      "score": 0.9182527661323547
    },
    {
      "id": 2,
      "part": "Front bumper",
      "class_id": 0,
      "bbox": [
        500.7456970214844,
        10.833320617675781,
        798.9730834960938,
        422.4306640625
      ],
      "score": 0.2810817360877991
    }
  ]
}