{
  "image_path": "C:\\Users\\swu\\Desktop\\sample\\part_sample_10000\\1.원천데이터\\part\\0000016_as-0031772.jpg",
  "image_size": {
    "width": 800,
    "height": 600
  },
  "parts": [
    {
      "id": 1,
      "part": "Rear lamp(L)",
      "class_id": 7,
      "bbox": [
        80.63,
        290.34,
        727.9,
        567.01
      ],
      "score": 0.8495000004768372
    },
    {
      "id": 2,
      "part": "Roof",
      "class_id": 5,
      "bbox": [
        128.85,
        181.22,
        718.45,
        440.15
      ],
      "score": 0.766700029373169
    }
  ]
}