{
  "image_path": "C:\\Users\\swu\\Desktop\\sample\\part_sample_17190\\1.원천데이터\\part\\0000581_sc-129920.jpg",
  "parts": [
    {
      "id": 1,
      "part": "Rear lamp(L)",
      "class_id": 7,
      "bbox": [
        332.2547912597656,
        171.0687255859375,
        673.02734375,
        521.3464965820312
      ],
      "score": 0.9494197964668274
    },
    {
      "id": 2,
      "part": "Rear door(L)",
      "class_id": 16,
      "bbox": [
        209.12472534179688,
        18.49903106689453,
        373.5601806640625,
        398.70745849609375
      ],
      "score": 0.9220780730247498
    }
  ]
}