{
  "image_path": "C:\\Users\\swu\\Desktop\\sample\\part_sample_17190\\1.원천데이터\\part\\0000713_as-0094034.jpg",
  "parts": [
    {
      "id": 1,
      "part": "Side mirror(L)",
      "class_id": 12,
      "bbox": [
        138.17718505859375,
        217.2906494140625,
        672.5419921875,
        384.1178894042969
      ],
      "score": 0.7747721672058105
    },
    {
      "id": 2,
      "part": "Front fender(L)",
      "class_id": 10,
      "bbox": [
        127.64091491699219,
        0.0,
        503.35064697265625,
        262.494873046875
      ],
      "score": 0.5794682502746582
    }
  ]
}