{
  "image_path": "C:\\Users\\swu\\Desktop\\sample\\part_sample_17190\\1.원천데이터\\part\\0000844_sc-125479.jpg",
  "parts": [
    {
      "id": 1,
      "part": "Front bumper",
      "class_id": 0,
      "bbox": [
        9.051361083984375,
        283.8569030761719,
        910.980224609375,
        720.0
      ],
      "score": 0.9295421838760376
    },
    {
      "id": 2,
      "part": "Head lights(R)",
      "class_id": 2,
      "bbox": [
        46.505767822265625,
        170.98220825195312,
        908.539306640625,
        336.0899658203125
      ],
      "score": 0.7282399535179138
    }
  ]
}