{
  "image_path": "C:\\Users\\swu\\Desktop\\sample\\part_sample_17190\\1.원천데이터\\part\\0000364_as-0061741.jpg",
  "parts": [
    {
      "id": 1,
      "part": "Rear bumper",
      "class_id": 9,
      "bbox": [
        604.4708251953125,
        128.6673126220703,
        796.4000854492188,
        285.7771301269531
      ],
      "score": 0.3506300151348114
    },
    {
      "id": 2,
      "part": "Front bumper",
      "class_id": 0,
      "bbox": [
        0.0,
        284.6501159667969,
        92.29727935791016,
        544.8742065429688
      ],
      "score": 0.2621605694293976
    }
  ]
}