{
  "image_path": "C:\\Users\\swu\\Desktop\\sample\\part_sample_10000\\1.원천데이터\\part\\0000922_as-0036301.jpg",
  "image_size": {
    "width": 800,
    "height": 600
  },
  "parts": [
    {
      "id": 1,
      "part": "Front bumper",
      "class_id": 0,
      "bbox": [
        48.86,
        43.64,
        614.19,
        515.67
      ],
      "score": 0.9312000274658203
    },
    {
      "id": 2,
      "part": "Rear lamp(R)",
      "class_id": 8,
      "bbox": [
        467.28,
        0.46,
        760.85,
        285.07
      ],
      "score": 0.22779999673366547
    },
    {
      "id": 3,
      "part": "Head lights(R)",
      "class_id": 2,
      "bbox": [
        80.47,
        0.26,
        708.26,
        159.69
      ],
      "score": 0.2078000009059906
    }
  ]
}