{
  "image_path": "C:\\Users\\swu\\Desktop\\sample\\part_sample_10000\\1.원천데이터\\part\\0000327_as-0065081.jpg",
  "image_size": {
    "width": 1024,
    "height": 768
  },
  "parts": [
    {
      "id": 1,
      "part": "Rear lamp(L)",
      "class_id": 7,
      "bbox": [
        47.31,
        179.93,
        865.13,
        609.7
      ],
      "score": 0.9591000080108643
    },
    {
      "id": 2,
      "part": "Rear door(L)",
      "class_id": 16,
      "bbox": [
        0.0,
        0.12,
        532.79,
        381.16
      ],
      "score": 0.3156000077724457
    },
    {
      "id": 3,
      "part": "Rocker panel(L)",
      "class_id": 18,
      "bbox": [
        0.0,
        249.62,
        193.54,
        610.2
      ],
      "score": 0.258899986743927
    }
  ]
}