{
  "image_path": "C:\\Users\\swu\\Desktop\\sample\\part_sample_17190\\1.원천데이터\\part\\0000357_as-0061741.jpg",
  "parts": [
    {
      "id": 1,
      "part": "Rear lamp(L)",
      "class_id": 7,
      "bbox": [
        252.49267578125,
        300.6091003417969,
        861.3876953125,
        702.1256713867188
      ],
      "score": 0.9468154907226562
    },
    {
      "id": 2,
      "part": "Rear door(L)",
      "class_id": 16,
      "bbox": [
        10.242968559265137,
        146.44931030273438,
        582.4990234375,
        539.7608642578125
      ],
      "score": 0.32071584463119507
    }
  ]
}