{
  "image_path": "C:\\Users\\swu\\Desktop\\sample\\part_sample_17190\\1.원천데이터\\part\\0000171_as-0035589.jpg",
  "parts": [
    {
      "id": 1,
      "part": "Side mirror(L)",
      "class_id": 12,
      "bbox": [
        223.33518981933594,
        339.75103759765625,
        654.5050048828125,
        579.0526123046875
      ],
      "score": 0.5587314367294312
    },
    {
      "id": 2,
      "part": "Front fender(L)",
      "class_id": 10,
      "bbox": [
        422.99554443359375,
        0.2753448486328125,
        674.1668090820312,
        421.1468505859375
      ],
      "score": 0.42160168290138245
    }
  ]
}