{
  "image_path": "C:\\Users\\swu\\Desktop\\sample\\part_sample_17190\\1.원천데이터\\part\\0000631_as-3301283.jpg",
  "parts": [
    {
      "id": 1,
      "part": "Front bumper",
      "class_id": 0,
      "bbox": [
        123.27490234375,
        139.48056030273438,
        727.5087890625,
        490.36175537109375
      ],
      "score": 0.9411307573318481
    },
    {
      "id": 2,
      "part": "Rear lamp(R)",
      "class_id": 8,
      "bbox": [
        60.11674880981445,
        50.98407745361328,
        193.47975158691406,
        290.2630920410156
      ],
      "score": 0.44706204533576965
    },
    {
      "id": 3,
      "part": "Head lights(R)",
      "class_id": 2,
      "bbox": [
        101.13449096679688,
        51.51397705078125,
        694.5794677734375,
        153.58761596679688
      ],
      "score": 0.4317984879016876
    }
  ]
}