{
  "image_path": "C:\\Users\\swu\\Desktop\\sample\\part_sample_10000\\1.원천데이터\\part\\0000581_sc-129920.jpg",
  "image_size": {
    "width": 800,
    "height": 600
  },
  "parts": [
    {
      "id": 1,
      "part": "Rear lamp(L)",
      "class_id": 7,
      "bbox": [
        331.55,
        171.44,
        673.08,
        521.64
      ],
      "score": 0.9376999735832214
    },
    {
      "id": 2,
      "part": "Rear door(L)",
      "class_id": 16,
      "bbox": [
        210.77,
        6.09,
        368.72,
        395.49
      ],
      "score": 0.727400004863739
    }
  ]
}