{
  "image_path": "C:\\Users\\swu\\Desktop\\sample\\part_sample_10000\\1.원천데이터\\part\\0000895_as-0007999.jpg",
  "image_size": {
    "width": 800,
    "height": 600
  },
  "parts": [
    {
      "id": 1,
      "part": "Rear lamp(L)",
      "class_id": 7,
      "bbox": [
        167.35,
        258.29,
        639.19,
        481.66
      ],
      "score": 0.949400007724762
    },
    {
      "id": 2,
      "part": "Trunk lid",
      "class_id": 6,
      "bbox": [
        505.05,
        195.87,
        639.59,
        295.64
      ],
      "score": 0.260699987411499
    }
  ]
}