{
  "image_path": "C:\\Users\\swu\\Desktop\\sample\\part_sample_10000\\1.원천데이터\\part\\0000416_sc-133902.jpg",
  "image_size": {
    "width": 800,
    "height": 600
  },
  "parts": [
    {
      "id": 1,
      "part": "Rear lamp(R)",
      "class_id": 8,
      "bbox": [
        197.02,
        101.68,
        631.33,
        515.87
      ],
      "score": 0.9491999745368958
    },
    {
      "id": 2,
      "part": "Front bumper",
      "class_id": 0,
      "bbox": [
        156.23,
        221.3,
        274.08,
        433.63
      ],
      "score": 0.7161999940872192
    },
    {
      "id": 3,
      "part": "Head lights(L)",
      "class_id": 1,
      "bbox": [
        166.35,
        164.45,
        292.31,
        237.59
      ],
      "score": 0.7091000080108643
    }
  ]
}