{
  "image_path": "C:\\Users\\swu\\Desktop\\sample\\part_sample_17190\\1.원천데이터\\part\\0000015_as-0031772.jpg",
  "parts": [
    {
      "id": 1,
      "part": "Roof",
      "class_id": 5,
      "bbox": [
        243.28208923339844,
        171.30093383789062,
        683.7564086914062,
        440.6981201171875
      ],
      "score": 0.8943397402763367
    },
    {
      "id": 2,
      "part": "Rear lamp(L)",
      "class_id": 7,
      "bbox": [
        117.39479064941406,
        260.32720947265625,
        692.3016357421875,
        580.2752075195312
      ],
      "score": 0.6252171397209167
    },
    {
      "id": 3,
      "part": "Rear door(L)",
      "class_id": 16,
      "bbox": [
        82.11483001708984,
        191.920654296875,
        249.56802368164062,
        397.85577392578125
      ],
      "score": 0.34826624393463135
    }
  ]
}