{
  "image_path": "C:\\Users\\swu\\Desktop\\sample\\part_sample_17190\\1.원천데이터\\part\\0000871_as-2680547.jpg",
  "parts": [
    {
      "id": 1,
      "part": "Front bumper",
      "class_id": 0,
      "bbox": [
        277.4263916015625,
        225.55413818359375,
        670.808837890625,
        493.77935791015625
      ],
      "score": 0.9340741634368896
    },
    {
      "id": 2,
      "part": "Head lights(R)",
      "class_id": 2,
      "bbox": [
        183.9132080078125,
        137.35687255859375,
        660.9221801757812,
        276.0999755859375
      ],
      "score": 0.906572699546814
    }
  ]
}