{
  "image_path": "C:\\Users\\swu\\Desktop\\sample\\part_sample_17190\\1.원천데이터\\part\\0000018_as-3127933.jpg",
  "parts": [
    {
      "id": 1,
      "part": "Side mirror(L)",
      "class_id": 12,
      "bbox": [
        58.81847381591797,
        377.27362060546875,
        522.6513061523438,
        496.55279541015625
      ],
      "score": 0.8691619634628296
    },
    {
      "id": 2,
      "part": "Rear door(L)",
      "class_id": 16,
      "bbox": [
        484.72467041015625,
        53.6627197265625,
        799.8798217773438,
        460.23284912109375
      ],
      "score": 0.4403921961784363
    }
  ]
}