{
  "image_path": "C:\\Users\\swu\\Desktop\\sample\\part_sample_10000\\1.원천데이터\\part\\0000561_as-0058093.jpg",
  "image_size": {
    "width": 800,
    "height": 600
  },
  "parts": [
    {
      "id": 1,
      "part": "Front bumper",
      "class_id": 0,
      "bbox": [
        257.04,
        23.74,
        706.85,
        594.78
      ],
      "score": 0.9681000113487244
    },
    {
      "id": 2,
      "part": "Rear door(R)",
      "class_id": 17,
      "bbox": [
        0.0,
        171.43,
        360.75,
        600.0
      ],
      "score": 0.41440001130104065
    }
  ]
}