{
  "image_path": "C:\\Users\\swu\\Desktop\\sample\\part_sample_17190\\1.원천데이터\\part\\0000643_as-0065385.jpg",
  "parts": [
    {
      "id": 1,
      "part": "Rear lamp(L)",
      "class_id": 7,
      "bbox": [
        184.50210571289062,
        408.6328125,
        706.7801513671875,
        768.0
      ],
      "score": 0.4695766866207123
    },
    {
      "id": 2,
      "part": "Roof",
      "class_id": 5,
      "bbox": [
        176.2060546875,
        277.8844909667969,
        562.9448852539062,
        601.2418212890625
      ],
      "score": 0.3876778781414032
    }
  ]
}