{
  "image_path": "C:\\Users\\swu\\Desktop\\sample\\part_sample_10000\\1.원천데이터\\part\\0000687_as-0018639.jpg",
  "image_size": {
    "width": 800,
    "height": 600
  },
  "parts": [
    {
      "id": 1,
      "part": "Front bumper",
      "class_id": 0,
      "bbox": [
        61.53,
        136.39,
        659.2,
        537.03
      ],
      "score": 0.949400007724762
    },
    {
      "id": 2,
      "part": "Head lights(L)",
      "class_id": 1,
      "bbox": [
        339.87,
        152.67,
        651.23,
        334.88
      ],
      "score": 0.6105999946594238
    },
    {
      "id": 3,
      "part": "Rear lamp(R)",
      "class_id": 8,
      "bbox": [
        597.27,
        56.74,
        759.87,
        327.91
      ],
      "score": 0.17470000684261322
    }
  ]
}