{
  "image_path": "C:\\Users\\swu\\Desktop\\sample\\part_sample_10000\\1.원천데이터\\part\\0000512_sc-124621.jpg",
  "image_size": {
    "width": 800,
    "height": 600
  },
  "parts": [
    {
      "id": 1,
      "part": "Front bumper",
      "class_id": 0,
      "bbox": [
        23.72,
        187.22,
        797.26,
        517.26
      ],
      "score": 0.8996999859809875
    },
    {
      "id": 2,
      "part": "Head lights(R)",
      "class_id": 2,
      "bbox": [
        63.93,
        30.92,
        777.02,
        199.12
      ],
      "score": 0.5669000148773193
    }
  ]
}