{
  "image_path": "C:\\Users\\swu\\Desktop\\sample\\part_sample_10000\\1.원천데이터\\part\\0000043_as-0096878.jpg",
  "image_size": {
    "width": 800,
    "height": 600
  },
  "parts": [
    {
      "id": 1,
      "part": "Head lights(R)",
      "class_id": 2,
      "bbox": [
        164.43,
        160.86,
        645.35,
        255.67
      ],
      "score": 0.9190999865531921
    },
    {
      "id": 2,
      "part": "Front bumper",
      "class_id": 0,
      "bbox": [
        114.38,
        206.0,
        689.57,
        368.79
      ],
      "score": 0.3111000061035156
    },
    {
      "id": 3,
      "part": "Head lights(L)",
      "class_id": 1,
      "bbox": [
        611.58,
        199.79,
        683.81,
        276.47
      ],
      "score": 0.2062000036239624
    }
  ]
}