{
  "image_path": "C:\\Users\\swu\\Desktop\\sample\\part_sample_10000\\1.원천데이터\\part\\0000100_as-0059752.jpg",
  "image_size": {
    "width": 800,
    "height": 600
  },
  "parts": [
    {
      "id": 1,
      "part": "Rear lamp(L)",
      "class_id": 7,
      "bbox": [
        173.63,
        203.54,
        744.51,
        452.89
      ],
      "score": 0.9118000268936157
    },
    {
      "id": 2,
      "part": "Rear door(L)",
      "class_id": 16,
      "bbox": [
        0.61,
        163.17,
        90.99,
        314.01
      ],
      "score": 0.2718000113964081
    }
  ]
}