{
  "image_path": "C:\\Users\\swu\\Desktop\\sample\\part_sample_17190\\1.원천데이터\\part\\0001150_sc-149689.jpg",
  "parts": [
    {
      "id": 1,
      "part": "Side mirror(L)",
      "class_id": 12,
      "bbox": [
        454.65478515625,
        279.523193359375,
        691.288818359375,
        407.1363525390625
      ],
      "score": 0.39171740412712097
    },
    {
      "id": 2,
      "part": "Front bumper",
      "class_id": 0,
      "bbox": [
        24.50310707092285,
        268.4933166503906,
        325.69390869140625,
        500.4185485839844
      ],
      "score": 0.2621793746948242
    }
  ]
}