{
  "image_path": "C:\\Users\\swu\\Desktop\\sample\\part_sample_17190\\1.원천데이터\\part\\0001748_as-0020846.jpg",
  "parts": [
    {
      "id": 1,
      "part": "Front fender(R)",
      "class_id": 11,
      "bbox": [
        106.79161834716797,
        75.30517578125,
        398.51873779296875,
        454.70367431640625
      ],
      "score": 0.8078046441078186
    },
    {
      "id": 2,
      "part": "Rear door(L)",
      "class_id": 16,
      "bbox": [
        229.16860961914062,
        210.5042266845703,
        464.46051025390625,
        461.9999694824219
      ],
      "score": 0.5307196378707886
    },
    {
      "id": 3,
      "part": "Rear lamp(L)",
      "class_id": 7,
      "bbox": [
        412.1363830566406,
        282.2568359375,
        641.8763427734375,
        543.6499633789062
      ],
      "score": 0.2676585614681244
    }
  ]
}