{
  "image_path": "C:\\Users\\swu\\Desktop\\sample\\part_sample_17190\\1.원천데이터\\part\\0001713_as-3311472.jpg",
  "parts": [
    {
      "id": 1,
      "part": "Rear lamp(L)",
      "class_id": 7,
      "bbox": [
        55.40672302246094,
        196.65402221679688,
        656.167724609375,
        539.9419555664062
      ],
      "score": 0.9022047519683838
    },
    {
      "id": 2,
      "part": "Roof",
      "class_id": 5,
      "bbox": [
        72.8045654296875,
        80.56893157958984,
        493.30108642578125,
        343.4886169433594
      ],
      "score": 0.7979891300201416
    },
    {
      "id": 3,
      "part": "Trunk lid",
      "class_id": 6,
      "bbox": [
        276.25146484375,
        186.03355407714844,
        542.460693359375,
        339.84124755859375
      ],
      "score": 0.5725069046020508
    },
    {
      "id": 4,
      "part": "Trunk lid",
      "class_id": 6,
      "bbox": [
        275.12969970703125,
        190.811767578125,
        349.56488037109375,
        285.8544921875
      ],
      "score": 0.5181844830513
    },
    {
      "id": 5,
      "part": "Trunk lid",
      "class_id": 6,
      "bbox": [
        64.06647491455078,
        135.84423828125,
        122.54309844970703,
        217.59487915039062
      ],
      "score": 0.3637285530567169
    }
  ]
}