{
  "image_path": "C:\\Users\\swu\\Desktop\\sample\\part_sample_17190\\1.원천데이터\\part\\0001822_as-3288558.jpg",
  "parts": [
    {
      "id": 1,
      "part": "Side mirror(L)",
      "class_id": 12,
      "bbox": [
        60.238037109375,
        267.5562744140625,
        652.7914428710938,
        405.220458984375
      ],
      "score": 0.8412120938301086
    },
    {
      "id": 2,
      "part": "Front fender(L)",
      "class_id": 10,
      "bbox": [
        54.377098083496094,
        0.512237548828125,
        340.48431396484375,
        305.64166259765625
      ],
      "score": 0.6580209732055664
    }
  ]
}