{
  "image_path": "C:\\Users\\swu\\Desktop\\sample\\part_sample_17190\\1.원천데이터\\part\\0001177_as-0002429.jpg",
  "parts": [
    {
      "id": 1,
      "part": "Rear lamp(R)",
      "class_id": 8,
      "bbox": [
        141.79100036621094,
        221.85409545898438,
        491.3819580078125,
        448.53948974609375
      ],
      "score": 0.9305566549301147
    },
    {
      "id": 2,
      "part": "Front bumper",
      "class_id": 0,
      "bbox": [
        66.61721801757812,
        255.20013427734375,
        261.9990234375,
        475.5045166015625
      ],
      "score": 0.6992307305335999
    },
    {
      "id": 3,
      "part": "Front fender(L)",
      "class_id": 10,
      "bbox": [
        486.9471740722656,
        92.53551483154297,
        800.0,
        448.24090576171875
      ],
      "score": 0.2625274658203125
    }
  ]
}