{
  "image_path": "C:\\Users\\swu\\Desktop\\sample\\part_sample_17190\\1.원천데이터\\part\\0001763_sc-164021.jpg",
  "parts": [
    {
      "id": 1,
      "part": "Side mirror(L)",
      "class_id": 12,
      "bbox": [
        70.8028793334961,
        284.29498291015625,
        231.5565185546875,
        391.39093017578125
      ],
      "score": 0.45626261830329895
    },
    {
      "id": 2,
      "part": "Rear lamp(L)",
      "class_id": 7,
      "bbox": [
        304.1976318359375,
        207.0826416015625,
        761.01025390625,
        489.71356201171875
      ],
      "score": 0.34452423453330994
    }
  ]
}