{
  "image_path": "C:\\Users\\swu\\Desktop\\sample\\part_sample_17190\\1.원천데이터\\part\\0001127_sc-183146.jpg",
  "parts": [
    {
      "id": 1,
      "part": "Front bumper",
      "class_id": 0,
      "bbox": [
        38.89396667480469,
        193.96041870117188,
        714.2352294921875,
        527.0068969726562
      ],
      "score": 0.8756999969482422
    },
    {
      "id": 2,
      "part": "Head lights(L)",
      "class_id": 1,
      "bbox": [
        486.99560546875,
        169.81895446777344,
        700.7530517578125,
        319.0841369628906
      ],
      "score": 0.7066247463226318
    },
    {
      "id": 3,
      "part": "Rear lamp(R)",
      "class_id": 8,
      "bbox": [
        666.6079711914062,
        89.33235168457031,
        740.5563354492188,
        294.9073486328125
      ],
      "score": 0.6984005570411682
    },
    {
      "id": 4,
      "part": "Head lights(R)",
      "class_id": 2,
      "bbox": [
        61.82807922363281,
        64.85641479492188,
        692.3141479492188,
        236.07614135742188
      ],
      "score": 0.5850360989570618
    }
  ]
}