{
  "image_path": "C:\\Users\\swu\\Desktop\\sample\\part_sample_10000\\1.원천데이터\\part\\0001722_sc-151570.jpg",
  "image_size": {
    "width": 800,
    "height": 600
  },
  "parts": [
    {
      "id": 1,
      "part": "Front fender(R)",
      "class_id": 11,
      "bbox": [
        474.26,
        0.65,
        699.56,
        308.63
      ],
      "score": 0.906499981880188
    },
    {
      "id": 2,
      "part": "Rear door(L)",
      "class_id": 16,
      "bbox": [
        90.44,
        96.12,
        579.25,
        322.11
      ],
      "score": 0.9021000266075134
    },
    {
      "id": 3,
      "part": "Side mirror(L)",
      "class_id": 12,
      "bbox": [
        532.36,
        205.72,
        800.0,
        351.05
      ],
      "score": 0.5730999708175659
    },
    {
      "id": 4,
      "part": "Rear lamp(L)",
      "class_id": 7,
      "bbox": [
        0.0,
        189.75,
        395.8,
        459.3
      ],
      "score": 0.1509000062942505
    }
  ]
}