{
  "image_path": "C:\\Users\\swu\\Desktop\\sample\\part_sample_10000\\1.원천데이터\\part\\0001407_sc-150219.jpg",
  "image_size": {
    "width": 800,
    "height": 600
  },
  "parts": [
    {
      "id": 1,
      "part": "Rear lamp(R)",
      "class_id": 8,
      "bbox": [
        87.52,
        83.45,
        320.32,
        344.52
      ],
      "score": 0.9527000188827515
    },
    {
      "id": 2,
      "part": "Front bumper",
      "class_id": 0,
      "bbox": [
        234.65,
        174.81,
        726.01,
        527.28
      ],
      "score": 0.9264000058174133
    }
  ]
}