{
  "image_path": "C:\\Users\\swu\\Desktop\\sample\\part_sample_10000\\1.원천데이터\\part\\0001399_as-0089972.jpg",
  "image_size": {
    "width": 800,
    "height": 600
  },
  "parts": [
    {
      "id": 1,
      "part": "Head lights(L)",
      "class_id": 1,
      "bbox": [
        125.55,
        88.27,
        701.35,
        319.01
      ],
      "score": 0.9351999759674072
    },
    {
      "id": 2,
      "part": "Rear door(R)",
      "class_id": 17,
      "bbox": [
        424.49,
        369.65,
        799.91,
        519.44
      ],
      "score": 0.8310999870300293
    }
  ]
}