{
  "image_path": "C:\\Users\\swu\\Desktop\\sample\\part_sample_10000\\1.원천데이터\\part\\0001634_sc-183654.jpg",
  "image_size": {
    "width": 800,
    "height": 600
  },
  "parts": [
    {
      "id": 1,
      "part": "Rear door(R)",
      "class_id": 17,
      "bbox": [
        603.1,
        196.3,
        786.92,
        327.87
      ],
      "score": 0.6376000046730042
    },
    {
      "id": 2,
      "part": "Side mirror(L)",
      "class_id": 12,
      "bbox": [
        227.66,
        299.84,
        587.41,
        334.17
      ],
      "score": 0.4235999882221222
    },
    {
      "id": 3,
      "part": "Front bumper",
      "class_id": 0,
      "bbox": [
        770.93,
        137.28,
        800.0,
        293.46
      ],
      "score": 0.179299995303154
    }
  ]
}