{
  "image_path": "C:\\Users\\swu\\Desktop\\sample\\part_sample_17190\\1.원천데이터\\part\\0001081_sc-147515.jpg",
  "parts": [
    {
      "id": 1,
      "part": "Rear lamp(L)",
      "class_id": 7,
      "bbox": [
        183.6552734375,
        249.9835205078125,
        542.69482421875,
        777.772705078125
      ],
      "score": 0.9101560711860657
    },
    {
      "id": 2,
      "part": "Rear door(L)",
      "class_id": 16,
      "bbox": [
        208.6600341796875,
        47.64117431640625,
        1115.9794921875,
        701.1168212890625
      ],
      "score": 0.6552847623825073
    }
  ]
}