{
  "image_path": "C:\\Users\\swu\\Desktop\\sample\\part_sample_17190\\1.원천데이터\\part\\0001534_as-3037667.jpg",
  "parts": [
    {
      "id": 1,
      "part": "Roof",
      "class_id": 5,
      "bbox": [
        133.78968811035156,
        17.085647583007812,
        687.3682861328125,
        352.5318908691406
      ],
      "score": 0.9465042948722839
    },
    {
      "id": 2,
      "part": "Rear lamp(L)",
      "class_id": 7,
      "bbox": [
        44.410552978515625,
        209.0874481201172,
        734.9757080078125,
        544.97509765625
      ],
      "score": 0.8936768174171448
    },
    {
      "id": 3,
      "part": "Trunk lid",
      "class_id": 6,
      "bbox": [
        55.04241180419922,
        119.21295166015625,
        284.27984619140625,
        303.80828857421875
      ],
      "score": 0.3296057879924774
    }
  ]
}