{
  "image_path": "C:\\Users\\swu\\Desktop\\sample\\part_sample_10000\\1.원천데이터\\part\\0001044_sc-182415.jpg",
  "image_size": {
    "width": 800,
    "height": 600
  },
  "parts": [
    {
      "id": 1,
      "part": "Front fender(R)",
      "class_id": 11,
      "bbox": [
        31.72,
        0.47,
        121.75,
        244.55
      ],
      "score": 0.6262999773025513
    },
    {
      "id": 2,
      "part": "Rocker panel(L)",
      "class_id": 18,
      "bbox": [
        118.36,
        248.81,
        241.57,
        455.93
      ],
      "score": 0.6078000068664551
    },
    {
      "id": 3,
      "part": "Rear door(L)",
      "class_id": 16,
      "bbox": [
        90.89,
        87.72,
        319.59,
        292.39
      ],
      "score": 0.21369999647140503
    }
  ]
}