{
  "image_path": "C:\\Users\\swu\\Desktop\\sample\\part_sample_17190\\1.원천데이터\\part\\0001805_as-0032868.jpg",
  "parts": [
    {
      "id": 1,
      "part": "Front bumper",
      "class_id": 0,
      "bbox": [
        139.43023681640625,
        32.436065673828125,
        796.044921875,
        524.6185302734375
      ],
      "score": 0.8772053718566895
    },
    {
      "id": 2,
      "part": "Head lights(R)",
      "class_id": 2,
      "bbox": [
        159.3286895751953,
        0.0,
        774.43310546875,
        87.66746520996094
      ],
      "score": 0.5788318514823914
    }
  ]
}