{
  "image_path": "C:\\Users\\swu\\Desktop\\sample\\part_sample_17190\\1.원천데이터\\part\\0001438_as-0015462.jpg",
  "parts": [
    {
      "id": 1,
      "part": "Rear lamp(L)",
      "class_id": 7,
      "bbox": [
        171.54098510742188,
        343.11578369140625,
        580.8082275390625,
        559.234375
      ],
      "score": 0.8589317798614502
    },
    {
      "id": 2,
      "part": "Roof",
      "class_id": 5,
      "bbox": [
        197.4315643310547,
        213.1735382080078,
        551.4722290039062,
        453.421630859375
      ],
      "score": 0.29873335361480713
    }
  ]
}