{
  "image_path": "C:\\Users\\swu\\Desktop\\sample\\part_sample_10000\\1.원천데이터\\part\\0001975_sc-145043.jpg",
  "image_size": {
    "width": 800,
    "height": 600
  },
  "parts": [
    {
      "id": 1,
      "part": "Rear lamp(R)",
      "class_id": 8,
      "bbox": [
        289.55,
        126.4,
        700.2,
        466.65
      ],
      "score": 0.8741999864578247
    },
    {
      "id": 2,
      "part": "Rear bumper",
      "class_id": 9,
      "bbox": [
        722.76,
        135.37,
        799.9,
        276.94
      ],
      "score": 0.8691999912261963
    },
    {
      "id": 3,
      "part": "Front bumper",
      "class_id": 0,
      "bbox": [
        47.3,
        207.55,
        408.01,
        594.65
      ],
      "score": 0.3540000021457672
    }
  ]
}