{
  "image_path": "C:\\Users\\swu\\Desktop\\sample\\part_sample_10000\\1.원천데이터\\part\\0001395_as-0089972.jpg",
  "image_size": {
    "width": 800,
    "height": 600
  },
  "parts": [
    {
      "id": 1,
      "part": "Front bumper",
      "class_id": 0,
      "bbox": [
        89.17,
        77.95,
        606.57,
        534.76
      ],
      "score": 0.9129999876022339
    },
    {
      "id": 2,
      "part": "Head lights(L)",
      "class_id": 1,
      "bbox": [
        219.47,
        110.71,
        650.58,
        317.03
      ],
      "score": 0.8949999809265137
    },
    {
      "id": 3,
      "part": "Rear lamp(R)",
      "class_id": 8,
      "bbox": [
        511.34,
        0.0,
        799.84,
        371.01
      ],
      "score": 0.16689999401569366
    }
  ]
}