{
  "image_path": "C:\\Users\\swu\\Desktop\\sample\\part_sample_10000\\1.원천데이터\\part\\0001438_as-0015462.jpg",
  "image_size": {
    "width": 800,
    "height": 600
  },
  "parts": [
    {
      "id": 1,
      "part": "Rear lamp(L)",
      "class_id": 7,
      "bbox": [
        171.81,
        352.51,
        581.02,
        559.71
      ],
      "score": 0.9240999817848206
    },
    {
      "id": 2,
      "part": "Roof",
      "class_id": 5,
      "bbox": [
        197.99,
        214.91,
        551.1,
        455.1
      ],
      "score": 0.5200999975204468
    }
  ]
}