{
  "image_path": "C:\\Users\\swu\\Desktop\\sample\\part_sample_10000\\1.원천데이터\\part\\0001675_sc-118346.jpg",
  "image_size": {
    "width": 800,
    "height": 600
  },
  "parts": [
    {
      "id": 1,
      "part": "Front bumper",
      "class_id": 0,
      "bbox": [
        97.34,
        74.1,
        521.05,
        567.03
      ],
      "score": 0.97079998254776
    },
    {
      "id": 2,
      "part": "Rear lamp(R)",
      "class_id": 8,
      "bbox": [
        463.28,
        54.11,
        656.0,
        401.32
      ],
      "score": 0.2176000028848648
    }
  ]
}