{
  "image_path": "C:\\Users\\swu\\Desktop\\sample\\part_sample_10000\\1.원천데이터\\part\\0001766_sc-164021.jpg",
  "image_size": {
    "width": 800,
    "height": 600
  },
  "parts": [
    {
      "id": 1,
      "part": "Front fender(R)",
      "class_id": 11,
      "bbox": [
        77.75,
        58.34,
        218.35,
        347.96
      ],
      "score": 0.7534999847412109
    },
    {
      "id": 2,
      "part": "Rear lamp(L)",
      "class_id": 7,
      "bbox": [
        221.65,
        251.04,
        710.27,
        515.65
      ],
      "score": 0.727400004863739
    },
    {
      "id": 3,
      "part": "Rear door(L)",
      "class_id": 16,
      "bbox": [
        144.0,
        164.23,
        436.48,
        359.35
      ],
      "score": 0.219200000166893
    }
  ]
}