{
  "image_path": "C:\\Users\\swu\\Desktop\\sample\\part_sample_17190\\1.원천데이터\\part\\0001721_sc-151570.jpg",
  "parts": [
    {
      "id": 1,
      "part": "Front fender(R)",
      "class_id": 11,
      "bbox": [
        398.8275146484375,
        243.2568359375,
        831.138427734375,
        691.2041015625
      ],
      "score": 0.9708154797554016
    },
    {
      "id": 2,
      "part": "Rear door(L)",
      "class_id": 16,
      "bbox": [
        0.0,
        379.77239990234375,
        619.8556518554688,
        698.0673217773438
      ],
      "score": 0.8127548694610596
    },
    {
      "id": 3,
      "part": "Side mirror(L)",
      "class_id": 12,
      "bbox": [
        543.6549072265625,
        614.8516845703125,
        1186.6114501953125,
        737.1759033203125
      ],
      "score": 0.7216125726699829
    }
  ]
}