{
  "image_path": "C:\\Users\\swu\\Desktop\\sample\\part_sample_17190\\1.원천데이터\\part\\0001302_sc-150389.jpg",
  "parts": [
    {
      "id": 1,
      "part": "Rear door(L)",
      "class_id": 16,
      "bbox": [
        225.73822021484375,
        145.20108032226562,
        681.7430419921875,
        414.7381591796875
      ],
      "score": 0.9544534087181091
    },
    {
      "id": 2,
      "part": "Front fender(R)",
      "class_id": 11,
      "bbox": [
        139.96722412109375,
        0.01308441162109375,
        297.61614990234375,
        360.8110046386719
      ],
      "score": 0.8813448548316956
    }
  ]
}