{
  "image_path": "C:\\Users\\swu\\Desktop\\sample\\part_sample_17190\\1.원천데이터\\part\\0001501_sc-207186.jpg",
  "parts": [
    {
      "id": 1,
      "part": "Head lights(R)",
      "class_id": 2,
      "bbox": [
        209.78126525878906,
        132.58837890625,
        662.5811157226562,
        255.83294677734375
      ],
      "score": 0.936500608921051
    },
    {
      "id": 2,
      "part": "Front bumper",
      "class_id": 0,
      "bbox": [
        226.05636596679688,
        207.8514404296875,
        693.2623291015625,
        548.697998046875
      ],
      "score": 0.897668182849884
    }
  ]
}