{
  "image_path": "C:\\Users\\swu\\Desktop\\sample\\part_sample_10000\\1.원천데이터\\part\\0001905_as-0031577.jpg",
  "image_size": {
    "width": 800,
    "height": 600
  },
  "parts": [
    {
      "id": 1,
      "part": "Front bumper",
      "class_id": 0,
      "bbox": [
        233.88,
        131.14,
        656.4,
        491.58
      ],
      "score": 0.9674000144004822
    },
    {
      "id": 2,
      "part": "Head lights(L)",
      "class_id": 1,
      "bbox": [
        233.66,
        171.36,
        477.13,
        304.69
      ],
      "score": 0.7731000185012817
    }
  ]
}