{
  "image_path": "C:\\Users\\swu\\Desktop\\sample\\part_sample_17190\\1.원천데이터\\part\\0001413_as-0040786.jpg",
  "parts": [
    {
      "id": 1,
      "part": "Front bumper",
      "class_id": 0,
      "bbox": [
        484.52056884765625,
        226.75621032714844,
        789.7059326171875,
        511.790771484375
      ],
      "score": 0.8213574886322021
    },
    {
      "id": 2,
      "part": "Rear lamp(R)",
      "class_id": 8,
      "bbox": [
        175.12353515625,
        101.47071838378906,
        685.9490356445312,
        469.27972412109375
      ],
      "score": 0.4805373549461365
    }
  ]
}