{
  "image_path": "C:\\Users\\swu\\Desktop\\sample\\part_sample_17190\\1.원천데이터\\part\\0001011_as-0013381.jpg",
  "parts": [
    {
      "id": 1,
      "part": "Head lights(R)",
      "class_id": 2,
      "bbox": [
        25.66070556640625,
        64.0114974975586,
        773.8060302734375,
        315.48565673828125
      ],
      "score": 0.930665135383606
    },
    {
      "id": 2,
      "part": "Front bumper",
      "class_id": 0,
      "bbox": [
        4.8194122314453125,
        229.6642303466797,
        798.5419311523438,
        600.0
      ],
      "score": 0.770241379737854
    }
  ]
}