{
  "image_path": "C:\\Users\\swu\\Desktop\\sample\\part_sample_10000\\1.원천데이터\\part\\0001011_as-0013381.jpg",
  "image_size": {
    "width": 800,
    "height": 600
  },
  "parts": [
    {
      "id": 1,
      "part": "Head lights(R)",
      "class_id": 2,
      "bbox": [
        20.54,
        63.09,
        774.41,
        315.62
      ],
      "score": 0.9620000123977661
    },
    {
      "id": 2,
      "part": "Front bumper",
      "class_id": 0,
      "bbox": [
        1.68,
        230.01,
        800.0,
        598.96
      ],
      "score": 0.7936000227928162
    }
  ]
}