{
  "image_path": "C:\\Users\\swu\\Desktop\\sample\\part_sample_10000\\1.원천데이터\\part\\0001311_sc-150389.jpg",
  "image_size": {
    "width": 800,
    "height": 600
  },
  "parts": [
    {
      "id": 1,
      "part": "Rear lamp(L)",
      "class_id": 7,
      "bbox": [
        45.55,
        292.62,
        582.44,
        568.09
      ],
      "score": 0.8202000260353088
    },
    {
      "id": 2,
      "part": "Rear door(L)",
      "class_id": 16,
      "bbox": [
        269.18,
        176.96,
        698.83,
        379.84
      ],
      "score": 0.5849000215530396
    },
    {
      "id": 3,
      "part": "Roof",
      "class_id": 5,
      "bbox": [
        54.82,
        174.32,
        391.62,
        412.73
      ],
      "score": 0.18979999423027039
    }
  ]
}