{
  "image_path": "C:\\Users\\swu\\Desktop\\sample\\part_sample_17190\\1.원천데이터\\part\\0001295_sc-150389.jpg",
  "parts": [
    {
      "id": 1,
      "part": "Front fender(R)",
      "class_id": 11,
      "bbox": [
        790.6611328125,
        85.56795501708984,
        897.2991943359375,
        344.0110168457031
      ],
      "score": 0.955101728439331
    },
    {
      "id": 2,
      "part": "Rear lamp(R)",
      "class_id": 8,
      "bbox": [
        434.9491882324219,
        203.47393798828125,
        696.9852294921875,
        444.98529052734375
      ],
      "score": 0.9215455651283264
    },
    {
      "id": 3,
      "part": "Front fender(L)",
      "class_id": 10,
      "bbox": [
        664.7026977539062,
        85.98481750488281,
        824.6092529296875,
        421.2074890136719
      ],
      "score": 0.8925014734268188
    },
    {
      "id": 4,
      "part": "Front bumper",
      "class_id": 0,
      "bbox": [
        66.65657043457031,
        248.0903778076172,
        521.4196166992188,
        577.5738525390625
      ],
      "score": 0.877761960029602
    },
    {
      "id": 5,
      "part": "Rear door(L)",
      "class_id": 16,
      "bbox": [
        846.1774291992188,
        148.51455688476562,
        926.35400390625,
        312.1868591308594
      ],
      "score": 0.4262590706348419
    }
  ]
}