{
  "image_path": "C:\\Users\\swu\\Desktop\\sample\\part_sample_10000\\1.원천데이터\\part\\0001212_as-0025934.jpg",
  "image_size": {
    "width": 800,
    "height": 600
  },
  "parts": [
    {
      "id": 1,
      "part": "Front bumper",
      "class_id": 0,
      "bbox": [
        189.3,
        182.95,
        705.55,
        463.98
      ],
      "score": 0.97079998254776
    },
    {
      "id": 2,
      "part": "Rear lamp(R)",
      "class_id": 8,
      "bbox": [
        179.78,
        84.98,
        249.4,
        295.27
      ],
      "score": 0.928600013256073
    }
  ]
}