{
  "image_path": "C:\\Users\\swu\\Desktop\\sample\\part_sample_17190\\1.원천데이터\\part\\0001265_as-0001661.jpg",
  "parts": [
    {
      "id": 1,
      "part": "Rear lamp(L)",
      "class_id": 7,
      "bbox": [
        104.8150634765625,
        203.9996337890625,
        733.0235595703125,
        516.3896484375
      ],
      "score": 0.9394315481185913
    },
    {
      "id": 2,
      "part": "Roof",
      "class_id": 5,
      "bbox": [
        128.73016357421875,
        81.04087829589844,
        568.0491943359375,
        305.67901611328125
      ],
      "score": 0.8306506276130676
    }
  ]
}