{
  "image_path": "C:\\Users\\swu\\Desktop\\sample\\part_sample_17190\\1.원천데이터\\part\\0001292_as-0070059.jpg",
  "parts": [
    {
      "id": 1,
      "part": "Front bumper",
      "class_id": 0,
      "bbox": [
        237.31016540527344,
        320.7513427734375,
        498.41949462890625,
        409.4139099121094
      ],
      "score": 0.8413272500038147
    },
    {
      "id": 2,
      "part": "Head lights(L)",
      "class_id": 1,
      "bbox": [
        155.70753479003906,
        255.32577514648438,
        263.4781188964844,
        393.9276123046875
      ],
      "score": 0.49220484495162964
    }
  ]
}