{
  "image_path": "C:\\Users\\swu\\Desktop\\sample\\part_sample_17190\\1.원천데이터\\part\\0001749_as-0020846.jpg",
  "parts": [
    {
      "id": 1,
      "part": "Rear lamp(L)",
      "class_id": 7,
      "bbox": [
        409.7541809082031,
        241.0228729248047,
        799.5059204101562,
        559.0330810546875
      ],
      "score": 0.9367562532424927
    },
    {
      "id": 2,
      "part": "Rear door(L)",
      "class_id": 16,
      "bbox": [
        267.75726318359375,
        157.4796905517578,
        494.8545837402344,
        443.5546875
      ],
      "score": 0.7675827145576477
    }
  ]
}