{
  "image_path": "C:\\Users\\swu\\Desktop\\sample\\part_sample_17190\\1.원천데이터\\part\\0001299_sc-150389.jpg",
  "parts": [
    {
      "id": 1,
      "part": "Front fender(R)",
      "class_id": 11,
      "bbox": [
        696.1627807617188,
        130.43971252441406,
        905.5881958007812,
        570.6484375
      ],
      "score": 0.9481666088104248
    },
    {
      "id": 2,
      "part": "Front fender(L)",
      "class_id": 10,
      "bbox": [
        451.6870422363281,
        111.44783020019531,
        802.451171875,
        720.0
      ],
      "score": 0.7372610569000244
    },
    {
      "id": 3,
      "part": "Rear door(L)",
      "class_id": 16,
      "bbox": [
        867.83349609375,
        268.6005859375,
        941.789794921875,
        511.42926025390625
      ],
      "score": 0.5714749097824097
    }
  ]
}