{
  "image_path": "C:\\Users\\swu\\Desktop\\sample\\part_sample_17190\\1.원천데이터\\part\\0001775_sc-177607.jpg",
  "parts": [
    {
      "id": 1,
      "part": "Head lights(L)",
      "class_id": 1,
      "bbox": [
        204.48326110839844,
        239.25540161132812,
        564.8729248046875,
        369.41326904296875
      ],
      "score": 0.9121509194374084
    },
    {
      "id": 2,
      "part": "Front bumper",
      "class_id": 0,
      "bbox": [
        158.21592712402344,
        106.40575408935547,
        754.171142578125,
        564.0636596679688
      ],
      "score": 0.908650815486908
    },
    {
      "id": 3,
      "part": "Rear lamp(R)",
      "class_id": 8,
      "bbox": [
        3.0365562438964844,
        81.36508178710938,
        243.84527587890625,
        352.5094299316406
      ],
      "score": 0.31267571449279785
    }
  ]
}