{
  "image_path": "C:\\Users\\swu\\Desktop\\sample\\part_sample_10000\\1.원천데이터\\part\\0001418_as-0040786.jpg",
  "image_size": {
    "width": 800,
    "height": 600
  },
  "parts": [
    {
      "id": 1,
      "part": "Roof",
      "class_id": 5,
      "bbox": [
        154.35,
        170.22,
        683.42,
        413.42
      ],
      "score": 0.786899983882904
    },
    {
      "id": 2,
      "part": "Rear lamp(L)",
      "class_id": 7,
      "bbox": [
        123.35,
        294.43,
        737.03,
        547.63
      ],
      "score": 0.6754000186920166
    }
  ]
}