{
  "image_path": "C:\\Users\\swu\\Desktop\\sample\\part_sample_10000\\1.원천데이터\\part\\0001206_as-0090860.jpg",
  "image_size": {
    "width": 800,
    "height": 600
  },
  "parts": [
    {
      "id": 1,
      "part": "Rear lamp(L)",
      "class_id": 7,
      "bbox": [
        138.01,
        199.65,
        678.66,
        421.57
      ],
      "score": 0.869700014591217
    },
    {
      "id": 2,
      "part": "Roof",
      "class_id": 5,
      "bbox": [
        156.48,
        73.3,
        676.14,
        298.95
      ],
      "score": 0.398499995470047
    }
  ]
}