{
  "image_path": "C:\\Users\\swu\\Desktop\\sample\\part_sample_10000\\1.원천데이터\\part\\0001332_sc-1007946.jpg",
  "image_size": {
    "width": 800,
    "height": 600
  },
  "parts": [
    {
      "id": 1,
      "part": "Front bumper",
      "class_id": 0,
      "bbox": [
        0.0,
        57.35,
        721.69,
        475.87
      ],
      "score": 0.9605000019073486
    },
    {
      "id": 2,
      "part": "Rear lamp(R)",
      "class_id": 8,
      "bbox": [
        598.17,
        0.01,
        800.0,
        305.64
      ],
      "score": 0.4049000144004822
    }
  ]
}