{
  "image_path": "C:\\Users\\swu\\Desktop\\sample\\part_sample_10000\\1.원천데이터\\part\\0001937_as-0037736.jpg",
  "image_size": {
    "width": 800,
    "height": 600
  },
  "parts": [
    {
      "id": 1,
      "part": "Front bumper",
      "class_id": 0,
      "bbox": [
        311.45,
        21.8,
        770.83,
        502.5
      ],
      "score": 0.8393999934196472
    },
    {
      "id": 2,
      "part": "Rear lamp(R)",
      "class_id": 8,
      "bbox": [
        0.52,
        0.09,
        467.57,
        297.75
      ],
      "score": 0.8105999827384949
    }
  ]
}