{
  "image_path": "C:\\Users\\swu\\Desktop\\sample\\part_sample_10000\\1.원천데이터\\part\\0001299_sc-150389.jpg",
  "image_size": {
    "width": 960,
    "height": 720
  },
  "parts": [
    {
      "id": 1,
      "part": "Front fender(R)",
      "class_id": 11,
      "bbox": [
        695.91,
        129.53,
        904.09,
        568.74
      ],
      "score": 0.852400004863739
    },
    {
      "id": 2,
      "part": "Rear door(L)",
      "class_id": 16,
      "bbox": [
        865.6,
        266.41,
        940.14,
        508.52
      ],
      "score": 0.40880000591278076
    },
    {
      "id": 3,
      "part": "Rear lamp(R)",
      "class_id": 8,
      "bbox": [
        0.0,
        223.39,
        469.02,
        720.0
      ],
      "score": 0.18649999797344208
    },
    {
      "id": 4,
      "part": "Front fender(L)",
      "class_id": 10,
      "bbox": [
        451.01,
        113.14,
        802.04,
        714.17
      ],
      "score": 0.18219999969005585
    }
  ]
}