{
  "image_path": "C:\\Users\\swu\\Desktop\\sample\\part_sample_17190\\1.원천데이터\\part\\0001064_sc-123724.jpg",
  "parts": [
    {
      "id": 1,
      "part": "Front bumper",
      "class_id": 0,
      "bbox": [
        284.07647705078125,
        119.21550750732422,
        722.2379150390625,
        532.6926879882812
      ],
      "score": 0.9561488032341003
    },
    {
      "id": 2,
      "part": "Rear lamp(R)",
      "class_id": 8,
      "bbox": [
        144.57571411132812,
        10.588226318359375,
        352.026611328125,
        338.17236328125
      ],
      "score": 0.3239684998989105
    }
  ]
}