{
  "image_path": "C:\\Users\\swu\\Desktop\\sample\\part_sample_17190\\1.원천데이터\\part\\0001992_as-0054514.jpg",
  "parts": [
    {
      "id": 1,
      "part": "Rear lamp(R)",
      "class_id": 8,
      "bbox": [
        284.4779052734375,
        130.9495849609375,
        620.3814086914062,
        373.6227722167969
      ],
      "score": 0.8847647905349731
    },
    {
      "id": 2,
      "part": "Front fender(L)",
      "class_id": 10,
      "bbox": [
        73.82971954345703,
        0.0,
        306.3912353515625,
        361.35601806640625
      ],
      "score": 0.4957636296749115
    }
  ]
}