{
  "image_path": "C:\\Users\\swu\\Desktop\\sample\\part_sample_10000\\1.원천데이터\\part\\0001263_as-0001661.jpg",
  "image_size": {
    "width": 800,
    "height": 600
  },
  "parts": [
    {
      "id": 1,
      "part": "Rear lamp(L)",
      "class_id": 7,
      "bbox": [
        58.87,
        260.6,
        703.17,
        510.93
      ],
      "score": 0.9363999962806702
    },
    {
      "id": 2,
      "part": "Roof",
      "class_id": 5,
      "bbox": [
        103.58,
        146.42,
        660.62,
        361.51
      ],
      "score": 0.7732999920845032
    }
  ]
}