{
  "image_path": "C:\\Users\\swu\\Desktop\\sample\\part_sample_10000\\1.원천데이터\\part\\0001254_sc-203894.jpg",
  "image_size": {
    "width": 800,
    "height": 600
  },
  "parts": [
    {
      "id": 1,
      "part": "Trunk lid",
      "class_id": 6,
      "bbox": [
        129.03,
        167.01,
        399.46,
        272.48
      ],
      "score": 0.9606000185012817
    },
    {
      "id": 2,
      "part": "Rear lamp(L)",
      "class_id": 7,
      "bbox": [
        101.09,
        225.17,
        435.32,
        515.46
      ],
      "score": 0.939300000667572
    },
    {
      "id": 3,
      "part": "Front fender(R)",
      "class_id": 11,
      "bbox": [
        531.4,
        4.4,
        800.0,
        455.72
      ],
      "score": 0.3610999882221222
    }
  ]
}