{
  "image_path": "C:\\Users\\swu\\Desktop\\sample\\part_sample_17190\\1.원천데이터\\part\\0001864_sc-1025135.jpg",
  "parts": [
    {
      "id": 1,
      "part": "Front bumper",
      "class_id": 0,
      "bbox": [
        59.4268798828125,
        81.90284729003906,
        707.4913940429688,
        445.9595947265625
      ],
      "score": 0.8971127271652222
    },
    {
      "id": 2,
      "part": "Rear door(R)",
      "class_id": 17,
      "bbox": [
        605.0260620117188,
        147.78944396972656,
        773.34521484375,
        433.0842590332031
      ],
      "score": 0.31649860739707947
    }
  ]
}