{
  "image_path": "C:\\Users\\swu\\Desktop\\sample\\part_sample_10000\\1.원천데이터\\part\\0001360_as-0078890.jpg",
  "image_size": {
    "width": 800,
    "height": 600
  },
  "parts": [
    {
      "id": 1,
      "part": "Rear door(L)",
      "class_id": 16,
      "bbox": [
        136.9,
        130.99,
        464.39,
        384.55
      ],
      "score": 0.9678000211715698
    },
    {
      "id": 2,
      "part": "Rear lamp(L)",
      "class_id": 7,
      "bbox": [
        212.32,
        256.66,
        778.65,
        531.26
      ],
      "score": 0.819599986076355
    },
    {
      "id": 3,
      "part": "Roof",
      "class_id": 5,
      "bbox": [
        362.82,
        134.94,
        763.87,
        331.38
      ],
      "score": 0.22050000727176666
    }
  ]
}