{
  "image_path": "C:\\Users\\swu\\Desktop\\sample\\part_sample_17190\\1.원천데이터\\part\\0001722_sc-151570.jpg",
  "parts": [
    {
      "id": 1,
      "part": "Front fender(R)",
      "class_id": 11,
      "bbox": [
        474.51690673828125,
        0.0,
        699.8387451171875,
        309.3614807128906
      ],
      "score": 0.9095816016197205
    },
    {
      "id": 2,
      "part": "Rear door(L)",
      "class_id": 16,
      "bbox": [
        89.32916259765625,
        93.26318359375,
        573.7235107421875,
        317.1082763671875
      ],
      "score": 0.8801908493041992
    },
    {
      "id": 3,
      "part": "Side mirror(L)",
      "class_id": 12,
      "bbox": [
        536.04736328125,
        213.30731201171875,
        800.0,
        349.74755859375
      ],
      "score": 0.8011850714683533
    }
  ]
}