{
  "image_path": "C:\\Users\\swu\\Desktop\\sample\\part_sample_17190\\1.원천데이터\\part\\0001976_sc-145043.jpg",
  "parts": [
    {
      "id": 1,
      "part": "Front fender(R)",
      "class_id": 11,
      "bbox": [
        403.4609375,
        130.5264892578125,
        776.3602294921875,
        520.8893432617188
      ],
      "score": 0.9594704508781433
    },
    {
      "id": 2,
      "part": "Front fender(L)",
      "class_id": 10,
      "bbox": [
        63.956031799316406,
        128.55697631835938,
        467.367431640625,
        507.9485778808594
      ],
      "score": 0.9240210652351379
    },
    {
      "id": 3,
      "part": "Rear bumper",
      "class_id": 9,
      "bbox": [
        44.177276611328125,
        257.7474365234375,
        112.73941040039062,
        345.3820495605469
      ],
      "score": 0.43866071105003357
    }
  ]
}