{
  "image_path": "C:\\Users\\swu\\Desktop\\sample\\part_sample_17190\\1.원천데이터\\part\\0001184_as-0028117.jpg",
  "parts": [
    {
      "id": 1,
      "part": "Front bumper",
      "class_id": 0,
      "bbox": [
        146.23037719726562,
        255.0182342529297,
        713.4036865234375,
        533.1123046875
      ],
      "score": 0.9252713322639465
    },
    {
      "id": 2,
      "part": "Head lights(L)",
      "class_id": 1,
      "bbox": [
        606.61962890625,
        172.56900024414062,
        687.4378051757812,
        317.29412841796875
      ],
      "score": 0.8315074443817139
    }
  ]
}