{
  "image_path": "C:\\Users\\swu\\Desktop\\sample\\part_sample_10000\\1.원천데이터\\part\\0001552_as-0073135.jpg",
  "image_size": {
    "width": 800,
    "height": 600
  },
  "parts": [
    {
      "id": 1,
      "part": "Head lights(R)",
      "class_id": 2,
      "bbox": [
        171.59,
        113.06,
        471.86,
        265.3
      ],
      "score": 0.9448000192642212
    },
    {
      "id": 2,
      "part": "Rear lamp(R)",
      "class_id": 8,
      "bbox": [
        355.16,
        188.99,
        566.66,
        414.41
      ],
      "score": 0.9365000128746033
    },
    {
      "id": 3,
      "part": "Front bumper",
      "class_id": 0,
      "bbox": [
        115.47,
        208.83,
        412.77,
        497.35
      ],
      "score": 0.9031999707221985
    },
    {
      "id": 4,
      "part": "Head lights(L)",
      "class_id": 1,
      "bbox": [
        265.51,
        244.88,
        422.49,
        345.2
      ],
      "score": 0.7864000201225281
    },
    {
      "id": 5,
      "part": "Front fender(L)",
      "class_id": 10,
      "bbox": [
        555.08,
        43.77,
        775.91,
        408.17
      ],
      "score": 0.21250000596046448
    }
  ]
}