{
  "image_path": "C:\\Users\\swu\\Desktop\\sample\\part_sample_17190\\1.원천데이터\\part\\0001254_sc-203894.jpg",
  "parts": [
    {
      "id": 1,
      "part": "Rear lamp(L)",
      "class_id": 7,
      "bbox": [
        100.83503723144531,
        224.185791015625,
        436.20257568359375,
        514.592529296875
      ],
      "score": 0.8855556845664978
    },
    {
      "id": 2,
      "part": "Trunk lid",
      "class_id": 6,
      "bbox": [
        128.1182098388672,
        165.47744750976562,
        402.1601867675781,
        273.6653137207031
      ],
      "score": 0.8248251080513
    }
  ]
}