{
  "image_path": "C:\\Users\\swu\\Desktop\\sample\\part_sample_17190\\1.원천데이터\\part\\0001421_as-0040786.jpg",
  "parts": [
    {
      "id": 1,
      "part": "Rear door(L)",
      "class_id": 16,
      "bbox": [
        51.60846710205078,
        84.54872131347656,
        387.2607116699219,
        476.4617919921875
      ],
      "score": 0.8967275023460388
    },
    {
      "id": 2,
      "part": "Rear lamp(L)",
      "class_id": 7,
      "bbox": [
        49.373435974121094,
        196.16702270507812,
        153.84677124023438,
        422.34857177734375
      ],
      "score": 0.7616236805915833
    }
  ]
}