{
  "image_path": "C:\\Users\\swu\\Desktop\\sample\\part_sample_17190\\1.원천데이터\\part\\0001960_as-2937825.jpg",
  "parts": [
    {
      "id": 1,
      "part": "Rear lamp(R)",
      "class_id": 8,
      "bbox": [
        107.77854919433594,
        109.2928695678711,
        437.578125,
        486.35687255859375
      ],
      "score": 0.7715685963630676
    },
    {
      "id": 2,
      "part": "Front bumper",
      "class_id": 0,
      "bbox": [
        350.9510803222656,
        179.6133575439453,
        630.0916137695312,
        595.8880615234375
      ],
      "score": 0.7271327376365662
    },
    {
      "id": 3,
      "part": "Head lights(L)",
      "class_id": 1,
      "bbox": [
        333.27166748046875,
        219.2725830078125,
        597.439208984375,
        380.5224609375
      ],
      "score": 0.5422038435935974
    }
  ]
}