{
  "image_path": "C:\\Users\\swu\\Desktop\\sample\\part_sample_10000\\1.원천데이터\\part\\0001596_sc-180632.jpg",
  "image_size": {
    "width": 1280,
    "height": 960
  },
  "parts": [
    {
      "id": 1,
      "part": "Rear lamp(L)",
      "class_id": 7,
      "bbox": [
        817.35,
        361.88,
        1260.15,
        734.06
      ],
      "score": 0.9473000168800354
    },
    {
      "id": 2,
      "part": "Front fender(R)",
      "class_id": 11,
      "bbox": [
        310.35,
        184.58,
        734.08,
        628.25
      ],
      "score": 0.3400000035762787
    },
    {
      "id": 3,
      "part": "Side mirror(L)",
      "class_id": 12,
      "bbox": [
        101.61,
        549.39,
        585.59,
        670.3
      ],
      "score": 0.2476000040769577
    }
  ]
}