{
  "image_path": "C:\\Users\\swu\\Desktop\\sample\\part_sample_10000\\1.원천데이터\\part\\0001429_as-0043088.jpg",
  "image_size": {
    "width": 800,
    "height": 600
  },
  "parts": [
    {
      "id": 1,
      "part": "Rear lamp(R)",
      "class_id": 8,
      "bbox": [
        83.0,
        64.38,
        246.84,
        307.71
      ],
      "score": 0.9361000061035156
    },
    {
      "id": 2,
      "part": "Front bumper",
      "class_id": 0,
      "bbox": [
        171.63,
        191.77,
        779.75,
        513.47
      ],
      "score": 0.9301000237464905
    },
    {
      "id": 3,
      "part": "Head lights(L)",
      "class_id": 1,
      "bbox": [
        195.29,
        165.17,
        476.95,
        332.6
      ],
      "score": 0.22380000352859497
    }
  ]
}