{
  "image_path": "C:\\Users\\swu\\Desktop\\sample\\part_sample_17190\\1.원천데이터\\part\\0001183_as-0028117.jpg",
  "parts": [
    {
      "id": 1,
      "part": "Front bumper",
      "class_id": 0,
      "bbox": [
        124.56737518310547,
        279.5107727050781,
        424.4803466796875,
        527.458984375
      ],
      "score": 0.9337496757507324
    },
    {
      "id": 2,
      "part": "Head lights(R)",
      "class_id": 2,
      "bbox": [
        161.940185546875,
        218.6964111328125,
        436.47845458984375,
        318.6724853515625
      ],
      "score": 0.8265935182571411
    },
    {
      "id": 3,
      "part": "Rear lamp(R)",
      "class_id": 8,
      "bbox": [
        373.36785888671875,
        262.53497314453125,
        511.894775390625,
        436.65130615234375
      ],
      "score": 0.7090657353401184
    },
    {
      "id": 4,
      "part": "Front fender(L)",
      "class_id": 10,
      "bbox": [
        506.0980224609375,
        148.95758056640625,
        649.00390625,
        429.5811462402344
      ],
      "score": 0.27994534373283386
    }
  ]
}