{
  "image_path": "C:\\Users\\swu\\Desktop\\sample\\part_sample_10000\\1.원천데이터\\part\\0001127_sc-183146.jpg",
  "image_size": {
    "width": 800,
    "height": 600
  },
  "parts": [
    {
      "id": 1,
      "part": "Head lights(R)",
      "class_id": 2,
      "bbox": [
        59.34,
        65.36,
        688.41,
        255.67
      ],
      "score": 0.9301999807357788
    },
    {
      "id": 2,
      "part": "Front bumper",
      "class_id": 0,
      "bbox": [
        38.41,
        209.68,
        713.28,
        525.86
      ],
      "score": 0.920799970626831
    },
    {
      "id": 3,
      "part": "Rear lamp(R)",
      "class_id": 8,
      "bbox": [
        666.41,
        90.93,
        742.14,
        297.58
      ],
      "score": 0.5952000021934509
    },
    {
      "id": 4,
      "part": "Head lights(L)",
      "class_id": 1,
      "bbox": [
        488.76,
        172.04,
        695.42,
        318.98
      ],
      "score": 0.5038999915122986
    }
  ]
}