{
  "image_path": "C:\\Users\\swu\\Desktop\\sample\\part_sample_17190\\1.원천데이터\\part\\0001396_as-0089972.jpg",
  "parts": [
    {
      "id": 1,
      "part": "Head lights(L)",
      "class_id": 1,
      "bbox": [
        179.17999267578125,
        173.42166137695312,
        655.8160400390625,
        416.6313171386719
      ],
      "score": 0.8427173495292664
    },
    {
      "id": 2,
      "part": "Front bumper",
      "class_id": 0,
      "bbox": [
        13.208961486816406,
        83.73924255371094,
        606.0786743164062,
        585.332763671875
      ],
      "score": 0.8425114154815674
    },
    {
      "id": 3,
      "part": "Rear lamp(R)",
      "class_id": 8,
      "bbox": [
        510.846923828125,
        6.4287567138671875,
        800.0,
        385.16448974609375
      ],
      "score": 0.2992764711380005
    }
  ]
}