{
  "image_path": "C:\\Users\\swu\\Desktop\\sample\\part_sample_10000\\1.원천데이터\\part\\0001729_sc-200245.jpg",
  "image_size": {
    "width": 800,
    "height": 600
  },
  "parts": [
    {
      "id": 1,
      "part": "Front fender(R)",
      "class_id": 11,
      "bbox": [
        83.32,
        80.98,
        457.77,
        443.04
      ],
      "score": 0.9778000116348267
    },
    {
      "id": 2,
      "part": "Rear door(L)",
      "class_id": 16,
      "bbox": [
        279.9,
        175.92,
        732.99,
        441.8
      ],
      "score": 0.4259999990463257
    }
  ]
}