{
  "image_path": "C:\\Users\\swu\\Desktop\\sample\\part_sample_17190\\1.원천데이터\\part\\0001880_sc-114816.jpg",
  "parts": [
    {
      "id": 1,
      "part": "Front bumper",
      "class_id": 0,
      "bbox": [
        113.44541931152344,
        51.47712707519531,
        626.2213745117188,
        570.313232421875
      ],
      "score": 0.922339916229248
    },
    {
      "id": 2,
      "part": "Rear door(R)",
      "class_id": 17,
      "bbox": [
        571.2764282226562,
        342.9002685546875,
        746.2362670898438,
        591.0552368164062
      ],
      "score": 0.7039870619773865
    },
    {
      "id": 3,
      "part": "Rear lamp(R)",
      "class_id": 8,
      "bbox": [
        495.503173828125,
        6.60772705078125,
        866.02734375,
        415.88397216796875
      ],
      "score": 0.6091997623443604
    }
  ]
}