{
  "image_path": "C:\\Users\\swu\\Desktop\\sample\\part_sample_17190\\1.원천데이터\\part\\0001905_as-0031577.jpg",
  "parts": [
    {
      "id": 1,
      "part": "Front bumper",
      "class_id": 0,
      "bbox": [
        234.54307556152344,
        133.44383239746094,
        657.1829223632812,
        492.950439453125
      ],
      "score": 0.9669849276542664
    },
    {
      "id": 2,
      "part": "Head lights(L)",
      "class_id": 1,
      "bbox": [
        233.00460815429688,
        171.03057861328125,
        477.1097412109375,
        305.4327392578125
      ],
      "score": 0.41036462783813477
    }
  ]
}