{
  "image_path": "C:\\Users\\swu\\Desktop\\sample\\part_sample_17190\\1.원천데이터\\part\\0001762_as-3532796.jpg",
  "parts": [
    {
      "id": 1,
      "part": "Rear lamp(L)",
      "class_id": 7,
      "bbox": [
        182.97134399414062,
        248.31051635742188,
        597.6260375976562,
        583.9759521484375
      ],
      "score": 0.9647823572158813
    },
    {
      "id": 2,
      "part": "Roof",
      "class_id": 5,
      "bbox": [
        207.70297241210938,
        157.62161254882812,
        545.642333984375,
        397.1483154296875
      ],
      "score": 0.5296444892883301
    }
  ]
}