{
  "image_path": "C:\\Users\\swu\\Desktop\\sample\\part_sample_17190\\1.원천데이터\\part\\0001206_as-0090860.jpg",
  "parts": [
    {
      "id": 1,
      "part": "Rear lamp(L)",
      "class_id": 7,
      "bbox": [
        137.53631591796875,
        199.1260528564453,
        679.2435302734375,
        423.1319580078125
      ],
      "score": 0.9332007765769958
    },
    {
      "id": 2,
      "part": "Roof",
      "class_id": 5,
      "bbox": [
        160.0492706298828,
        76.1810302734375,
        675.126953125,
        297.9305419921875
      ],
      "score": 0.37273114919662476
    }
  ]
}