{
  "image_path": "C:\\Users\\swu\\Desktop\\sample\\part_sample_17190\\1.원천데이터\\part\\0001407_sc-150219.jpg",
  "parts": [
    {
      "id": 1,
      "part": "Front bumper",
      "class_id": 0,
      "bbox": [
        246.88873291015625,
        174.41688537597656,
        725.971923828125,
        528.9866943359375
      ],
      "score": 0.9511234164237976
    },
    {
      "id": 2,
      "part": "Rear lamp(R)",
      "class_id": 8,
      "bbox": [
        88.3848876953125,
        82.07210540771484,
        321.5890808105469,
        344.0978698730469
      ],
      "score": 0.8862203359603882
    }
  ]
}