{
  "image_path": "C:\\Users\\swu\\Desktop\\sample\\part_sample_17190\\1.원천데이터\\part\\0001600_as-0046412.jpg",
  "parts": [
    {
      "id": 1,
      "part": "Rear lamp(L)",
      "class_id": 7,
      "bbox": [
        79.71817016601562,
        164.92169189453125,
        738.2530517578125,
        492.20965576171875
      ],
      "score": 0.899761438369751
    },
    {
      "id": 2,
      "part": "Roof",
      "class_id": 5,
      "bbox": [
        105.03388977050781,
        1.0497856140136719,
        714.2282104492188,
        293.93914794921875
      ],
      "score": 0.5262726545333862
    }
  ]
}