{
  "image_path": "C:\\Users\\swu\\Desktop\\sample\\part_sample_10000\\1.원천데이터\\part\\0001822_as-3288558.jpg",
  "image_size": {
    "width": 800,
    "height": 600
  },
  "parts": [
    {
      "id": 1,
      "part": "Side mirror(L)",
      "class_id": 12,
      "bbox": [
        60.25,
        269.12,
        654.69,
        403.84
      ],
      "score": 0.8258000016212463
    },
    {
      "id": 2,
      "part": "Rocker panel(L)",
      "class_id": 18,
      "bbox": [
        680.14,
        90.54,
        800.0,
        600.0
      ],
      "score": 0.6599000096321106
    },
    {
      "id": 3,
      "part": "Rear lamp(R)",
      "class_id": 8,
      "bbox": [
        0.0,
        45.88,
        79.2,
        277.51
      ],
      "score": 0.16089999675750732
    }
  ]
}