{
  "image_path": "C:\\Users\\swu\\Desktop\\sample\\part_sample_17190\\1.원천데이터\\part\\0001937_as-0037736.jpg",
  "parts": [
    {
      "id": 1,
      "part": "Front bumper",
      "class_id": 0,
      "bbox": [
        313.1752014160156,
        27.52655029296875,
        769.7589111328125,
        502.00567626953125
      ],
      "score": 0.9064695835113525
    },
    {
      "id": 2,
      "part": "Rear lamp(R)",
      "class_id": 8,
      "bbox": [
        0.0,
        0.0,
        468.58795166015625,
        300.05755615234375
      ],
      "score": 0.5278694033622742
    }
  ]
}