{
  "image_path": "C:\\Users\\swu\\Desktop\\sample\\part_sample_17190\\1.원천데이터\\part\\0001634_sc-183654.jpg",
  "parts": [
    {
      "id": 1,
      "part": "Front fender(R)",
      "class_id": 11,
      "bbox": [
        156.90228271484375,
        58.40629577636719,
        382.84564208984375,
        321.9497985839844
      ],
      "score": 0.9014856815338135
    },
    {
      "id": 2,
      "part": "Rear door(R)",
      "class_id": 17,
      "bbox": [
        600.4856567382812,
        195.70315551757812,
        787.9466552734375,
        327.6507873535156
      ],
      "score": 0.8931511044502258
    },
    {
      "id": 3,
      "part": "Side mirror(L)",
      "class_id": 12,
      "bbox": [
        230.42962646484375,
        296.6227722167969,
        586.8634643554688,
        331.4347839355469
      ],
      "score": 0.2808411121368408
    }
  ]
}