{
  "image_path": "C:\\Users\\swu\\Desktop\\sample\\part_sample_10000\\1.원천데이터\\part\\0001977_sc-145043.jpg",
  "image_size": {
    "width": 800,
    "height": 600
  },
  "parts": [
    {
      "id": 1,
      "part": "Rear bumper",
      "class_id": 9,
      "bbox": [
        470.71,
        207.08,
        569.96,
        378.57
      ],
      "score": 0.9584000110626221
    },
    {
      "id": 2,
      "part": "Rear lamp(R)",
      "class_id": 8,
      "bbox": [
        0.0,
        212.32,
        446.17,
        600.0
      ],
      "score": 0.8224999904632568
    }
  ]
}