{
  "image_path": "C:\\Users\\swu\\Desktop\\sample\\part_sample_17190\\1.원천데이터\\part\\0001418_as-0040786.jpg",
  "parts": [
    {
      "id": 1,
      "part": "Roof",
      "class_id": 5,
      "bbox": [
        150.1096954345703,
        170.53341674804688,
        686.448974609375,
        412.20233154296875
      ],
      "score": 0.9654197096824646
    },
    {
      "id": 2,
      "part": "Rear lamp(L)",
      "class_id": 7,
      "bbox": [
        124.04359436035156,
        295.16326904296875,
        736.3018798828125,
        546.9091796875
      ],
      "score": 0.5543564558029175
    }
  ]
}