{
  "image_path": "C:\\Users\\swu\\Desktop\\sample\\part_sample_17190\\1.원천데이터\\part\\0001213_as-0025934.jpg",
  "parts": [
    {
      "id": 1,
      "part": "Rear lamp(R)",
      "class_id": 8,
      "bbox": [
        205.5377197265625,
        123.7919692993164,
        397.2999572753906,
        356.8211364746094
      ],
      "score": 0.9633963704109192
    },
    {
      "id": 2,
      "part": "Front bumper",
      "class_id": 0,
      "bbox": [
        346.66778564453125,
        144.09017944335938,
        636.4864501953125,
        430.36431884765625
      ],
      "score": 0.9437929391860962
    },
    {
      "id": 3,
      "part": "Front fender(L)",
      "class_id": 10,
      "bbox": [
        76.05368041992188,
        0.0,
        228.2656707763672,
        349.557861328125
      ],
      "score": 0.290670782327652
    }
  ]
}