{
  "image_path": "C:\\Users\\swu\\Desktop\\sample\\part_sample_10000\\1.원천데이터\\part\\0001713_as-3311472.jpg",
  "image_size": {
    "width": 800,
    "height": 600
  },
  "parts": [
    {
      "id": 1,
      "part": "Roof",
      "class_id": 5,
      "bbox": [
        73.88,
        80.87,
        493.92,
        337.43
      ],
      "score": 0.9682999849319458
    },
    {
      "id": 2,
      "part": "Trunk lid",
      "class_id": 6,
      "bbox": [
        59.8,
        135.32,
        121.48,
        219.92
      ],
      "score": 0.9682999849319458
    },
    {
      "id": 3,
      "part": "Rear lamp(L)",
      "class_id": 7,
      "bbox": [
        55.17,
        212.62,
        656.78,
        541.01
      ],
      "score": 0.9239000082015991
    },
    {
      "id": 4,
      "part": "Trunk lid",
      "class_id": 6,
      "bbox": [
        275.46,
        186.1,
        541.78,
        342.74
      ],
      "score": 0.9043999910354614
    },
    {
      "id": 5,
      "part": "Trunk lid",
      "class_id": 6,
      "bbox": [
        275.68,
        191.11,
        348.66,
        287.13
      ],
      "score": 0.37439998984336853
    }
  ]
}