{
  "image_path": "C:\\Users\\swu\\Desktop\\sample\\part_sample_17190\\1.원천데이터\\part\\0001212_as-0025934.jpg",
  "parts": [
    {
      "id": 1,
      "part": "Front bumper",
      "class_id": 0,
      "bbox": [
        191.0552978515625,
        183.95257568359375,
        706.2030029296875,
        463.2369384765625
      ],
      "score": 0.956093430519104
    },
    {
      "id": 2,
      "part": "Rear lamp(R)",
      "class_id": 8,
      "bbox": [
        180.12657165527344,
        83.71559143066406,
        249.8131103515625,
        292.84423828125
      ],
      "score": 0.9120132923126221
    }
  ]
}