{
  "image_path": "C:\\Users\\swu\\Desktop\\sample\\part_sample_17190\\1.원천데이터\\part\\0001729_sc-200245.jpg",
  "parts": [
    {
      "id": 1,
      "part": "Front fender(R)",
      "class_id": 11,
      "bbox": [
        83.04950714111328,
        79.73087310791016,
        457.089599609375,
        443.94677734375
      ],
      "score": 0.9469789862632751
    },
    {
      "id": 2,
      "part": "Rear door(L)",
      "class_id": 16,
      "bbox": [
        280.20989990234375,
        175.1104736328125,
        735.1135864257812,
        445.640625
      ],
      "score": 0.7859019041061401
    }
  ]
}