{
  "image_path": "C:\\Users\\swu\\Desktop\\sample\\part_sample_10000\\1.원천데이터\\part\\0001128_sc-183146.jpg",
  "image_size": {
    "width": 800,
    "height": 600
  },
  "parts": [
    {
      "id": 1,
      "part": "Head lights(R)",
      "class_id": 2,
      "bbox": [
        33.44,
        22.83,
        602.46,
        218.38
      ],
      "score": 0.9424999952316284
    },
    {
      "id": 2,
      "part": "Rear lamp(R)",
      "class_id": 8,
      "bbox": [
        451.7,
        67.97,
        692.33,
        355.1
      ],
      "score": 0.8791999816894531
    },
    {
      "id": 3,
      "part": "Front bumper",
      "class_id": 0,
      "bbox": [
        7.99,
        114.87,
        554.4,
        540.34
      ],
      "score": 0.8529999852180481
    },
    {
      "id": 4,
      "part": "Head lights(L)",
      "class_id": 1,
      "bbox": [
        205.3,
        162.61,
        541.58,
        312.07
      ],
      "score": 0.26080000400543213
    }
  ]
}