{
  "image_path": "C:\\Users\\swu\\Desktop\\sample\\part_sample_10000\\1.원천데이터\\part\\0001480_as-0070569.jpg",
  "image_size": {
    "width": 800,
    "height": 600
  },
  "parts": [
    {
      "id": 1,
      "part": "Front fender(R)",
      "class_id": 11,
      "bbox": [
        251.85,
        29.79,
        532.06,
        382.38
      ],
      "score": 0.9621999859809875
    },
    {
      "id": 2,
      "part": "Front fender(L)",
      "class_id": 10,
      "bbox": [
        98.24,
        33.01,
        321.99,
        346.44
      ],
      "score": 0.9440000057220459
    },
    {
      "id": 3,
      "part": "Rear lamp(R)",
      "class_id": 8,
      "bbox": [
        28.7,
        152.36,
        130.96,
        302.92
      ],
      "score": 0.4115000069141388
    },
    {
      "id": 4,
      "part": "Rear lamp(L)",
      "class_id": 7,
      "bbox": [
        659.49,
        264.87,
        800.0,
        547.69
      ],
      "score": 0.3937000036239624
    },
    {
      "id": 5,
      "part": "Rear door(L)",
      "class_id": 16,
      "bbox": [
        408.59,
        115.42,
        800.0,
        390.28
      ],
      "score": 0.374099999666214
    }
  ]
}