{
  "image_path": "C:\\Users\\swu\\Desktop\\sample\\part_sample_17190\\1.원천데이터\\part\\0001377_as-3539791.jpg",
  "parts": [
    {
      "id": 1,
      "part": "Rear door(L)",
      "class_id": 16,
      "bbox": [
        270.68548583984375,
        146.97361755371094,
        639.746826171875,
        371.07012939453125
      ],
      "score": 0.95424485206604
    },
    {
      "id": 2,
      "part": "Rear lamp(L)",
      "class_id": 7,
      "bbox": [
        16.39690399169922,
        235.24163818359375,
        545.1395874023438,
        548.1844482421875
      ],
      "score": 0.6291112899780273
    }
  ]
}