{
  "image_path": "C:\\Users\\swu\\Desktop\\sample\\part_sample_17190\\1.원천데이터\\part\\0001933_as-0037736.jpg",
  "parts": [
    {
      "id": 1,
      "part": "Front fender(R)",
      "class_id": 11,
      "bbox": [
        546.5838623046875,
        88.06163787841797,
        666.6279296875,
        350.9330749511719
      ],
      "score": 0.9441376328468323
    },
    {
      "id": 2,
      "part": "Rear door(L)",
      "class_id": 16,
      "bbox": [
        463.64727783203125,
        192.76065063476562,
        626.0819091796875,
        359.850341796875
      ],
      "score": 0.8394210338592529
    },
    {
      "id": 3,
      "part": "Front fender(L)",
      "class_id": 10,
      "bbox": [
        617.8704223632812,
        88.44315338134766,
        711.9873657226562,
        306.96771240234375
      ],
      "score": 0.3801003396511078
    }
  ]
}