{
  "image_path": "C:\\Users\\swu\\Desktop\\sample\\part_sample_10000\\1.원천데이터\\part\\0001976_sc-145043.jpg",
  "image_size": {
    "width": 800,
    "height": 600
  },
  "parts": [
    {
      "id": 1,
      "part": "Front fender(R)",
      "class_id": 11,
      "bbox": [
        403.3,
        133.1,
        778.54,
        521.53
      ],
      "score": 0.9587000012397766
    },
    {
      "id": 2,
      "part": "Front fender(L)",
      "class_id": 10,
      "bbox": [
        70.78,
        129.52,
        468.57,
        509.38
      ],
      "score": 0.9541000127792358
    },
    {
      "id": 3,
      "part": "Rear bumper",
      "class_id": 9,
      "bbox": [
        43.96,
        285.59,
        109.74,
        344.72
      ],
      "score": 0.8533999919891357
    },
    {
      "id": 4,
      "part": "Rear lamp(R)",
      "class_id": 8,
      "bbox": [
        0.0,
        248.63,
        100.83,
        474.99
      ],
      "score": 0.7394000291824341
    },
    {
      "id": 5,
      "part": "Side mirror(L)",
      "class_id": 12,
      "bbox": [
        81.13,
        471.72,
        600.69,
        548.34
      ],
      "score": 0.2094999998807907
    }
  ]
}