{
  "image_path": "C:\\Users\\swu\\Desktop\\sample\\part_sample_10000\\1.원천데이터\\part\\0001656_sc-1040572.jpg",
  "image_size": {
    "width": 800,
    "height": 600
  },
  "parts": [
    {
      "id": 1,
      "part": "Rear lamp(L)",
      "class_id": 7,
      "bbox": [
        11.08,
        200.45,
        565.95,
        599.0
      ],
      "score": 0.8973000049591064
    },
    {
      "id": 2,
      "part": "Rear door(L)",
      "class_id": 16,
      "bbox": [
        360.69,
        48.4,
        636.86,
        372.2
      ],
      "score": 0.8826000094413757
    }
  ]
}