{
  "image_path": "C:\\Users\\swu\\Desktop\\sample\\part_sample_10000\\1.원천데이터\\part\\0001960_as-2937825.jpg",
  "image_size": {
    "width": 800,
    "height": 600
  },
  "parts": [
    {
      "id": 1,
      "part": "Front bumper",
      "class_id": 0,
      "bbox": [
        357.29,
        184.62,
        628.98,
        596.49
      ],
      "score": 0.8046000003814697
    },
    {
      "id": 2,
      "part": "Rear lamp(R)",
      "class_id": 8,
      "bbox": [
        108.33,
        108.85,
        437.46,
        483.13
      ],
      "score": 0.42750000953674316
    }
  ]
}