{
  "image_path": "C:\\Users\\swu\\Desktop\\sample\\part_sample_17190\\1.원천데이터\\part\\0001311_sc-150389.jpg",
  "parts": [
    {
      "id": 1,
      "part": "Rear lamp(L)",
      "class_id": 7,
      "bbox": [
        46.39030456542969,
        288.7244873046875,
        581.7999877929688,
        568.4085083007812
      ],
      "score": 0.8491015434265137
    },
    {
      "id": 2,
      "part": "Rear door(L)",
      "class_id": 16,
      "bbox": [
        270.5154724121094,
        175.32493591308594,
        696.1614990234375,
        380.0910949707031
      ],
      "score": 0.4846632778644562
    }
  ]
}