{
  "image_path": "C:\\Users\\swu\\Desktop\\sample\\part_sample_10000\\1.원천데이터\\part\\0001060_as-3350548.jpg",
  "image_size": {
    "width": 800,
    "height": 600
  },
  "parts": [
    {
      "id": 1,
      "part": "Front bumper",
      "class_id": 0,
      "bbox": [
        2.91,
        96.1,
        738.24,
        498.07
      ],
      "score": 0.6973000168800354
    },
    {
      "id": 2,
      "part": "Head lights(L)",
      "class_id": 1,
      "bbox": [
        593.24,
        1.14,
        737.96,
        240.46
      ],
      "score": 0.41370001435279846
    },
    {
      "id": 3,
      "part": "Head lights(L)",
      "class_id": 1,
      "bbox": [
        0.0,
        0.06,
        111.41,
        227.86
      ],
      "score": 0.39430001378059387
    },
    {
      "id": 4,
      "part": "Head lights(R)",
      "class_id": 2,
      "bbox": [
        31.92,
        0.06,
        705.87,
        262.34
      ],
      "score": 0.2321999967098236
    }
  ]
}