{
  "image_path": "C:\\Users\\swu\\Desktop\\sample\\part_sample_10000\\1.원천데이터\\part\\0001226_as-0047330.jpg",
  "image_size": {
    "width": 800,
    "height": 600
  },
  "parts": [
    {
      "id": 1,
      "part": "Head lights(L)",
      "class_id": 1,
      "bbox": [
        310.4,
        232.09,
        574.27,
        346.06
      ],
      "score": 0.8833000063896179
    },
    {
      "id": 2,
      "part": "Front bumper",
      "class_id": 0,
      "bbox": [
        21.5,
        126.9,
        605.13,
        488.7
      ],
      "score": 0.8586000204086304
    }
  ]
}