{
  "image_path": "C:\\Users\\swu\\Desktop\\sample\\part_sample_17190\\1.원천데이터\\part\\0001596_sc-180632.jpg",
  "parts": [
    {
      "id": 1,
      "part": "Side mirror(L)",
      "class_id": 12,
      "bbox": [
        97.13763427734375,
        546.0389404296875,
        588.177734375,
        667.8685302734375
      ],
      "score": 0.7466073036193848
    },
    {
      "id": 2,
      "part": "Rear lamp(L)",
      "class_id": 7,
      "bbox": [
        817.8818969726562,
        363.04229736328125,
        1260.080078125,
        735.3583374023438
      ],
      "score": 0.7078182697296143
    }
  ]
}