{
  "image_path": "C:\\Users\\swu\\Desktop\\sample\\part_sample_17190\\1.원천데이터\\part\\0001675_sc-118346.jpg",
  "parts": [
    {
      "id": 1,
      "part": "Front bumper",
      "class_id": 0,
      "bbox": [
        96.524658203125,
        72.46437072753906,
        521.2017822265625,
        564.447265625
      ],
      "score": 0.9644428491592407
    },
    {
      "id": 2,
      "part": "Rear lamp(R)",
      "class_id": 8,
      "bbox": [
        461.589599609375,
        52.195892333984375,
        654.524169921875,
        397.66552734375
      ],
      "score": 0.5436882972717285
    }
  ]
}