{
  "image_path": "C:\\Users\\swu\\Desktop\\sample\\part_sample_10000\\1.원천데이터\\part\\0001792_as-0090045.jpg",
  "image_size": {
    "width": 800,
    "height": 600
  },
  "parts": [
    {
      "id": 1,
      "part": "Rear door(L)",
      "class_id": 16,
      "bbox": [
        28.55,
        111.97,
        598.84,
        484.86
      ],
      "score": 0.3203999996185303
    },
    {
      "id": 2,
      "part": "Rear lamp(L)",
      "class_id": 7,
      "bbox": [
        228.21,
        255.17,
        800.0,
        600.0
      ],
      "score": 0.28929999470710754
    }
  ]
}