{
  "image_path": "C:\\Users\\swu\\Desktop\\sample\\part_sample_17190\\1.원천데이터\\part\\0001483_as-0070569.jpg",
  "parts": [
    {
      "id": 1,
      "part": "Front fender(R)",
      "class_id": 11,
      "bbox": [
        229.87930297851562,
        72.2396469116211,
        453.6585998535156,
        377.9608154296875
      ],
      "score": 0.9340093731880188
    },
    {
      "id": 2,
      "part": "Front fender(L)",
      "class_id": 10,
      "bbox": [
        103.5281753540039,
        73.38164520263672,
        296.12542724609375,
        347.39788818359375
      ],
      "score": 0.8967076539993286
    },
    {
      "id": 3,
      "part": "Side mirror(L)",
      "class_id": 12,
      "bbox": [
        112.76248931884766,
        296.6973571777344,
        393.90057373046875,
        425.17071533203125
      ],
      "score": 0.893900990486145
    },
    {
      "id": 4,
      "part": "Trunk lid",
      "class_id": 6,
      "bbox": [
        648.7257080078125,
        248.3484649658203,
        799.6033935546875,
        341.29205322265625
      ],
      "score": 0.6999487280845642
    },
    {
      "id": 5,
      "part": "Rear door(L)",
      "class_id": 16,
      "bbox": [
        356.71240234375,
        169.36138916015625,
        800.0,
        390.0101013183594
      ],
      "score": 0.5545227527618408
    }
  ]
}