{
  "image_path": "C:\\Users\\swu\\Desktop\\sample\\part_sample_10000\\1.원천데이터\\part\\0001762_as-3532796.jpg",
  "image_size": {
    "width": 800,
    "height": 600
  },
  "parts": [
    {
      "id": 1,
      "part": "Rear lamp(L)",
      "class_id": 7,
      "bbox": [
        184.89,
        245.98,
        597.01,
        584.58
      ],
      "score": 0.9448000192642212
    },
    {
      "id": 2,
      "part": "Roof",
      "class_id": 5,
      "bbox": [
        207.62,
        153.22,
        545.44,
        398.45
      ],
      "score": 0.9243000149726868
    },
    {
      "id": 3,
      "part": "Front fender(R)",
      "class_id": 11,
      "bbox": [
        602.03,
        49.69,
        800.0,
        470.33
      ],
      "score": 0.25929999351501465
    }
  ]
}