{
  "image_path": "C:\\Users\\swu\\Desktop\\sample\\part_sample_17190\\1.원천데이터\\part\\0001480_as-0070569.jpg",
  "parts": [
    {
      "id": 1,
      "part": "Front fender(L)",
      "class_id": 10,
      "bbox": [
        99.58175659179688,
        32.83435821533203,
        322.680908203125,
        345.7436828613281
      ],
      "score": 0.959300696849823
    },
    {
      "id": 2,
      "part": "Front fender(R)",
      "class_id": 11,
      "bbox": [
        251.79354858398438,
        30.338592529296875,
        530.3580932617188,
        383.34539794921875
      ],
      "score": 0.9423848986625671
    },
    {
      "id": 3,
      "part": "Side mirror(L)",
      "class_id": 12,
      "bbox": [
        109.98916625976562,
        299.03863525390625,
        447.6205139160156,
        431.9326171875
      ],
      "score": 0.7994787096977234
    },
    {
      "id": 4,
      "part": "Rear door(L)",
      "class_id": 16,
      "bbox": [
        407.17401123046875,
        119.76592254638672,
        799.6861572265625,
        390.07452392578125
      ],
      "score": 0.5111011862754822
    },
    {
      "id": 5,
      "part": "Rear lamp(R)",
      "class_id": 8,
      "bbox": [
        33.404571533203125,
        149.25994873046875,
        126.67355346679688,
        301.27642822265625
      ],
      "score": 0.34474390745162964
    }
  ]
}