{
  "image_path": "C:\\Users\\swu\\Desktop\\sample\\part_sample_10000\\1.원천데이터\\part\\0001302_sc-150389.jpg",
  "image_size": {
    "width": 800,
    "height": 600
  },
  "parts": [
    {
      "id": 1,
      "part": "Rear door(L)",
      "class_id": 16,
      "bbox": [
        224.45,
        143.77,
        680.91,
        412.95
      ],
      "score": 0.9599000215530396
    },
    {
      "id": 2,
      "part": "Rear lamp(L)",
      "class_id": 7,
      "bbox": [
        314.11,
        233.78,
        800.0,
        600.0
      ],
      "score": 0.3418000042438507
    },
    {
      "id": 3,
      "part": "Front fender(R)",
      "class_id": 11,
      "bbox": [
        140.45,
        0.0,
        299.4,
        359.83
      ],
      "score": 0.28040000796318054
    },
    {
      "id": 4,
      "part": "Roof",
      "class_id": 5,
      "bbox": [
        517.28,
        85.71,
        800.0,
        462.8
      ],
      "score": 0.20980000495910645
    }
  ]
}