{
  "image_path": "C:\\Users\\swu\\Desktop\\sample\\part_sample_10000\\1.원천데이터\\part\\0001417_as-0040786.jpg",
  "image_size": {
    "width": 800,
    "height": 600
  },
  "parts": [
    {
      "id": 1,
      "part": "Rear lamp(L)",
      "class_id": 7,
      "bbox": [
        27.92,
        230.92,
        570.99,
        550.18
      ],
      "score": 0.8346999883651733
    },
    {
      "id": 2,
      "part": "Front fender(R)",
      "class_id": 11,
      "bbox": [
        549.2,
        37.79,
        691.14,
        340.71
      ],
      "score": 0.1703999936580658
    }
  ]
}