{
  "image_path": "C:\\Users\\swu\\Desktop\\sample\\part_sample_17190\\1.원천데이터\\part\\0001533_as-0077824.jpg",
  "parts": [
    {
      "id": 1,
      "part": "Rear lamp(L)",
      "class_id": 7,
      "bbox": [
        289.64959716796875,
        210.52932739257812,
        710.39599609375,
        525.2900390625
      ],
      "score": 0.9529052376747131
    },
    {
      "id": 2,
      "part": "Rear door(L)",
      "class_id": 16,
      "bbox": [
        204.0847625732422,
        144.0317840576172,
        466.2138366699219,
        394.3719787597656
      ],
      "score": 0.9144399166107178
    }
  ]
}