{
  "image_path": "C:\\Users\\swu\\Desktop\\sample\\part_sample_17190\\1.원천데이터\\part\\0001128_sc-183146.jpg",
  "parts": [
    {
      "id": 1,
      "part": "Head lights(R)",
      "class_id": 2,
      "bbox": [
        35.67237854003906,
        23.186359405517578,
        602.52685546875,
        219.117431640625
      ],
      "score": 0.9540808796882629
    },
    {
      "id": 2,
      "part": "Front bumper",
      "class_id": 0,
      "bbox": [
        6.50115966796875,
        118.59626770019531,
        557.3985595703125,
        540.55859375
      ],
      "score": 0.9286221861839294
    },
    {
      "id": 3,
      "part": "Rear lamp(R)",
      "class_id": 8,
      "bbox": [
        450.7875061035156,
        65.73455810546875,
        717.8355712890625,
        358.76116943359375
      ],
      "score": 0.8711097240447998
    },
    {
      "id": 4,
      "part": "Head lights(L)",
      "class_id": 1,
      "bbox": [
        208.93679809570312,
        163.5692596435547,
        536.9829711914062,
        312.06427001953125
      ],
      "score": 0.39347925782203674
    }
  ]
}