{
  "image_path": "C:\\Users\\swu\\Desktop\\sample\\part_sample_10000\\1.원천데이터\\part\\0001289_as-0070059.jpg",
  "image_size": {
    "width": 800,
    "height": 600
  },
  "parts": [
    {
      "id": 1,
      "part": "Rear lamp(R)",
      "class_id": 8,
      "bbox": [
        126.44,
        91.16,
        377.87,
        275.35
      ],
      "score": 0.8162999749183655
    },
    {
      "id": 2,
      "part": "Front bumper",
      "class_id": 0,
      "bbox": [
        256.44,
        193.25,
        575.99,
        600.0
      ],
      "score": 0.3402999937534332
    }
  ]
}