{
  "image_path": "C:\\Users\\swu\\Desktop\\sample\\part_sample_10000\\1.원천데이터\\part\\0001847_as-0018547.jpg",
  "image_size": {
    "width": 800,
    "height": 600
  },
  "parts": [
    {
      "id": 1,
      "part": "Rear door(L)",
      "class_id": 16,
      "bbox": [
        111.54,
        21.28,
        743.38,
        434.44
      ],
      "score": 0.6972000002861023
    },
    {
      "id": 2,
      "part": "Rear lamp(L)",
      "class_id": 7,
      "bbox": [
        1.09,
        228.0,
        530.44,
        600.0
      ],
      "score": 0.66839998960495
    },
    {
      "id": 3,
      "part": "Front fender(R)",
      "class_id": 11,
      "bbox": [
        688.95,
        0.43,
        800.0,
        430.49
      ],
      "score": 0.4221000075340271
    },
    {
      "id": 4,
      "part": "Rocker panel(L)",
      "class_id": 18,
      "bbox": [
        407.45,
        335.58,
        697.99,
        599.92
      ],
      "score": 0.34529998898506165
    }
  ]
}