{
  "image_path": "C:\\Users\\swu\\Desktop\\sample\\part_sample_17190\\1.원천데이터\\part\\0001136_as-2931761.jpg",
  "parts": [
    {
      "id": 1,
      "part": "Front bumper",
      "class_id": 0,
      "bbox": [
        216.38275146484375,
        134.66192626953125,
        675.3622436523438,
        514.40087890625
      ],
      "score": 0.9799251556396484
    },
    {
      "id": 2,
      "part": "Rear lamp(R)",
      "class_id": 8,
      "bbox": [
        122.92994689941406,
        57.378177642822266,
        263.7999267578125,
        318.0648193359375
      ],
      "score": 0.8397022485733032
    }
  ]
}