{
  "image_path": "C:\\Users\\swu\\Desktop\\sample\\part_sample_10000\\1.원천데이터\\part\\0001553_as-0073135.jpg",
  "image_size": {
    "width": 800,
    "height": 600
  },
  "parts": [
    {
      "id": 1,
      "part": "Head lights(R)",
      "class_id": 2,
      "bbox": [
        319.07,
        143.7,
        671.75,
        304.21
      ],
      "score": 0.9473999738693237
    },
    {
      "id": 2,
      "part": "Front bumper",
      "class_id": 0,
      "bbox": [
        351.45,
        251.79,
        740.36,
        551.6
      ],
      "score": 0.9082000255584717
    },
    {
      "id": 3,
      "part": "Rear lamp(R)",
      "class_id": 8,
      "bbox": [
        234.24,
        211.97,
        404.77,
        429.83
      ],
      "score": 0.8841000199317932
    },
    {
      "id": 4,
      "part": "Front fender(L)",
      "class_id": 10,
      "bbox": [
        74.64,
        60.36,
        240.57,
        421.31
      ],
      "score": 0.8320000171661377
    }
  ]
}