{
  "image_path": "C:\\Users\\swu\\Desktop\\sample\\part_sample_10000\\1.원천데이터\\part\\0001064_sc-123724.jpg",
  "image_size": {
    "width": 800,
    "height": 600
  },
  "parts": [
    {
      "id": 1,
      "part": "Front bumper",
      "class_id": 0,
      "bbox": [
        283.08,
        117.45,
        723.95,
        531.79
      ],
      "score": 0.9405999779701233
    },
    {
      "id": 2,
      "part": "Head lights(L)",
      "class_id": 1,
      "bbox": [
        279.72,
        124.89,
        569.18,
        318.34
      ],
      "score": 0.6644999980926514
    }
  ]
}