{
  "image_path": "C:\\Users\\swu\\Desktop\\sample\\part_sample_17190\\1.원천데이터\\part\\0001898_sc-153277.jpg",
  "parts": [
    {
      "id": 1,
      "part": "Front fender(R)",
      "class_id": 11,
      "bbox": [
        537.7943115234375,
        93.95584106445312,
        681.5640869140625,
        387.3758239746094
      ],
      "score": 0.9361047744750977
    },
    {
      "id": 2,
      "part": "Rear door(L)",
      "class_id": 16,
      "bbox": [
        242.67027282714844,
        184.72903442382812,
        590.0009155273438,
        405.92083740234375
      ],
      "score": 0.881395161151886
    },
    {
      "id": 3,
      "part": "Side mirror(L)",
      "class_id": 12,
      "bbox": [
        561.529296875,
        307.156005859375,
        726.8468627929688,
        430.14947509765625
      ],
      "score": 0.5905174612998962
    }
  ]
}