{
  "image_path": "C:\\Users\\swu\\Desktop\\sample\\part_sample_17190\\1.원천데이터\\part\\0001747_sc-1003691.jpg",
  "parts": [
    {
      "id": 1,
      "part": "Front fender(R)",
      "class_id": 11,
      "bbox": [
        110.24406433105469,
        43.320350646972656,
        364.1546936035156,
        346.7874755859375
      ],
      "score": 0.9068251848220825
    },
    {
      "id": 2,
      "part": "Side mirror(L)",
      "class_id": 12,
      "bbox": [
        202.18597412109375,
        325.2490234375,
        723.0126953125,
        425.794677734375
      ],
      "score": 0.8928787112236023
    },
    {
      "id": 3,
      "part": "Rear door(L)",
      "class_id": 16,
      "bbox": [
        11.935901641845703,
        112.08824157714844,
        222.8612060546875,
        324.57440185546875
      ],
      "score": 0.806845486164093
    },
    {
      "id": 4,
      "part": "Front fender(L)",
      "class_id": 10,
      "bbox": [
        347.6993408203125,
        41.57032012939453,
        722.0433349609375,
        395.6844787597656
      ],
      "score": 0.5982505083084106
    }
  ]
}