{
  "image_path": "C:\\Users\\swu\\Desktop\\sample\\part_sample_17190\\1.원천데이터\\part\\0001977_sc-145043.jpg",
  "parts": [
    {
      "id": 1,
      "part": "Rear bumper",
      "class_id": 9,
      "bbox": [
        469.9691162109375,
        205.87982177734375,
        571.5722045898438,
        379.38897705078125
      ],
      "score": 0.9069505929946899
    },
    {
      "id": 2,
      "part": "Rear lamp(R)",
      "class_id": 8,
      "bbox": [
        0.0,
        213.0231475830078,
        445.18853759765625,
        596.4550170898438
      ],
      "score": 0.6485154628753662
    },
    {
      "id": 3,
      "part": "Front fender(L)",
      "class_id": 10,
      "bbox": [
        417.2123718261719,
        0.118865966796875,
        796.3711547851562,
        564.2586669921875
      ],
      "score": 0.6431082487106323
    }
  ]
}