{
  "image_path": "C:\\Users\\swu\\Desktop\\sample\\part_sample_17190\\1.원천데이터\\part\\0001766_sc-164021.jpg",
  "parts": [
    {
      "id": 1,
      "part": "Front fender(R)",
      "class_id": 11,
      "bbox": [
        76.58683013916016,
        56.928138732910156,
        218.02703857421875,
        344.85760498046875
      ],
      "score": 0.8809632658958435
    },
    {
      "id": 2,
      "part": "Rear door(L)",
      "class_id": 16,
      "bbox": [
        144.89956665039062,
        162.50582885742188,
        436.7684326171875,
        353.4344787597656
      ],
      "score": 0.6911566853523254
    }
  ]
}