{
  "image_path": "C:\\Users\\swu\\Desktop\\sample\\part_sample_17190\\1.원천데이터\\part\\0001461_as-0073284.jpg",
  "parts": [
    {
      "id": 1,
      "part": "Front bumper",
      "class_id": 0,
      "bbox": [
        22.767791748046875,
        248.69134521484375,
        496.142333984375,
        545.00634765625
      ],
      "score": 0.9575720429420471
    },
    {
      "id": 2,
      "part": "Rear lamp(R)",
      "class_id": 8,
      "bbox": [
        440.34295654296875,
        160.94647216796875,
        588.5396728515625,
        354.6368103027344
      ],
      "score": 0.9159398674964905
    }
  ]
}