{
  "image_path": "C:\\Users\\swu\\Desktop\\sample\\part_sample_17190\\1.원천데이터\\part\\0001552_as-0073135.jpg",
  "parts": [
    {
      "id": 1,
      "part": "Front bumper",
      "class_id": 0,
      "bbox": [
        115.7474136352539,
        212.37350463867188,
        413.94293212890625,
        497.8035888671875
      ],
      "score": 0.9495537877082825
    },
    {
      "id": 2,
      "part": "Rear lamp(R)",
      "class_id": 8,
      "bbox": [
        355.2496337890625,
        188.29757690429688,
        565.9990844726562,
        413.7887268066406
      ],
      "score": 0.9462109804153442
    },
    {
      "id": 3,
      "part": "Head lights(R)",
      "class_id": 2,
      "bbox": [
        173.1786346435547,
        113.72657775878906,
        472.4653625488281,
        262.47467041015625
      ],
      "score": 0.928646445274353
    },
    {
      "id": 4,
      "part": "Head lights(L)",
      "class_id": 1,
      "bbox": [
        267.3443603515625,
        244.83482360839844,
        423.0790710449219,
        347.6545715332031
      ],
      "score": 0.8584100008010864
    },
    {
      "id": 5,
      "part": "Front fender(L)",
      "class_id": 10,
      "bbox": [
        554.8128662109375,
        43.01322937011719,
        778.3779296875,
        407.65972900390625
      ],
      "score": 0.6453580856323242
    },
    {
      "id": 6,
      "part": "Side mirror(L)",
      "class_id": 12,
      "bbox": [
        534.6959228515625,
        309.666015625,
        800.0,
        427.72796630859375
      ],
      "score": 0.31879737973213196
    }
  ]
}