{
  "image_path": "C:\\Users\\swu\\Desktop\\sample\\part_sample_17190\\1.원천데이터\\part\\0001832_as-0082211.jpg",
  "parts": [
    {
      "id": 1,
      "part": "Head lights(R)",
      "class_id": 2,
      "bbox": [
        158.9952850341797,
        140.71826171875,
        539.5166625976562,
        274.3173828125
      ],
      "score": 0.9416439533233643
    },
    {
      "id": 2,
      "part": "Front bumper",
      "class_id": 0,
      "bbox": [
        128.31275939941406,
        193.88253784179688,
        483.13629150390625,
        486.2283935546875
      ],
      "score": 0.8951278328895569
    }
  ]
}