{
  "image_path": "C:\\Users\\swu\\Desktop\\sample\\part_sample_10000\\1.원천데이터\\part\\0001292_as-0070059.jpg",
  "image_size": {
    "width": 800,
    "height": 600
  },
  "parts": [
    {
      "id": 1,
      "part": "Head lights(L)",
      "class_id": 1,
      "bbox": [
        156.6,
        253.0,
        263.52,
        392.97
      ],
      "score": 0.9401999711990356
    },
    {
      "id": 2,
      "part": "Front bumper",
      "class_id": 0,
      "bbox": [
        238.7,
        321.0,
        499.54,
        409.78
      ],
      "score": 0.8237000107765198
    }
  ]
}