{
  "image_path": "C:\\Users\\swu\\Desktop\\sample\\part_sample_10000\\1.원천데이터\\part\\0001527_as-0026643.jpg",
  "image_size": {
    "width": 800,
    "height": 600
  },
  "parts": [
    {
      "id": 1,
      "part": "Front bumper",
      "class_id": 0,
      "bbox": [
        335.14,
        143.61,
        679.37,
        425.11
      ],
      "score": 0.9390000104904175
    },
    {
      "id": 2,
      "part": "Front fender(L)",
      "class_id": 10,
      "bbox": [
        667.05,
        0.22,
        782.6,
        123.63
      ],
      "score": 0.3723999857902527
    }
  ]
}