{
  "image_path": "C:\\Users\\swu\\Desktop\\sample\\part_sample_17190\\1.원천데이터\\part\\0001457_sc-1034001.jpg",
  "parts": [
    {
      "id": 1,
      "part": "Front bumper",
      "class_id": 0,
      "bbox": [
        539.474609375,
        139.1826171875,
        707.853515625,
        556.9298095703125
      ],
      "score": 0.8049242496490479
    },
    {
      "id": 2,
      "part": "Head lights(L)",
      "class_id": 1,
      "bbox": [
        522.3819580078125,
        222.6031036376953,
        688.202392578125,
        322.36456298828125
      ],
      "score": 0.6540756821632385
    }
  ]
}