{
  "image_path": "C:\\Users\\swu\\Desktop\\sample\\part_sample_10000\\1.원천데이터\\part\\0001992_as-0054514.jpg",
  "image_size": {
    "width": 800,
    "height": 600
  },
  "parts": [
    {
      "id": 1,
      "part": "Rear lamp(R)",
      "class_id": 8,
      "bbox": [
        285.96,
        130.24,
        615.05,
        378.68
      ],
      "score": 0.7621999979019165
    },
    {
      "id": 2,
      "part": "Front fender(L)",
      "class_id": 10,
      "bbox": [
        73.41,
        0.0,
        309.44,
        361.02
      ],
      "score": 0.515500009059906
    },
    {
      "id": 3,
      "part": "Front bumper",
      "class_id": 0,
      "bbox": [
        511.75,
        167.4,
        799.96,
        497.35
      ],
      "score": 0.3772999942302704
    }
  ]
}