{
  "image_path": "C:\\Users\\swu\\Desktop\\sample\\part_sample_17190\\1.원천데이터\\part\\0001253_sc-203894.jpg",
  "parts": [
    {
      "id": 1,
      "part": "Rear lamp(L)",
      "class_id": 7,
      "bbox": [
        105.11932373046875,
        220.1019287109375,
        572.0317993164062,
        496.3504638671875
      ],
      "score": 0.8687861561775208
    },
    {
      "id": 2,
      "part": "Trunk lid",
      "class_id": 6,
      "bbox": [
        243.39840698242188,
        208.29017639160156,
        537.6118774414062,
        296.05499267578125
      ],
      "score": 0.7497442960739136
    }
  ]
}