{
  "image_path": "C:\\Users\\swu\\Desktop\\sample\\part_sample_17190\\1.원천데이터\\part\\0001809_as-0032868.jpg",
  "parts": [
    {
      "id": 1,
      "part": "Front bumper",
      "class_id": 0,
      "bbox": [
        177.04103088378906,
        196.62753295898438,
        515.3173828125,
        514.5935668945312
      ],
      "score": 0.9349272847175598
    },
    {
      "id": 2,
      "part": "Head lights(R)",
      "class_id": 2,
      "bbox": [
        194.5209503173828,
        109.1097412109375,
        560.88232421875,
        249.84449768066406
      ],
      "score": 0.9225049614906311
    }
  ]
}