{
  "image_path": "C:\\Users\\swu\\Desktop\\sample\\part_sample_17190\\1.원천데이터\\part\\0001199_as-0028440.jpg",
  "parts": [
    {
      "id": 1,
      "part": "Front fender(L)",
      "class_id": 10,
      "bbox": [
        500.6202697753906,
        83.95001220703125,
        631.0092163085938,
        359.4006652832031
      ],
      "score": 0.8850164413452148
    },
    {
      "id": 2,
      "part": "Side mirror(L)",
      "class_id": 12,
      "bbox": [
        491.9892883300781,
        253.5,
        674.714599609375,
        391.65167236328125
      ],
      "score": 0.32824382185935974
    }
  ]
}