{
  "image_path": "C:\\Users\\swu\\Desktop\\sample\\part_sample_10000\\1.원천데이터\\part\\0001248_sc-140204.jpg",
  "image_size": {
    "width": 800,
    "height": 600
  },
  "parts": [
    {
      "id": 1,
      "part": "Rear lamp(R)",
      "class_id": 8,
      "bbox": [
        478.86,
        48.26,
        723.47,
        330.44
      ],
      "score": 0.960099995136261
    },
    {
      "id": 2,
      "part": "Rear lamp(R)",
      "class_id": 8,
      "bbox": [
        644.91,
        48.08,
        703.69,
        106.29
      ],
      "score": 0.2919999957084656
    },
    {
      "id": 3,
      "part": "Front bumper",
      "class_id": 0,
      "bbox": [
        0.61,
        59.88,
        568.27,
        532.49
      ],
      "score": 0.16030000150203705
    }
  ]
}