{
  "image_path": "C:\\Users\\swu\\Desktop\\sample\\part_sample_10000\\1.원천데이터\\part\\0001377_as-3539791.jpg",
  "image_size": {
    "width": 800,
    "height": 600
  },
  "parts": [
    {
      "id": 1,
      "part": "Rear door(L)",
      "class_id": 16,
      "bbox": [
        269.47,
        146.27,
        639.71,
        372.72
      ],
      "score": 0.9488000273704529
    },
    {
      "id": 2,
      "part": "Front fender(R)",
      "class_id": 11,
      "bbox": [
        587.83,
        37.52,
        727.55,
        360.78
      ],
      "score": 0.25850000977516174
    }
  ]
}