{
  "image_path": "C:\\Users\\swu\\Desktop\\sample\\part_sample_17190\\1.원천데이터\\part\\0001656_sc-1040572.jpg",
  "parts": [
    {
      "id": 1,
      "part": "Rear door(L)",
      "class_id": 16,
      "bbox": [
        359.0030517578125,
        52.463417053222656,
        638.2325439453125,
        369.8686218261719
      ],
      "score": 0.8088263273239136
    },
    {
      "id": 2,
      "part": "Rear lamp(L)",
      "class_id": 7,
      "bbox": [
        11.1041259765625,
        197.970458984375,
        564.9586181640625,
        597.5499267578125
      ],
      "score": 0.7330989837646484
    }
  ]
}