{
  "image_path": "C:\\Users\\swu\\Desktop\\sample\\part_sample_17190\\1.원천데이터\\part\\0001975_sc-145043.jpg",
  "parts": [
    {
      "id": 1,
      "part": "Rear lamp(R)",
      "class_id": 8,
      "bbox": [
        288.2554626464844,
        125.34400939941406,
        699.69482421875,
        466.95654296875
      ],
      "score": 0.9597917795181274
    },
    {
      "id": 2,
      "part": "Rear bumper",
      "class_id": 9,
      "bbox": [
        724.1427612304688,
        137.11631774902344,
        800.0,
        276.4197998046875
      ],
      "score": 0.6536368727684021
    }
  ]
}