{
  "image_path": "C:\\Users\\swu\\Desktop\\sample\\part_sample_17190\\1.원천데이터\\part\\0001395_as-0089972.jpg",
  "parts": [
    {
      "id": 1,
      "part": "Head lights(L)",
      "class_id": 1,
      "bbox": [
        216.49330139160156,
        110.24716186523438,
        651.802001953125,
        316.80377197265625
      ],
      "score": 0.9187917113304138
    },
    {
      "id": 2,
      "part": "Front bumper",
      "class_id": 0,
      "bbox": [
        90.62660217285156,
        80.1449203491211,
        607.39892578125,
        535.16064453125
      ],
      "score": 0.879989743232727
    },
    {
      "id": 3,
      "part": "Rear lamp(R)",
      "class_id": 8,
      "bbox": [
        513.6463623046875,
        0.17223358154296875,
        799.894287109375,
        366.2199401855469
      ],
      "score": 0.28989049792289734
    }
  ]
}