{
  "image_path": "C:\\Users\\swu\\Desktop\\sample\\part_sample_17190\\1.원천데이터\\part\\0001939_as-0037736.jpg",
  "parts": [
    {
      "id": 1,
      "part": "Rear lamp(L)",
      "class_id": 7,
      "bbox": [
        262.33636474609375,
        295.6082763671875,
        687.7607421875,
        540.7318725585938
      ],
      "score": 0.8873535990715027
    },
    {
      "id": 2,
      "part": "Rear door(L)",
      "class_id": 16,
      "bbox": [
        190.99124145507812,
        214.05014038085938,
        402.9523010253906,
        406.10504150390625
      ],
      "score": 0.6671341061592102
    },
    {
      "id": 3,
      "part": "Roof",
      "class_id": 5,
      "bbox": [
        380.9049987792969,
        181.71485900878906,
        673.3297729492188,
        412.5462341308594
      ],
      "score": 0.6070075035095215
    }
  ]
}