{
  "image_path": "C:\\Users\\swu\\Desktop\\sample\\part_sample_17190\\1.원천데이터\\part\\0001429_as-0043088.jpg",
  "parts": [
    {
      "id": 1,
      "part": "Front bumper",
      "class_id": 0,
      "bbox": [
        172.1642303466797,
        186.49545288085938,
        777.3831787109375,
        514.377197265625
      ],
      "score": 0.9249392747879028
    },
    {
      "id": 2,
      "part": "Head lights(L)",
      "class_id": 1,
      "bbox": [
        194.4784393310547,
        161.5656280517578,
        474.2335510253906,
        332.16796875
      ],
      "score": 0.8360075950622559
    },
    {
      "id": 3,
      "part": "Rear lamp(R)",
      "class_id": 8,
      "bbox": [
        82.01271057128906,
        64.5849609375,
        251.3580322265625,
        309.6011047363281
      ],
      "score": 0.3043995797634125
    }
  ]
}