{
  "image_path": "C:\\Users\\swu\\Desktop\\sample\\part_sample_17190\\1.원천데이터\\part\\0001840_as-0095370.jpg",
  "parts": [
    {
      "id": 1,
      "part": "Roof",
      "class_id": 5,
      "bbox": [
        94.93804931640625,
        172.17269897460938,
        740.7457275390625,
        402.61474609375
      ],
      "score": 0.6681460738182068
    },
    {
      "id": 2,
      "part": "Rear lamp(L)",
      "class_id": 7,
      "bbox": [
        14.141845703125,
        248.33189392089844,
        753.771240234375,
        464.2327880859375
      ],
      "score": 0.6317156553268433
    }
  ]
}