{
  "image_path": "C:\\Users\\swu\\Desktop\\sample\\part_sample_17190\\1.원천데이터\\part\\0001553_as-0073135.jpg",
  "parts": [
    {
      "id": 1,
      "part": "Front bumper",
      "class_id": 0,
      "bbox": [
        352.2745361328125,
        253.0089569091797,
        739.2200927734375,
        551.0617065429688
      ],
      "score": 0.9543870687484741
    },
    {
      "id": 2,
      "part": "Head lights(R)",
      "class_id": 2,
      "bbox": [
        318.9461669921875,
        144.01246643066406,
        673.32373046875,
        301.7349548339844
      ],
      "score": 0.9479697346687317
    },
    {
      "id": 3,
      "part": "Rear lamp(R)",
      "class_id": 8,
      "bbox": [
        234.3804931640625,
        212.0844268798828,
        406.5059814453125,
        428.87060546875
      ],
      "score": 0.9459870457649231
    },
    {
      "id": 4,
      "part": "Front fender(L)",
      "class_id": 10,
      "bbox": [
        75.07734680175781,
        59.09858703613281,
        238.85984802246094,
        422.4972839355469
      ],
      "score": 0.7330791354179382
    }
  ]
}