{
  "image_path": "C:\\Users\\swu\\Desktop\\sample\\part_sample_10000\\1.원천데이터\\part\\0001326_as-0081143.jpg",
  "image_size": {
    "width": 800,
    "height": 600
  },
  "parts": [
    {
      "id": 1,
      "part": "Front fender(L)",
      "class_id": 10,
      "bbox": [
        533.03,
        78.78,
        684.89,
        410.8
      ],
      "score": 0.9467999935150146
    },
    {
      "id": 2,
      "part": "Rear lamp(R)",
      "class_id": 8,
      "bbox": [
        259.85,
        205.2,
        541.65,
        423.07
      ],
      "score": 0.9404000043869019
    },
    {
      "id": 3,
      "part": "Side mirror(L)",
      "class_id": 12,
      "bbox": [
        512.11,
        298.55,
        721.56,
        451.36
      ],
      "score": 0.8866000175476074
    },
    {
      "id": 4,
      "part": "Front fender(R)",
      "class_id": 11,
      "bbox": [
        658.81,
        78.66,
        768.76,
        326.92
      ],
      "score": 0.5141000151634216
    },
    {
      "id": 5,
      "part": "Front bumper",
      "class_id": 0,
      "bbox": [
        0.0,
        282.31,
        358.07,
        583.63
      ],
      "score": 0.15770000219345093
    }
  ]
}