{
  "image_path": "C:\\Users\\swu\\Desktop\\sample\\part_sample_10000\\1.원천데이터\\part\\0001763_sc-164021.jpg",
  "image_size": {
    "width": 800,
    "height": 600
  },
  "parts": [
    {
      "id": 1,
      "part": "Side mirror(L)",
      "class_id": 12,
      "bbox": [
        71.86,
        285.23,
        232.15,
        393.45
      ],
      "score": 0.43720000982284546
    },
    {
      "id": 2,
      "part": "Front fender(R)",
      "class_id": 11,
      "bbox": [
        122.03,
        79.73,
        265.46,
        359.9
      ],
      "score": 0.4020000100135803
    },
    {
      "id": 3,
      "part": "Rear lamp(L)",
      "class_id": 7,
      "bbox": [
        302.96,
        207.25,
        761.88,
        489.87
      ],
      "score": 0.3375999927520752
    }
  ]
}