{
  "image_path": "C:\\Users\\swu\\Desktop\\sample\\part_sample_17190\\1.원천데이터\\part\\0001208_as-0090860.jpg",
  "parts": [
    {
      "id": 1,
      "part": "Rear lamp(L)",
      "class_id": 7,
      "bbox": [
        86.50656127929688,
        163.2244873046875,
        684.2386474609375,
        454.57708740234375
      ],
      "score": 0.7962602376937866
    },
    {
      "id": 2,
      "part": "Roof",
      "class_id": 5,
      "bbox": [
        259.1848449707031,
        11.571807861328125,
        679.6214599609375,
        288.1185302734375
      ],
      "score": 0.5839806199073792
    }
  ]
}