{
  "image_path": "C:\\Users\\swu\\Desktop\\sample\\part_sample_17190\\1.원천데이터\\part\\0001176_as-0066940.jpg",
  "parts": [
    {
      "id": 1,
      "part": "Roof",
      "class_id": 5,
      "bbox": [
        396.56549072265625,
        178.12135314941406,
        755.9417114257812,
        484.4383239746094
      ],
      "score": 0.9433138370513916
    },
    {
      "id": 2,
      "part": "Rear lamp(L)",
      "class_id": 7,
      "bbox": [
        355.53521728515625,
        307.29058837890625,
        782.8353881835938,
        600.0
      ],
      "score": 0.8855506777763367
    },
    {
      "id": 3,
      "part": "Rear door(L)",
      "class_id": 16,
      "bbox": [
        270.9848937988281,
        216.4846649169922,
        396.9906005859375,
        509.8736572265625
      ],
      "score": 0.2982311248779297
    }
  ]
}