{
  "image_path": "C:\\Users\\swu\\Desktop\\sample\\part_sample_17190\\1.원천데이터\\part\\0001298_sc-150389.jpg",
  "parts": [
    {
      "id": 1,
      "part": "Rear door(L)",
      "class_id": 16,
      "bbox": [
        370.3786926269531,
        197.2089385986328,
        882.4871826171875,
        479.57635498046875
      ],
      "score": 0.9466897249221802
    },
    {
      "id": 2,
      "part": "Front fender(R)",
      "class_id": 11,
      "bbox": [
        248.05068969726562,
        92.90766906738281,
        424.14471435546875,
        453.2906799316406
      ],
      "score": 0.8101357221603394
    },
    {
      "id": 3,
      "part": "Front fender(L)",
      "class_id": 10,
      "bbox": [
        171.28695678710938,
        97.39755249023438,
        292.4451904296875,
        400.730712890625
      ],
      "score": 0.7385825514793396
    },
    {
      "id": 4,
      "part": "Rear lamp(L)",
      "class_id": 7,
      "bbox": [
        487.62744140625,
        278.59356689453125,
        959.8892211914062,
        707.858154296875
      ],
      "score": 0.2997659742832184
    },
    {
      "id": 5,
      "part": "Rocker panel(L)",
      "class_id": 18,
      "bbox": [
        400.8944091796875,
        406.8327941894531,
        575.7211303710938,
        647.491943359375
      ],
      "score": 0.2922194004058838
    }
  ]
}