{
  "image_path": "C:\\Users\\swu\\Desktop\\sample\\part_sample_17190\\1.원천데이터\\part\\0001326_as-0081143.jpg",
  "parts": [
    {
      "id": 1,
      "part": "Rear lamp(R)",
      "class_id": 8,
      "bbox": [
        261.0395812988281,
        202.4242401123047,
        542.2437133789062,
        419.35809326171875
      ],
      "score": 0.9633411169052124
    },
    {
      "id": 2,
      "part": "Front fender(L)",
      "class_id": 10,
      "bbox": [
        530.2184448242188,
        78.32889556884766,
        684.0888671875,
        407.5218200683594
      ],
      "score": 0.9491402506828308
    },
    {
      "id": 3,
      "part": "Side mirror(L)",
      "class_id": 12,
      "bbox": [
        512.295654296875,
        291.7084655761719,
        727.6568603515625,
        451.81341552734375
      ],
      "score": 0.8708747029304504
    },
    {
      "id": 4,
      "part": "Front fender(R)",
      "class_id": 11,
      "bbox": [
        659.1314697265625,
        78.96800994873047,
        768.16455078125,
        334.4598693847656
      ],
      "score": 0.7994570136070251
    }
  ]
}