{
  "image_path": "C:\\Users\\swu\\Desktop\\sample\\part_sample_10000\\1.원천데이터\\part\\0001668_sc-160846.jpg",
  "image_size": {
    "width": 800,
    "height": 600
  },
  "parts": [
    {
      "id": 1,
      "part": "Front bumper",
      "class_id": 0,
      "bbox": [
        51.88,
        214.94,
        357.12,
        548.53
      ],
      "score": 0.9567999839782715
    },
    {
      "id": 2,
      "part": "Front fender(R)",
      "class_id": 11,
      "bbox": [
        609.64,
        51.16,
        724.45,
        352.32
      ],
      "score": 0.9387999773025513
    }
  ]
}