{
  "image_path": "C:\\Users\\swu\\Desktop\\sample\\part_sample_10000\\1.원천데이터\\part\\0001775_sc-177607.jpg",
  "image_size": {
    "width": 800,
    "height": 600
  },
  "parts": [
    {
      "id": 1,
      "part": "Front bumper",
      "class_id": 0,
      "bbox": [
        156.36,
        106.2,
        754.58,
        563.56
      ],
      "score": 0.8844000101089478
    },
    {
      "id": 2,
      "part": "Head lights(L)",
      "class_id": 1,
      "bbox": [
        202.91,
        237.0,
        570.83,
        367.59
      ],
      "score": 0.6171000003814697
    }
  ]
}