{
  "image_path": "C:\\Users\\swu\\Desktop\\sample\\part_sample_17190\\1.원천데이터\\part\\0001847_as-0018547.jpg",
  "parts": [
    {
      "id": 1,
      "part": "Rear door(L)",
      "class_id": 16,
      "bbox": [
        107.31132507324219,
        22.765655517578125,
        745.950439453125,
        435.5269775390625
      ],
      "score": 0.841160774230957
    },
    {
      "id": 2,
      "part": "Rear lamp(L)",
      "class_id": 7,
      "bbox": [
        0.0,
        232.92694091796875,
        529.7930297851562,
        600.0
      ],
      "score": 0.6635870337486267
    }
  ]
}