{
  "image_path": "C:\\Users\\swu\\Desktop\\sample\\part_sample_10000\\1.원천데이터\\part\\0001721_sc-151570.jpg",
  "image_size": {
    "width": 1280,
    "height": 960
  },
  "parts": [
    {
      "id": 1,
      "part": "Front fender(R)",
      "class_id": 11,
      "bbox": [
        398.14,
        241.89,
        831.29,
        688.61
      ],
      "score": 0.9700999855995178
    },
    {
      "id": 2,
      "part": "Side mirror(L)",
      "class_id": 12,
      "bbox": [
        537.63,
        612.23,
        1186.46,
        737.62
      ],
      "score": 0.9114999771118164
    },
    {
      "id": 3,
      "part": "Rear door(L)",
      "class_id": 16,
      "bbox": [
        0.0,
        383.65,
        613.74,
        700.92
      ],
      "score": 0.8593000173568726
    }
  ]
}