{
  "image_path": "C:\\Users\\swu\\Desktop\\sample\\part_sample_17190\\1.원천데이터\\part\\0001060_as-3350548.jpg",
  "parts": [
    {
      "id": 1,
      "part": "Front bumper",
      "class_id": 0,
      "bbox": [
        0.5791473388671875,
        100.88455200195312,
        742.5484619140625,
        498.798828125
      ],
      "score": 0.89620041847229
    },
    {
      "id": 2,
      "part": "Head lights(R)",
      "class_id": 2,
      "bbox": [
        35.88233947753906,
        0.0,
        701.5902709960938,
        263.291259765625
      ],
      "score": 0.29404428601264954
    }
  ]
}