{
  "image_path": "C:\\Users\\swu\\Desktop\\sample\\part_sample_17190\\1.원천데이터\\part\\0001263_as-0001661.jpg",
  "parts": [
    {
      "id": 1,
      "part": "Rear lamp(L)",
      "class_id": 7,
      "bbox": [
        58.8787841796875,
        261.3150329589844,
        703.7811279296875,
        512.1447143554688
      ],
      "score": 0.9575133919715881
    },
    {
      "id": 2,
      "part": "Roof",
      "class_id": 5,
      "bbox": [
        104.09797668457031,
        140.68173217773438,
        658.213623046875,
        361.87530517578125
      ],
      "score": 0.8376456499099731
    }
  ]
}