{
  "image_path": "C:\\Users\\swu\\Desktop\\sample\\part_sample_17190\\1.원천데이터\\part\\0001609_as-0049310.jpg",
  "parts": [
    {
      "id": 1,
      "part": "Rear lamp(R)",
      "class_id": 8,
      "bbox": [
        82.71232604980469,
        54.52705383300781,
        744.4217529296875,
        421.9093322753906
      ],
      "score": 0.6005164980888367
    },
    {
      "id": 2,
      "part": "Rear lamp(R)",
      "class_id": 8,
      "bbox": [
        576.9791259765625,
        0.0,
        799.9209594726562,
        498.05517578125
      ],
      "score": 0.5294578671455383
    },
    {
      "id": 3,
      "part": "Head lights(R)",
      "class_id": 2,
      "bbox": [
        81.55952453613281,
        53.8824462890625,
        734.4285888671875,
        420.04541015625
      ],
      "score": 0.26675739884376526
    }
  ]
}