{
  "image_path": "C:\\Users\\swu\\Desktop\\sample\\part_sample_10000\\1.원천데이터\\part\\0001428_as-0043088.jpg",
  "image_size": {
    "width": 800,
    "height": 600
  },
  "parts": [
    {
      "id": 1,
      "part": "Front bumper",
      "class_id": 0,
      "bbox": [
        124.91,
        286.34,
        713.7,
        526.42
      ],
      "score": 0.9354000091552734
    },
    {
      "id": 2,
      "part": "Head lights(L)",
      "class_id": 1,
      "bbox": [
        146.86,
        212.92,
        285.05,
        363.49
      ],
      "score": 0.20819999277591705
    },
    {
      "id": 3,
      "part": "Rear lamp(R)",
      "class_id": 8,
      "bbox": [
        130.58,
        144.28,
        195.24,
        316.66
      ],
      "score": 0.16179999709129333
    }
  ]
}