{
  "image_path": "C:\\Users\\swu\\Desktop\\sample\\part_sample_10000\\1.원천데이터\\part\\0001396_as-0089972.jpg",
  "image_size": {
    "width": 800,
    "height": 600
  },
  "parts": [
    {
      "id": 1,
      "part": "Head lights(L)",
      "class_id": 1,
      "bbox": [
        184.42,
        176.8,
        657.66,
        417.33
      ],
      "score": 0.9017999768257141
    },
    {
      "id": 2,
      "part": "Front bumper",
      "class_id": 0,
      "bbox": [
        9.97,
        80.0,
        604.14,
        586.94
      ],
      "score": 0.829800009727478
    }
  ]
}