{
  "image_path": "C:\\Users\\swu\\Desktop\\sample\\part_sample_17190\\1.원천데이터\\part\\0001360_as-0078890.jpg",
  "parts": [
    {
      "id": 1,
      "part": "Rear lamp(L)",
      "class_id": 7,
      "bbox": [
        214.32115173339844,
        256.8929138183594,
        777.8143310546875,
        531.07568359375
      ],
      "score": 0.9416215419769287
    },
    {
      "id": 2,
      "part": "Rear door(L)",
      "class_id": 16,
      "bbox": [
        137.58868408203125,
        131.24935913085938,
        465.0064392089844,
        383.19091796875
      ],
      "score": 0.9159321784973145
    }
  ]
}