{
  "image_path": "C:\\Users\\swu\\Desktop\\sample\\part_sample_10000\\1.원천데이터\\part\\0002473_as-0047858.jpg",
  "image_size": {
    "width": 800,
    "height": 600
  },
  "parts": [
    {
      "id": 1,
      "part": "Rear door(L)",
      "class_id": 16,
      "bbox": [
        228.23,
        184.73,
        666.4,
        446.01
      ],
      "score": 0.703000009059906
    },
    {
      "id": 2,
      "part": "Rear lamp(L)",
      "class_id": 7,
      "bbox": [
        93.81,
        356.8,
        473.52,
        570.34
      ],
      "score": 0.1973000019788742
    }
  ]
}