{
  "image_path": "C:\\Users\\swu\\Desktop\\sample\\part_sample_17190\\1.원천데이터\\part\\0002245_as-0041578.jpg",
  "parts": [
    {
      "id": 1,
      "part": "Bonnet",
      "class_id": 3,
      "bbox": [
        251.0767364501953,
        42.90401840209961,
        615.0093994140625,
        180.23068237304688
      ],
      "score": 0.99647456407547
    },
    {
      "id": 2,
      "part": "Front bumper",
      "class_id": 0,
      "bbox": [
        147.10731506347656,
        295.7058410644531,
        695.770751953125,
        558.8228759765625
      ],
      "score": 0.807807445526123
    }
  ]
}