{
  "image_path": "C:\\Users\\swu\\Desktop\\sample\\part_sample_17190\\1.원천데이터\\part\\0002805_as-0063735.jpg",
  "parts": [
    {
      "id": 1,
      "part": "Front bumper",
      "class_id": 0,
      "bbox": [
        47.64556884765625,
        316.4671936035156,
        442.275634765625,
        580.7575073242188
      ],
      "score": 0.7385722398757935
    },
    {
      "id": 2,
      "part": "Side mirror(L)",
      "class_id": 12,
      "bbox": [
        533.0330810546875,
        352.6750183105469,
        725.1136474609375,
        472.80645751953125
      ],
      "score": 0.6998165249824524
    },
    {
      "id": 3,
      "part": "Front fender(L)",
      "class_id": 10,
      "bbox": [
        535.9402465820312,
        160.4669189453125,
        680.46142578125,
        452.1038818359375
      ],
      "score": 0.6814336776733398
    },
    {
      "id": 4,
      "part": "Rear lamp(R)",
      "class_id": 8,
      "bbox": [
        367.11065673828125,
        268.279052734375,
        553.9437255859375,
        459.8831787109375
      ],
      "score": 0.2676226794719696
    }
  ]
}