{
  "image_path": "C:\\Users\\swu\\Desktop\\sample\\part_sample_10000\\1.원천데이터\\part\\0002852_as-0017875.jpg",
  "image_size": {
    "width": 800,
    "height": 600
  },
  "parts": [
    {
      "id": 1,
      "part": "Rear door(L)",
      "class_id": 16,
      "bbox": [
        213.26,
        31.15,
        757.39,
        430.37
      ],
      "score": 0.6251999735832214
    },
    {
      "id": 2,
      "part": "Rear lamp(L)",
      "class_id": 7,
      "bbox": [
        503.52,
        184.59,
        799.84,
        493.44
      ],
      "score": 0.4925000071525574
    },
    {
      "id": 3,
      "part": "Front fender(R)",
      "class_id": 11,
      "bbox": [
        0.27,
        0.43,
        419.61,
        439.76
      ],
      "score": 0.2329999953508377
    }
  ]
}