{
  "image_path": "C:\\Users\\swu\\Desktop\\sample\\part_sample_17190\\1.원천데이터\\part\\0002195_as-0014799.jpg",
  "parts": [
    {
      "id": 1,
      "part": "Front bumper",
      "class_id": 0,
      "bbox": [
        605.10546875,
        272.0948486328125,
        722.7711181640625,
        497.94390869140625
      ],
      "score": 0.8199427723884583
    },
    {
      "id": 2,
      "part": "Head lights(L)",
      "class_id": 1,
      "bbox": [
        588.6754150390625,
        144.03671264648438,
        679.1162719726562,
        223.96080017089844
      ],
      "score": 0.6681302189826965
    }
  ]
}