{
  "image_path": "C:\\Users\\swu\\Desktop\\sample\\part_sample_10000\\1.원천데이터\\part\\0002763_as-0003238.jpg",
  "image_size": {
    "width": 800,
    "height": 600
  },
  "parts": [
    {
      "id": 1,
      "part": "Rear lamp(R)",
      "class_id": 8,
      "bbox": [
        327.56,
        34.47,
        695.09,
        427.95
      ],
      "score": 0.9490000009536743
    },
    {
      "id": 2,
      "part": "Head lights(L)",
      "class_id": 1,
      "bbox": [
        89.26,
        112.54,
        454.77,
        318.28
      ],
      "score": 0.9355999827384949
    },
    {
      "id": 3,
      "part": "Head lights(R)",
      "class_id": 2,
      "bbox": [
        0.0,
        0.11,
        523.11,
        170.28
      ],
      "score": 0.663100004196167
    },
    {
      "id": 4,
      "part": "Rear bumper",
      "class_id": 9,
      "bbox": [
        703.88,
        0.03,
        799.85,
        91.31
      ],
      "score": 0.33869999647140503
    }
  ]
}