{
  "image_path": "C:\\Users\\swu\\Desktop\\sample\\part_sample_17190\\1.원천데이터\\part\\0002875_as-0097683.jpg",
  "parts": [
    {
      "id": 1,
      "part": "Front bumper",
      "class_id": 0,
      "bbox": [
        69.57434844970703,
        463.1196594238281,
        738.2484130859375,
        800.7125244140625
      ],
      "score": 0.8928388953208923
    },
    {
      "id": 2,
      "part": "Bonnet",
      "class_id": 3,
      "bbox": [
        247.66590881347656,
        143.70675659179688,
        702.1572265625,
        325.0652770996094
      ],
      "score": 0.8728532195091248
    },
    {
      "id": 3,
      "part": "Rear lamp(R)",
      "class_id": 8,
      "bbox": [
        687.3080444335938,
        291.1763000488281,
        763.6925048828125,
        518.903564453125
      ],
      "score": 0.25116902589797974
    }
  ]
}