{
  "image_path": "C:\\Users\\swu\\Desktop\\sample\\part_sample_17190\\1.원천데이터\\part\\0002163_as-0031757.jpg",
  "parts": [
    {
      "id": 1,
      "part": "Front fender(L)",
      "class_id": 10,
      "bbox": [
        487.4378967285156,
        29.7418212890625,
        664.6548461914062,
        446.2193298339844
      ],
      "score": 0.944782018661499
    },
    {
      "id": 2,
      "part": "Rear lamp(R)",
      "class_id": 8,
      "bbox": [
        328.789306640625,
        192.3415985107422,
        505.8828125,
        455.62896728515625
      ],
      "score": 0.9141077995300293
    }
  ]
}