{
  "image_path": "C:\\Users\\swu\\Desktop\\sample\\part_sample_10000\\1.원천데이터\\part\\0002107_as-0070631.jpg",
  "image_size": {
    "width": 800,
    "height": 600
  },
  "parts": [
    {
      "id": 1,
      "part": "Roof",
      "class_id": 5,
      "bbox": [
        104.79,
        48.52,
        703.17,
        317.7
      ],
      "score": 0.8952000141143799
    },
    {
      "id": 2,
      "part": "Rear lamp(L)",
      "class_id": 7,
      "bbox": [
        30.63,
        207.25,
        743.77,
        461.81
      ],
      "score": 0.7750999927520752
    }
  ]
}