{
  "image_path": "C:\\Users\\swu\\Desktop\\sample\\part_sample_10000\\1.원천데이터\\part\\0002562_as-0058286.jpg",
  "image_size": {
    "width": 800,
    "height": 600
  },
  "parts": [
    {
      "id": 1,
      "part": "Rear lamp(L)",
      "class_id": 7,
      "bbox": [
        37.05,
        266.3,
        579.17,
        573.0
      ],
      "score": 0.9318000078201294
    },
    {
      "id": 2,
      "part": "Rear door(L)",
      "class_id": 16,
      "bbox": [
        415.26,
        156.53,
        655.77,
        428.92
      ],
      "score": 0.29490000009536743
    },
    {
      "id": 3,
      "part": "Front fender(R)",
      "class_id": 11,
      "bbox": [
        580.14,
        83.86,
        720.69,
        416.78
      ],
      "score": 0.2892000079154968
    }
  ]
}