{
  "image_path": "C:\\Users\\swu\\Desktop\\sample\\part_sample_17190\\1.원천데이터\\part\\0002806_as-3262626.jpg",
  "parts": [
    {
      "id": 1,
      "part": "Front fender(L)",
      "class_id": 10,
      "bbox": [
        141.2335205078125,
        35.084991455078125,
        533.4777221679688,
        600.0
      ],
      "score": 0.9755374789237976
    },
    {
      "id": 2,
      "part": "Front fender(R)",
      "class_id": 11,
      "bbox": [
        505.4510498046875,
        43.184776306152344,
        734.598388671875,
        492.5101318359375
      ],
      "score": 0.9346829056739807
    }
  ]
}