{
  "image_path": "C:\\Users\\swu\\Desktop\\sample\\part_sample_10000\\1.원천데이터\\part\\0002103_as-0042479.jpg",
  "image_size": {
    "width": 800,
    "height": 600
  },
  "parts": [
    {
      "id": 1,
      "part": "Front bumper",
      "class_id": 0,
      "bbox": [
        131.62,
        186.88,
        701.95,
        435.08
      ],
      "score": 0.7996000051498413
    },
    {
      "id": 2,
      "part": "Head lights(L)",
      "class_id": 1,
      "bbox": [
        133.71,
        169.44,
        206.19,
        289.02
      ],
      "score": 0.5756000280380249
    },
    {
      "id": 3,
      "part": "Head lights(L)",
      "class_id": 1,
      "bbox": [
        541.33,
        123.07,
        687.37,
        296.42
      ],
      "score": 0.1785999983549118
    }
  ]
}