{
  "image_path": "C:\\Users\\swu\\Desktop\\sample\\part_sample_17190\\1.원천데이터\\part\\0002762_as-0003238.jpg",
  "parts": [
    {
      "id": 1,
      "part": "Front bumper",
      "class_id": 0,
      "bbox": [
        100.33676147460938,
        202.4374542236328,
        677.329345703125,
        532.303955078125
      ],
      "score": 0.9429327845573425
    },
    {
      "id": 2,
      "part": "Head lights(R)",
      "class_id": 2,
      "bbox": [
        117.92972564697266,
        104.00312805175781,
        615.2410278320312,
        220.54429626464844
      ],
      "score": 0.8896699547767639
    },
    {
      "id": 3,
      "part": "Rear lamp(R)",
      "class_id": 8,
      "bbox": [
        556.0144653320312,
        107.33333587646484,
        670.8313598632812,
        362.0031433105469
      ],
      "score": 0.8885856866836548
    },
    {
      "id": 4,
      "part": "Head lights(L)",
      "class_id": 1,
      "bbox": [
        437.45977783203125,
        174.1375732421875,
        588.2874145507812,
        302.3808288574219
      ],
      "score": 0.8168246746063232
    }
  ]
}