{
  "image_path": "C:\\Users\\swu\\Desktop\\sample\\part_sample_10000\\1.원천데이터\\part\\0002768_as-0075954.jpg",
  "image_size": {
    "width": 800,
    "height": 600
  },
  "parts": [
    {
      "id": 1,
      "part": "Rear lamp(R)",
      "class_id": 8,
      "bbox": [
        139.42,
        31.46,
        424.96,
        339.46
      ],
      "score": 0.9678999781608582
    },
    {
      "id": 2,
      "part": "Front bumper",
      "class_id": 0,
      "bbox": [
        343.75,
        147.32,
        691.32,
        506.05
      ],
      "score": 0.7919999957084656
    }
  ]
}