{
  "image_path": "C:\\Users\\swu\\Desktop\\sample\\part_sample_17190\\1.원천데이터\\part\\0002016_as-3074220.jpg",
  "parts": [
    {
      "id": 1,
      "part": "Front fender(L)",
      "class_id": 10,
      "bbox": [
        515.3783569335938,
        29.79381561279297,
        640.03076171875,
        416.6366271972656
      ],
      "score": 0.7783240079879761
    },
    {
      "id": 2,
      "part": "Rear lamp(R)",
      "class_id": 8,
      "bbox": [
        626.6807250976562,
        174.78981018066406,
        684.108154296875,
        365.2009582519531
      ],
      "score": 0.5744677782058716
    }
  ]
}