{
  "image_path": "C:\\Users\\swu\\Desktop\\sample\\part_sample_10000\\1.원천데이터\\part\\0002805_as-0063735.jpg",
  "image_size": {
    "width": 800,
    "height": 600
  },
  "parts": [
    {
      "id": 1,
      "part": "Side mirror(L)",
      "class_id": 12,
      "bbox": [
        533.91,
        354.0,
        722.07,
        473.26
      ],
      "score": 0.7190999984741211
    },
    {
      "id": 2,
      "part": "Front fender(L)",
      "class_id": 10,
      "bbox": [
        537.5,
        159.79,
        680.66,
        451.99
      ],
      "score": 0.6204000115394592
    },
    {
      "id": 3,
      "part": "Front bumper",
      "class_id": 0,
      "bbox": [
        47.3,
        315.41,
        441.13,
        580.98
      ],
      "score": 0.4228000044822693
    }
  ]
}