{
  "image_path": "C:\\Users\\swu\\Desktop\\sample\\part_sample_17190\\1.원천데이터\\part\\0002661_sc-1034611.jpg",
  "parts": [
    {
      "id": 1,
      "part": "Rear door(L)",
      "class_id": 16,
      "bbox": [
        2.796783447265625,
        105.99624633789062,
        561.0875854492188,
        463.5693359375
      ],
      "score": 0.5789666771888733
    },
    {
      "id": 2,
      "part": "Rear lamp(L)",
      "class_id": 7,
      "bbox": [
        0.0,
        232.9334259033203,
        218.12542724609375,
        548.369873046875
      ],
      "score": 0.3382703959941864
    }
  ]
}