{
  "image_path": "C:\\Users\\swu\\Desktop\\sample\\part_sample_17190\\1.원천데이터\\part\\0002852_as-0017875.jpg",
  "parts": [
    {
      "id": 1,
      "part": "Rear door(L)",
      "class_id": 16,
      "bbox": [
        219.8414764404297,
        28.785324096679688,
        756.4747314453125,
        432.3152160644531
      ],
      "score": 0.9077845215797424
    },
    {
      "id": 2,
      "part": "Rear lamp(L)",
      "class_id": 7,
      "bbox": [
        502.0634460449219,
        184.87144470214844,
        798.7960815429688,
        493.31121826171875
      ],
      "score": 0.28185218572616577
    }
  ]
}