{
  "image_path": "C:\\Users\\swu\\Desktop\\sample\\part_sample_10000\\1.원천데이터\\part\\0002992_as-3339094.jpg",
  "image_size": {
    "width": 800,
    "height": 600
  },
  "parts": [
    {
      "id": 1,
      "part": "Front bumper",
      "class_id": 0,
      "bbox": [
        96.09,
        182.52,
        566.1,
        535.13
      ],
      "score": 0.8709999918937683
    },
    {
      "id": 2,
      "part": "Head lights(R)",
      "class_id": 2,
      "bbox": [
        124.35,
        88.85,
        589.98,
        293.32
      ],
      "score": 0.817799985408783
    },
    {
      "id": 3,
      "part": "Head lights(L)",
      "class_id": 1,
      "bbox": [
        376.09,
        232.66,
        553.72,
        343.94
      ],
      "score": 0.7565000057220459
    }
  ]
}