{
  "image_path": "C:\\Users\\swu\\Desktop\\sample\\part_sample_10000\\1.원천데이터\\part\\0002868_sc-170450.jpg",
  "image_size": {
    "width": 800,
    "height": 600
  },
  "parts": [
    {
      "id": 1,
      "part": "Front bumper",
      "class_id": 0,
      "bbox": [
        175.19,
        62.01,
        718.98,
        445.73
      ],
      "score": 0.9243999719619751
    },
    {
      "id": 2,
      "part": "Rear lamp(R)",
      "class_id": 8,
      "bbox": [
        79.57,
        0.4,
        233.88,
        270.63
      ],
      "score": 0.6510000228881836
    }
  ]
}