{
  "image_path": "C:\\Users\\swu\\Desktop\\sample\\part_sample_17190\\1.원천데이터\\part\\0002246_as-0041578.jpg",
  "parts": [
    {
      "id": 1,
      "part": "Bonnet",
      "class_id": 3,
      "bbox": [
        247.96432495117188,
        4.492645263671875,
        661.8413696289062,
        162.88206481933594
      ],
      "score": 0.9996761083602905
    },
    {
      "id": 2,
      "part": "Front bumper",
      "class_id": 0,
      "bbox": [
        34.622039794921875,
        187.1322479248047,
        514.2767944335938,
        543.9251708984375
      ],
      "score": 0.3787265419960022
    }
  ]
}