{
  "image_path": "C:\\Users\\swu\\Desktop\\sample\\part_sample_17190\\1.원천데이터\\part\\0002473_as-0047858.jpg",
  "parts": [
    {
      "id": 1,
      "part": "Rear lamp(L)",
      "class_id": 7,
      "bbox": [
        94.14669036865234,
        357.5874328613281,
        475.9452819824219,
        571.798095703125
      ],
      "score": 0.8457967638969421
    },
    {
      "id": 2,
      "part": "Rear door(L)",
      "class_id": 16,
      "bbox": [
        228.90562438964844,
        183.63197326660156,
        663.6083984375,
        444.09088134765625
      ],
      "score": 0.7722700834274292
    }
  ]
}