{
  "image_path": "C:\\Users\\swu\\Desktop\\sample\\part_sample_10000\\1.원천데이터\\part\\0002471_as-3072997.jpg",
  "image_size": {
    "width": 800,
    "height": 600
  },
  "parts": [
    {
      "id": 1,
      "part": "Roof",
      "class_id": 5,
      "bbox": [
        219.77,
        317.5,
        546.61,
        470.93
      ],
      "score": 0.8335000276565552
    },
    {
      "id": 2,
      "part": "Rear lamp(L)",
      "class_id": 7,
      "bbox": [
        174.32,
        393.15,
        582.22,
        564.99
      ],
      "score": 0.6323000192642212
    },
    {
      "id": 3,
      "part": "Trunk lid",
      "class_id": 6,
      "bbox": [
        179.15,
        346.06,
        234.53,
        415.18
      ],
      "score": 0.21469999849796295
    }
  ]
}