{
  "image_path": "C:\\Users\\swu\\Desktop\\sample\\part_sample_10000\\1.원천데이터\\part\\0002246_as-0041578.jpg",
  "image_size": {
    "width": 800,
    "height": 600
  },
  "parts": [
    {
      "id": 1,
      "part": "Bonnet",
      "class_id": 3,
      "bbox": [
        254.19,
        4.6,
        645.47,
        165.54
      ],
      "score": 0.9390000104904175
    },
    {
      "id": 2,
      "part": "Rear lamp(R)",
      "class_id": 8,
      "bbox": [
        454.08,
        158.21,
        629.13,
        379.07
      ],
      "score": 0.2476000040769577
    }
  ]
}