{
  "image_path": "C:\\Users\\swu\\Desktop\\sample\\part_sample_10000\\1.원천데이터\\part\\0002392_as-0022299.jpg",
  "image_size": {
    "width": 800,
    "height": 600
  },
  "parts": [
    {
      "id": 1,
      "part": "Side mirror(L)",
      "class_id": 12,
      "bbox": [
        177.61,
        322.82,
        433.28,
        509.86
      ],
      "score": 0.5751000046730042
    },
    {
      "id": 2,
      "part": "Rear lamp(R)",
      "class_id": 8,
      "bbox": [
        382.44,
        101.97,
        652.66,
        470.56
      ],
      "score": 0.4262000024318695
    },
    {
      "id": 3,
      "part": "Front bumper",
      "class_id": 0,
      "bbox": [
        595.63,
        175.72,
        800.0,
        600.0
      ],
      "score": 0.25529998540878296
    },
    {
      "id": 4,
      "part": "Rear door(L)",
      "class_id": 16,
      "bbox": [
        116.86,
        98.88,
        184.02,
        329.95
      ],
      "score": 0.16590000689029694
    }
  ]
}