{
  "image_path": "C:\\Users\\swu\\Desktop\\sample\\part_sample_17190\\1.원천데이터\\part\\0002330_as-0028009.jpg",
  "parts": [
    {
      "id": 1,
      "part": "Front fender(L)",
      "class_id": 10,
      "bbox": [
        499.1619873046875,
        26.66412353515625,
        605.9884033203125,
        297.40948486328125
      ],
      "score": 0.9444078207015991
    },
    {
      "id": 2,
      "part": "Front fender(R)",
      "class_id": 11,
      "bbox": [
        576.5631713867188,
        26.34540557861328,
        649.1055297851562,
        243.87158203125
      ],
      "score": 0.8467771410942078
    },
    {
      "id": 3,
      "part": "Side mirror(L)",
      "class_id": 12,
      "bbox": [
        496.91864013671875,
        208.038330078125,
        633.89208984375,
        320.19183349609375
      ],
      "score": 0.8390381932258606
    },
    {
      "id": 4,
      "part": "Rear lamp(R)",
      "class_id": 8,
      "bbox": [
        387.654052734375,
        136.80718994140625,
        514.7293701171875,
        306.4066162109375
      ],
      "score": 0.27783602476119995
    }
  ]
}