{
  "image_path": "C:\\Users\\swu\\Desktop\\sample\\part_sample_17190\\1.원천데이터\\part\\0002780_sc-1010491.jpg",
  "parts": [
    {
      "id": 1,
      "part": "Front fender(R)",
      "class_id": 11,
      "bbox": [
        93.3431396484375,
        146.8773193359375,
        202.42379760742188,
        379.0885925292969
      ],
      "score": 0.7019206285476685
    },
    {
      "id": 2,
      "part": "Front bumper",
      "class_id": 0,
      "bbox": [
        476.30120849609375,
        232.81173706054688,
        781.759033203125,
        526.6976318359375
      ],
      "score": 0.25906458497047424
    }
  ]
}