{
  "image_path": "C:\\Users\\swu\\Desktop\\sample\\part_sample_10000\\1.원천데이터\\part\\0002946_as-0040198.jpg",
  "image_size": {
    "width": 800,
    "height": 600
  },
  "parts": [
    {
      "id": 1,
      "part": "Front bumper",
      "class_id": 0,
      "bbox": [
        590.01,
        259.72,
        711.03,
        468.65
      ],
      "score": 0.9296000003814697
    },
    {
      "id": 2,
      "part": "Head lights(L)",
      "class_id": 1,
      "bbox": [
        604.65,
        202.81,
        709.89,
        279.33
      ],
      "score": 0.8313000202178955
    },
    {
      "id": 3,
      "part": "Rear lamp(R)",
      "class_id": 8,
      "bbox": [
        143.37,
        148.03,
        680.77,
        538.16
      ],
      "score": 0.7247999906539917
    }
  ]
}