{
  "image_path": "C:\\Users\\swu\\Desktop\\sample\\part_sample_17190\\1.원천데이터\\part\\0002103_as-0042479.jpg",
  "parts": [
    {
      "id": 1,
      "part": "Head lights(L)",
      "class_id": 1,
      "bbox": [
        135.14706420898438,
        145.61648559570312,
        205.89083862304688,
        288.53790283203125
      ],
      "score": 0.7263427376747131
    },
    {
      "id": 2,
      "part": "Front bumper",
      "class_id": 0,
      "bbox": [
        131.0015106201172,
        165.82015991210938,
        702.4295654296875,
        436.8293762207031
      ],
      "score": 0.672181248664856
    }
  ]
}