{
  "image_path": "C:\\Users\\swu\\Desktop\\sample\\part_sample_10000\\1.원천데이터\\part\\0002306_as-0080247.jpg",
  "image_size": {
    "width": 1024,
    "height": 768
  },
  "parts": [
    {
      "id": 1,
      "part": "Front bumper",
      "class_id": 0,
      "bbox": [
        433.12,
        268.07,
        1023.6,
        701.25
      ],
      "score": 0.9366000294685364
    },
    {
      "id": 2,
      "part": "Rear lamp(R)",
      "class_id": 8,
      "bbox": [
        292.99,
        289.16,
        457.62,
        529.15
      ],
      "score": 0.9319000244140625
    },
    {
      "id": 3,
      "part": "Rear bumper",
      "class_id": 9,
      "bbox": [
        213.81,
        260.17,
        290.44,
        314.67
      ],
      "score": 0.6021999716758728
    },
    {
      "id": 4,
      "part": "Front fender(L)",
      "class_id": 10,
      "bbox": [
        203.03,
        174.55,
        337.13,
        526.32
      ],
      "score": 0.44200000166893005
    },
    {
      "id": 5,
      "part": "Front fender(L)",
      "class_id": 10,
      "bbox": [
        216.11,
        177.17,
        296.65,
        287.82
      ],
      "score": 0.3305000066757202
    }
  ]
}