{
  "image_path": "C:\\Users\\swu\\Desktop\\sample\\part_sample_17190\\1.원천데이터\\part\\0002175_as-0030606.jpg",
  "parts": [
    {
      "id": 1,
      "part": "Rear lamp(L)",
      "class_id": 7,
      "bbox": [
        129.64576721191406,
        121.12318420410156,
        771.7633666992188,
        588.618896484375
      ],
      "score": 0.9460015296936035
    },
    {
      "id": 2,
      "part": "Rear door(L)",
      "class_id": 16,
      "bbox": [
        54.864234924316406,
        0.0,
        380.27850341796875,
        326.5068054199219
      ],
      "score": 0.4890316426753998
    },
    {
      "id": 3,
      "part": "Head lights(L)",
      "class_id": 1,
      "bbox": [
        709.72119140625,
        436.9115905761719,
        795.398681640625,
        599.18017578125
      ],
      "score": 0.4049612283706665
    }
  ]
}