{
  "image_path": "C:\\Users\\swu\\Desktop\\sample\\part_sample_10000\\1.원천데이터\\part\\0002175_as-0030606.jpg",
  "image_size": {
    "width": 800,
    "height": 600
  },
  "parts": [
    {
      "id": 1,
      "part": "Rear lamp(L)",
      "class_id": 7,
      "bbox": [
        125.26,
        120.21,
        771.54,
        589.59
      ],
      "score": 0.9369999766349792
    },
    {
      "id": 2,
      "part": "Rear door(L)",
      "class_id": 16,
      "bbox": [
        54.07,
        0.0,
        380.4,
        328.25
      ],
      "score": 0.796500027179718
    }
  ]
}