{
  "image_path": "C:\\Users\\swu\\Desktop\\sample\\part_sample_10000\\1.원천데이터\\part\\0002192_as-0014799.jpg",
  "image_size": {
    "width": 800,
    "height": 600
  },
  "parts": [
    {
      "id": 1,
      "part": "Head lights(R)",
      "class_id": 2,
      "bbox": [
        114.7,
        79.73,
        708.27,
        265.81
      ],
      "score": 0.9368000030517578
    },
    {
      "id": 2,
      "part": "Head lights(L)",
      "class_id": 1,
      "bbox": [
        191.98,
        209.53,
        455.54,
        345.35
      ],
      "score": 0.9118000268936157
    },
    {
      "id": 3,
      "part": "Front bumper",
      "class_id": 0,
      "bbox": [
        248.83,
        185.09,
        751.53,
        599.04
      ],
      "score": 0.8726000189781189
    }
  ]
}