{
  "image_path": "C:\\Users\\swu\\Desktop\\sample\\part_sample_17190\\1.원천데이터\\part\\0002351_sc-175435.jpg",
  "parts": [
    {
      "id": 1,
      "part": "Rear door(R)",
      "class_id": 17,
      "bbox": [
        144.09091186523438,
        119.21585083007812,
        341.18408203125,
        467.46954345703125
      ],
      "score": 0.9109036922454834
    },
    {
      "id": 2,
      "part": "Front bumper",
      "class_id": 0,
      "bbox": [
        239.1071319580078,
        0.0,
        799.983642578125,
        479.62042236328125
      ],
      "score": 0.5793940424919128
    }
  ]
}