{
  "image_path": "C:\\Users\\swu\\Desktop\\sample\\part_sample_10000\\1.원천데이터\\part\\0002879_sc-213368.jpg",
  "image_size": {
    "width": 800,
    "height": 600
  },
  "parts": [
    {
      "id": 1,
      "part": "Front bumper",
      "class_id": 0,
      "bbox": [
        60.95,
        284.51,
        787.5,
        554.31
      ],
      "score": 0.9394000172615051
    },
    {
      "id": 2,
      "part": "Head lights(L)",
      "class_id": 1,
      "bbox": [
        65.24,
        241.7,
        183.16,
        347.86
      ],
      "score": 0.8080999851226807
    }
  ]
}