{
  "image_path": "C:\\Users\\swu\\Desktop\\sample\\part_sample_17190\\1.원천데이터\\part\\0002307_as-0080247.jpg",
  "parts": [
    {
      "id": 1,
      "part": "Front bumper",
      "class_id": 0,
      "bbox": [
        254.013671875,
        5.094287395477295,
        1024.0,
        628.8739624023438
      ],
      "score": 0.8910585641860962
    },
    {
      "id": 2,
      "part": "Rear lamp(R)",
      "class_id": 8,
      "bbox": [
        0.0,
        0.0,
        344.15301513671875,
        361.7261047363281
      ],
      "score": 0.6398046612739563
    }
  ]
}