{
  "image_path": "C:\\Users\\swu\\Desktop\\sample\\part_sample_17190\\1.원천데이터\\part\\0002772_sc-103236.jpg",
  "parts": [
    {
      "id": 1,
      "part": "Roof",
      "class_id": 5,
      "bbox": [
        114.146484375,
        120.0465087890625,
        805.3035278320312,
        475.1005554199219
      ],
      "score": 0.9474202990531921
    },
    {
      "id": 2,
      "part": "Rear lamp(L)",
      "class_id": 7,
      "bbox": [
        64.97689819335938,
        262.931396484375,
        849.5887451171875,
        604.1987915039062
      ],
      "score": 0.7224304676055908
    }
  ]
}