{
  "image_path": "C:\\Users\\swu\\Desktop\\sample\\part_sample_17190\\1.원천데이터\\part\\0002058_as-0042079.jpg",
  "parts": [
    {
      "id": 1,
      "part": "Rear lamp(L)",
      "class_id": 7,
      "bbox": [
        358.686279296875,
        152.73475646972656,
        782.0040893554688,
        578.6251220703125
      ],
      "score": 0.9549204111099243
    },
    {
      "id": 2,
      "part": "Rear door(L)",
      "class_id": 16,
      "bbox": [
        165.5001678466797,
        0.0,
        477.32269287109375,
        420.10009765625
      ],
      "score": 0.8447241187095642
    }
  ]
}