{
  "image_path": "C:\\Users\\swu\\Desktop\\sample\\part_sample_17190\\1.원천데이터\\part\\0002658_sc-1034611.jpg",
  "parts": [
    {
      "id": 1,
      "part": "Rear door(L)",
      "class_id": 16,
      "bbox": [
        130.7974395751953,
        175.22625732421875,
        529.5172119140625,
        432.94891357421875
      ],
      "score": 0.3631483018398285
    },
    {
      "id": 2,
      "part": "Front fender(R)",
      "class_id": 11,
      "bbox": [
        418.18206787109375,
        81.96632385253906,
        649.2975463867188,
        420.3968811035156
      ],
      "score": 0.275249183177948
    }
  ]
}