{
  "image_path": "C:\\Users\\swu\\Desktop\\sample\\part_sample_17190\\1.원천데이터\\part\\0002107_as-0070631.jpg",
  "parts": [
    {
      "id": 1,
      "part": "Rear lamp(L)",
      "class_id": 7,
      "bbox": [
        36.559906005859375,
        209.63027954101562,
        746.406982421875,
        462.4382019042969
      ],
      "score": 0.9183393120765686
    },
    {
      "id": 2,
      "part": "Roof",
      "class_id": 5,
      "bbox": [
        102.46206665039062,
        46.0951042175293,
        704.6277465820312,
        316.81573486328125
      ],
      "score": 0.37462154030799866
    }
  ]
}