{
  "image_path": "C:\\Users\\swu\\Desktop\\sample\\part_sample_17190\\1.원천데이터\\part\\0002233_as-0027953.jpg",
  "parts": [
    {
      "id": 1,
      "part": "Rear lamp(L)",
      "class_id": 7,
      "bbox": [
        526.0802001953125,
        296.0471496582031,
        732.249267578125,
        500.0845947265625
      ],
      "score": 0.9292412996292114
    },
    {
      "id": 2,
      "part": "Trunk lid",
      "class_id": 6,
      "bbox": [
        458.549560546875,
        264.07232666015625,
        677.6309814453125,
        337.02203369140625
      ],
      "score": 0.836235761642456
    },
    {
      "id": 3,
      "part": "Roof",
      "class_id": 5,
      "bbox": [
        511.9001770019531,
        199.4879913330078,
        715.0506591796875,
        370.5810546875
      ],
      "score": 0.5949034094810486
    }
  ]
}