{
  "image_path": "C:\\Users\\swu\\Desktop\\sample\\part_sample_17190\\1.원천데이터\\part\\0002472_as-2840089.jpg",
  "parts": [
    {
      "id": 1,
      "part": "Rear lamp(L)",
      "class_id": 7,
      "bbox": [
        389.91571044921875,
        324.54766845703125,
        767.3865356445312,
        560.7149658203125
      ],
      "score": 0.8866554498672485
    },
    {
      "id": 2,
      "part": "Front fender(R)",
      "class_id": 11,
      "bbox": [
        165.03860473632812,
        139.6705322265625,
        361.225341796875,
        425.135009765625
      ],
      "score": 0.881526529788971
    },
    {
      "id": 3,
      "part": "Rear door(L)",
      "class_id": 16,
      "bbox": [
        268.5274658203125,
        217.50473022460938,
        633.89306640625,
        428.6991882324219
      ],
      "score": 0.78476881980896
    }
  ]
}