{
  "image_path": "C:\\Users\\swu\\Desktop\\sample\\part_sample_10000\\1.원천데이터\\part\\0002688_as-0039795.jpg",
  "image_size": {
    "width": 800,
    "height": 600
  },
  "parts": [
    {
      "id": 1,
      "part": "Front bumper",
      "class_id": 0,
      "bbox": [
        117.24,
        88.07,
        470.39,
        502.28
      ],
      "score": 0.9577000141143799
    },
    {
      "id": 2,
      "part": "Rear lamp(R)",
      "class_id": 8,
      "bbox": [
        326.25,
        0.03,
        800.0,
        440.72
      ],
      "score": 0.439300000667572
    }
  ]
}