{
  "image_path": "C:\\Users\\swu\\Desktop\\sample\\part_sample_10000\\1.원천데이터\\part\\0002438_sc-1037724.jpg",
  "image_size": {
    "width": 800,
    "height": 600
  },
  "parts": [
    {
      "id": 1,
      "part": "Roof",
      "class_id": 5,
      "bbox": [
        59.21,
        131.15,
        683.67,
        367.73
      ],
      "score": 0.9350000023841858
    },
    {
      "id": 2,
      "part": "Trunk lid",
      "class_id": 6,
      "bbox": [
        473.48,
        216.89,
        700.96,
        283.28
      ],
      "score": 0.8934000134468079
    },
    {
      "id": 3,
      "part": "Rear lamp(L)",
      "class_id": 7,
      "bbox": [
        52.05,
        265.98,
        691.05,
        484.52
      ],
      "score": 0.8066999912261963
    }
  ]
}