{
  "image_path": "C:\\Users\\swu\\Desktop\\sample\\part_sample_17190\\1.원천데이터\\part\\0002291_as-0001609.jpg",
  "parts": [
    {
      "id": 1,
      "part": "Rear lamp(L)",
      "class_id": 7,
      "bbox": [
        203.29270935058594,
        140.52597045898438,
        774.35302734375,
        558.2982788085938
      ],
      "score": 0.9195029735565186
    },
    {
      "id": 2,
      "part": "Trunk lid",
      "class_id": 6,
      "bbox": [
        271.92486572265625,
        92.91156768798828,
        608.461669921875,
        215.3811798095703
      ],
      "score": 0.8877652883529663
    },
    {
      "id": 3,
      "part": "Rear door(L)",
      "class_id": 16,
      "bbox": [
        123.7179946899414,
        1.0757064819335938,
        498.2890625,
        355.00677490234375
      ],
      "score": 0.5463961362838745
    }
  ]
}