{
  "image_path": "C:\\Users\\swu\\Desktop\\sample\\part_sample_17190\\1.원천데이터\\part\\0002884_sc-213368.jpg",
  "parts": [
    {
      "id": 1,
      "part": "Head lights(R)",
      "class_id": 2,
      "bbox": [
        47.091217041015625,
        128.10035705566406,
        789.1334228515625,
        529.5452270507812
      ],
      "score": 0.5357340574264526
    },
    {
      "id": 2,
      "part": "Front bumper",
      "class_id": 0,
      "bbox": [
        23.461380004882812,
        384.20465087890625,
        717.446533203125,
        600.0
      ],
      "score": 0.42527011036872864
    }
  ]
}