{
  "image_path": "C:\\Users\\swu\\Desktop\\sample\\part_sample_17190\\1.원천데이터\\part\\0002880_sc-213368.jpg",
  "parts": [
    {
      "id": 1,
      "part": "Head lights(L)",
      "class_id": 1,
      "bbox": [
        154.12979125976562,
        126.42932891845703,
        675.8419799804688,
        292.9357604980469
      ],
      "score": 0.8362489342689514
    },
    {
      "id": 2,
      "part": "Front bumper",
      "class_id": 0,
      "bbox": [
        81.28273010253906,
        112.50604248046875,
        799.8135986328125,
        547.4395141601562
      ],
      "score": 0.8122659921646118
    }
  ]
}