{
  "image_path": "C:\\Users\\swu\\Desktop\\sample\\part_sample_17190\\1.원천데이터\\part\\0002530_as-0044818.jpg",
  "parts": [
    {
      "id": 1,
      "part": "Rear lamp(L)",
      "class_id": 7,
      "bbox": [
        76.85316467285156,
        225.74215698242188,
        683.2229614257812,
        462.3346252441406
      ],
      "score": 0.9424735307693481
    },
    {
      "id": 2,
      "part": "Roof",
      "class_id": 5,
      "bbox": [
        121.68038940429688,
        104.23450469970703,
        648.4539184570312,
        322.510009765625
      ],
      "score": 0.8649485111236572
    }
  ]
}