{
  "image_path": "C:\\Users\\swu\\Desktop\\sample\\part_sample_10000\\1.원천데이터\\part\\0002582_sc-156819.jpg",
  "image_size": {
    "width": 800,
    "height": 600
  },
  "parts": [
    {
      "id": 1,
      "part": "Rear lamp(L)",
      "class_id": 7,
      "bbox": [
        543.7,
        239.59,
        744.23,
        466.24
      ],
      "score": 0.9233999848365784
    },
    {
      "id": 2,
      "part": "Front fender(R)",
      "class_id": 11,
      "bbox": [
        2.07,
        4.76,
        474.9,
        419.91
      ],
      "score": 0.7876999974250793
    },
    {
      "id": 3,
      "part": "Rear door(L)",
      "class_id": 16,
      "bbox": [
        273.1,
        112.72,
        702.7,
        425.34
      ],
      "score": 0.37860000133514404
    }
  ]
}