{
  "image_path": "C:\\Users\\swu\\Desktop\\sample\\part_sample_17190\\1.원천데이터\\part\\0002226_sc-191820.jpg",
  "parts": [
    {
      "id": 1,
      "part": "Front bumper",
      "class_id": 0,
      "bbox": [
        302.7408447265625,
        240.62353515625,
        786.3269653320312,
        571.3115844726562
      ],
      "score": 0.9713858962059021
    },
    {
      "id": 2,
      "part": "Rear lamp(R)",
      "class_id": 8,
      "bbox": [
        179.80865478515625,
        181.69491577148438,
        465.9037780761719,
        423.3089904785156
      ],
      "score": 0.6122231483459473
    }
  ]
}