{
  "image_path": "C:\\Users\\swu\\Desktop\\sample\\part_sample_10000\\1.원천데이터\\part\\0002715_sc-119588.jpg",
  "image_size": {
    "width": 1067,
    "height": 600
  },
  "parts": [
    {
      "id": 1,
      "part": "Front bumper",
      "class_id": 0,
      "bbox": [
        283.12,
        53.96,
        906.01,
        458.39
      ],
      "score": 0.9631999731063843
    },
    {
      "id": 2,
      "part": "Rear door(R)",
      "class_id": 17,
      "bbox": [
        184.05,
        164.09,
        435.47,
        449.56
      ],
      "score": 0.6912999749183655
    }
  ]
}