{
  "image_path": "C:\\Users\\swu\\Desktop\\sample\\part_sample_17190\\1.원천데이터\\part\\0002670_as-2878125.jpg",
  "parts": [
    {
      "id": 1,
      "part": "Rear lamp(R)",
      "class_id": 8,
      "bbox": [
        110.96355438232422,
        74.96288299560547,
        466.7373962402344,
        521.2232666015625
      ],
      "score": 0.9612471461296082
    },
    {
      "id": 2,
      "part": "Front bumper",
      "class_id": 0,
      "bbox": [
        101.53727722167969,
        193.11416625976562,
        141.94166564941406,
        372.5621032714844
      ],
      "score": 0.76826012134552
    }
  ]
}