{
  "image_path": "C:\\Users\\swu\\Desktop\\sample\\part_sample_10000\\1.원천데이터\\part\\0002991_sc-106671.jpg",
  "image_size": {
    "width": 800,
    "height": 600
  },
  "parts": [
    {
      "id": 1,
      "part": "Side mirror(L)",
      "class_id": 12,
      "bbox": [
        212.97,
        193.4,
        742.92,
        319.9
      ],
      "score": 0.9133999943733215
    },
    {
      "id": 2,
      "part": "Rocker panel(L)",
      "class_id": 18,
      "bbox": [
        0.0,
        0.0,
        159.98,
        599.17
      ],
      "score": 0.7556999921798706
    }
  ]
}