{
  "image_path": "C:\\Users\\swu\\Desktop\\sample\\part_sample_10000\\1.원천데이터\\part\\0002816_as-0015006.jpg",
  "image_size": {
    "width": 800,
    "height": 600
  },
  "parts": [
    {
      "id": 1,
      "part": "Front bumper",
      "class_id": 0,
      "bbox": [
        180.41,
        208.56,
        750.85,
        563.35
      ],
      "score": 0.9320999979972839
    },
    {
      "id": 2,
      "part": "Rear lamp(R)",
      "class_id": 8,
      "bbox": [
        131.21,
        148.04,
        245.97,
        387.78
      ],
      "score": 0.49889999628067017
    }
  ]
}