{
  "image_path": "C:\\Users\\swu\\Desktop\\sample\\part_sample_17190\\1.원천데이터\\part\\0002557_sc-106449.jpg",
  "parts": [
    {
      "id": 1,
      "part": "Front bumper",
      "class_id": 0,
      "bbox": [
        215.94052124023438,
        277.2575988769531,
        607.322265625,
        508.8956298828125
      ],
      "score": 0.9040021300315857
    },
    {
      "id": 2,
      "part": "Bonnet",
      "class_id": 3,
      "bbox": [
        263.9403991699219,
        45.069480895996094,
        539.99560546875,
        183.9187469482422
      ],
      "score": 0.3910306990146637
    }
  ]
}