{
  "image_path": "C:\\Users\\swu\\Desktop\\sample\\part_sample_10000\\1.원천데이터\\part\\0002497_as-0017404.jpg",
  "image_size": {
    "width": 800,
    "height": 600
  },
  "parts": [
    {
      "id": 1,
      "part": "Rear lamp(R)",
      "class_id": 8,
      "bbox": [
        449.63,
        143.23,
        586.3,
        395.87
      ],
      "score": 0.9254999756813049
    },
    {
      "id": 2,
      "part": "Front fender(L)",
      "class_id": 10,
      "bbox": [
        570.42,
        25.63,
        658.73,
        390.74
      ],
      "score": 0.8589000105857849
    },
    {
      "id": 3,
      "part": "Front fender(R)",
      "class_id": 11,
      "bbox": [
        629.22,
        35.11,
        677.91,
        324.93
      ],
      "score": 0.5364999771118164
    }
  ]
}