{
  "image_path": "C:\\Users\\swu\\Desktop\\sample\\part_sample_17190\\1.원천데이터\\part\\0002582_sc-156819.jpg",
  "parts": [
    {
      "id": 1,
      "part": "Rear door(L)",
      "class_id": 16,
      "bbox": [
        272.66082763671875,
        111.73770904541016,
        738.0917358398438,
        423.9559631347656
      ],
      "score": 0.8938683867454529
    },
    {
      "id": 2,
      "part": "Front fender(R)",
      "class_id": 11,
      "bbox": [
        2.7238082885742188,
        5.9285736083984375,
        476.04364013671875,
        420.3091735839844
      ],
      "score": 0.6642400622367859
    }
  ]
}