{
  "image_path": "C:\\Users\\swu\\Desktop\\sample\\part_sample_10000\\1.원천데이터\\part\\0002442_as-2641312.jpg",
  "image_size": {
    "width": 800,
    "height": 600
  },
  "parts": [
    {
      "id": 1,
      "part": "Front bumper",
      "class_id": 0,
      "bbox": [
        584.04,
        88.4,
        672.78,
        320.55
      ],
      "score": 0.9581999778747559
    },
    {
      "id": 2,
      "part": "Rear lamp(R)",
      "class_id": 8,
      "bbox": [
        1.45,
        0.0,
        644.54,
        421.02
      ],
      "score": 0.243599995970726
    }
  ]
}