{
  "image_path": "C:\\Users\\swu\\Desktop\\sample\\part_sample_10000\\1.원천데이터\\part\\0002492_sc-218157.jpg",
  "image_size": {
    "width": 1280,
    "height": 960
  },
  "parts": [
    {
      "id": 1,
      "part": "Rear lamp(L)",
      "class_id": 7,
      "bbox": [
        58.79,
        263.95,
        1248.31,
        764.42
      ],
      "score": 0.892799973487854
    },
    {
      "id": 2,
      "part": "Roof",
      "class_id": 5,
      "bbox": [
        99.05,
        30.51,
        1211.48,
        528.43
      ],
      "score": 0.2572999894618988
    }
  ]
}