{
  "image_path": "C:\\Users\\swu\\Desktop\\sample\\part_sample_17190\\1.원천데이터\\part\\0002945_as-0040198.jpg",
  "parts": [
    {
      "id": 1,
      "part": "Front bumper",
      "class_id": 0,
      "bbox": [
        248.33290100097656,
        267.1104736328125,
        758.2599487304688,
        560.93359375
      ],
      "score": 0.9227083325386047
    },
    {
      "id": 2,
      "part": "Rear lamp(R)",
      "class_id": 8,
      "bbox": [
        137.548828125,
        173.52017211914062,
        518.53955078125,
        397.75750732421875
      ],
      "score": 0.7893802523612976
    },
    {
      "id": 3,
      "part": "Head lights(L)",
      "class_id": 1,
      "bbox": [
        288.29998779296875,
        272.7442932128906,
        534.820556640625,
        377.35040283203125
      ],
      "score": 0.6759833693504333
    }
  ]
}