{
  "image_path": "C:\\Users\\swu\\Desktop\\sample\\part_sample_17190\\1.원천데이터\\part\\0002077_sc-171092.jpg",
  "parts": [
    {
      "id": 1,
      "part": "Rear door(R)",
      "class_id": 17,
      "bbox": [
        438.7704162597656,
        369.0740966796875,
        722.6033935546875,
        620.1805419921875
      ],
      "score": 0.8736013770103455
    },
    {
      "id": 2,
      "part": "Front bumper",
      "class_id": 0,
      "bbox": [
        695.18505859375,
        333.67633056640625,
        872.845703125,
        555.0259399414062
      ],
      "score": 0.848936140537262
    }
  ]
}