{
  "image_path": "C:\\Users\\swu\\Desktop\\sample\\part_sample_10000\\1.원천데이터\\part\\0002670_as-2878125.jpg",
  "image_size": {
    "width": 800,
    "height": 600
  },
  "parts": [
    {
      "id": 1,
      "part": "Rear lamp(R)",
      "class_id": 8,
      "bbox": [
        110.69,
        64.59,
        469.5,
        521.5
      ],
      "score": 0.9258999824523926
    },
    {
      "id": 2,
      "part": "Front bumper",
      "class_id": 0,
      "bbox": [
        102.2,
        193.72,
        140.2,
        376.29
      ],
      "score": 0.7621999979019165
    }
  ]
}