{
  "image_path": "C:\\Users\\swu\\Desktop\\sample\\part_sample_17190\\1.원천데이터\\part\\0002043_as-0058814.jpg",
  "parts": [
    {
      "id": 1,
      "part": "Rear lamp(R)",
      "class_id": 8,
      "bbox": [
        67.56318664550781,
        36.09001159667969,
        681.676513671875,
        579.7501220703125
      ],
      "score": 0.9403935074806213
    },
    {
      "id": 2,
      "part": "Front bumper",
      "class_id": 0,
      "bbox": [
        0.0,
        245.94418334960938,
        144.6620330810547,
        519.6345825195312
      ],
      "score": 0.6909838318824768
    }
  ]
}