{
  "image_path": "C:\\Users\\swu\\Desktop\\sample\\part_sample_17190\\1.원천데이터\\part\\0002113_as-2932344.jpg",
  "parts": [
    {
      "id": 1,
      "part": "Front bumper",
      "class_id": 0,
      "bbox": [
        399.68902587890625,
        68.79440307617188,
        789.0948486328125,
        472.86163330078125
      ],
      "score": 0.9312095046043396
    },
    {
      "id": 2,
      "part": "Rear lamp(R)",
      "class_id": 8,
      "bbox": [
        95.4562759399414,
        59.10980224609375,
        477.87652587890625,
        388.7235107421875
      ],
      "score": 0.7380850911140442
    }
  ]
}