{
  "image_path": "C:\\Users\\swu\\Desktop\\sample\\part_sample_10000\\1.원천데이터\\part\\0002416_sc-150513.jpg",
  "image_size": {
    "width": 1065,
    "height": 600
  },
  "parts": [
    {
      "id": 1,
      "part": "Rear lamp(R)",
      "class_id": 8,
      "bbox": [
        320.93,
        181.66,
        511.99,
        434.31
      ],
      "score": 0.9749000072479248
    },
    {
      "id": 2,
      "part": "Front bumper",
      "class_id": 0,
      "bbox": [
        446.03,
        276.87,
        946.08,
        596.45
      ],
      "score": 0.6636999845504761
    },
    {
      "id": 3,
      "part": "Front fender(L)",
      "class_id": 10,
      "bbox": [
        163.59,
        1.36,
        337.02,
        425.61
      ],
      "score": 0.4300999939441681
    }
  ]
}