{
  "image_path": "C:\\Users\\swu\\Desktop\\sample\\part_sample_17190\\1.원천데이터\\part\\0002824_sc-164510.jpg",
  "parts": [
    {
      "id": 1,
      "part": "Front bumper",
      "class_id": 0,
      "bbox": [
        47.241363525390625,
        193.794921875,
        443.1997375488281,
        884.6102294921875
      ],
      "score": 0.805364191532135
    },
    {
      "id": 2,
      "part": "Rear lamp(R)",
      "class_id": 8,
      "bbox": [
        232.447021484375,
        179.71746826171875,
        985.848388671875,
        771.0037231445312
      ],
      "score": 0.7633955478668213
    }
  ]
}