{
  "image_path": "C:\\Users\\swu\\Desktop\\sample\\part_sample_17190\\1.원천데이터\\part\\0002839_as-3572228.jpg",
  "parts": [
    {
      "id": 1,
      "part": "Front bumper",
      "class_id": 0,
      "bbox": [
        112.0986328125,
        229.55389404296875,
        752.0421752929688,
        490.23504638671875
      ],
      "score": 0.8923912644386292
    },
    {
      "id": 2,
      "part": "Head lights(R)",
      "class_id": 2,
      "bbox": [
        153.7401580810547,
        84.74250793457031,
        702.7112426757812,
        251.1627197265625
      ],
      "score": 0.8145471215248108
    }
  ]
}