{
  "image_path": "C:\\Users\\swu\\Desktop\\sample\\part_sample_10000\\1.원천데이터\\part\\0002634_sc-188220.jpg",
  "image_size": {
    "width": 800,
    "height": 600
  },
  "parts": [
    {
      "id": 1,
      "part": "Front bumper",
      "class_id": 0,
      "bbox": [
        112.1,
        3.98,
        798.25,
        518.8
      ],
      "score": 0.8321999907493591
    },
    {
      "id": 2,
      "part": "Front bumper",
      "class_id": 0,
      "bbox": [
        699.35,
        9.33,
        769.23,
        88.24
      ],
      "score": 0.5906000137329102
    }
  ]
}