{
  "image_path": "C:\\Users\\swu\\Desktop\\sample\\part_sample_17190\\1.원천데이터\\part\\0002843_as-0017875.jpg",
  "parts": [
    {
      "id": 1,
      "part": "Head lights(R)",
      "class_id": 2,
      "bbox": [
        163.99569702148438,
        130.53997802734375,
        605.6806030273438,
        285.416748046875
      ],
      "score": 0.9417547583580017
    },
    {
      "id": 2,
      "part": "Front bumper",
      "class_id": 0,
      "bbox": [
        124.89854431152344,
        273.4468994140625,
        640.265380859375,
        582.6748046875
      ],
      "score": 0.9035154581069946
    }
  ]
}