{
  "image_path": "C:\\Users\\swu\\Desktop\\sample\\part_sample_10000\\1.원천데이터\\part\\0002232_as-0027953.jpg",
  "image_size": {
    "width": 800,
    "height": 600
  },
  "parts": [
    {
      "id": 1,
      "part": "Rear lamp(L)",
      "class_id": 7,
      "bbox": [
        244.2,
        290.96,
        606.33,
        433.19
      ],
      "score": 0.8956000208854675
    },
    {
      "id": 2,
      "part": "Trunk lid",
      "class_id": 6,
      "bbox": [
        246.39,
        256.25,
        345.21,
        304.16
      ],
      "score": 0.7609000205993652
    },
    {
      "id": 3,
      "part": "Rear lamp(L)",
      "class_id": 7,
      "bbox": [
        0.02,
        282.54,
        85.0,
        383.43
      ],
      "score": 0.4334000051021576
    }
  ]
}