{
  "image_path": "C:\\Users\\swu\\Desktop\\sample\\part_sample_10000\\1.원천데이터\\part\\0002921_as-0091767.jpg",
  "image_size": {
    "width": 800,
    "height": 600
  },
  "parts": [
    {
      "id": 1,
      "part": "Front fender(L)",
      "class_id": 10,
      "bbox": [
        164.35,
        114.99,
        664.66,
        521.75
      ],
      "score": 0.953000009059906
    },
    {
      "id": 2,
      "part": "Rear lamp(R)",
      "class_id": 8,
      "bbox": [
        0.0,
        216.18,
        201.73,
        497.62
      ],
      "score": 0.628600001335144
    },
    {
      "id": 3,
      "part": "Front fender(R)",
      "class_id": 11,
      "bbox": [
        573.57,
        117.04,
        800.0,
        529.3
      ],
      "score": 0.2639000117778778
    }
  ]
}