{
  "image_path": "C:\\Users\\swu\\Desktop\\sample\\part_sample_17190\\1.원천데이터\\part\\0002192_as-0014799.jpg",
  "parts": [
    {
      "id": 1,
      "part": "Head lights(L)",
      "class_id": 1,
      "bbox": [
        193.43740844726562,
        209.23876953125,
        457.08978271484375,
        345.27630615234375
      ],
      "score": 0.9152786135673523
    },
    {
      "id": 2,
      "part": "Front bumper",
      "class_id": 0,
      "bbox": [
        251.59149169921875,
        186.295166015625,
        747.38037109375,
        599.459716796875
      ],
      "score": 0.8987633585929871
    },
    {
      "id": 3,
      "part": "Head lights(R)",
      "class_id": 2,
      "bbox": [
        116.30340576171875,
        82.02587127685547,
        709.2086791992188,
        266.93963623046875
      ],
      "score": 0.8507441878318787
    }
  ]
}