{
  "image_path": "C:\\Users\\swu\\Desktop\\sample\\part_sample_10000\\1.원천데이터\\part\\0002166_sc-1021411.jpg",
  "image_size": {
    "width": 800,
    "height": 600
  },
  "parts": [
    {
      "id": 1,
      "part": "Front bumper",
      "class_id": 0,
      "bbox": [
        27.34,
        212.36,
        638.32,
        546.5
      ],
      "score": 0.8529999852180481
    },
    {
      "id": 2,
      "part": "Rear lamp(R)",
      "class_id": 8,
      "bbox": [
        584.35,
        122.51,
        714.71,
        338.65
      ],
      "score": 0.5527999997138977
    }
  ]
}