{
  "image_path": "C:\\Users\\swu\\Desktop\\sample\\part_sample_17190\\1.원천데이터\\part\\0002416_sc-150513.jpg",
  "parts": [
    {
      "id": 1,
      "part": "Rear lamp(R)",
      "class_id": 8,
      "bbox": [
        319.8734130859375,
        181.9036865234375,
        513.0196533203125,
        435.4140319824219
      ],
      "score": 0.940792441368103
    },
    {
      "id": 2,
      "part": "Front bumper",
      "class_id": 0,
      "bbox": [
        445.4613342285156,
        276.6860046386719,
        947.2962036132812,
        598.132080078125
      ],
      "score": 0.8484596014022827
    }
  ]
}