{
  "image_path": "C:\\Users\\swu\\Desktop\\sample\\part_sample_10000\\1.원천데이터\\part\\0002865_as-0068893.jpg",
  "image_size": {
    "width": 800,
    "height": 600
  },
  "parts": [
    {
      "id": 1,
      "part": "Front fender(R)",
      "class_id": 11,
      "bbox": [
        270.65,
        15.39,
        616.44,
        447.68
      ],
      "score": 0.9782999753952026
    },
    {
      "id": 2,
      "part": "Front fender(L)",
      "class_id": 10,
      "bbox": [
        537.52,
        18.0,
        770.71,
        376.58
      ],
      "score": 0.8820000290870667
    },
    {
      "id": 3,
      "part": "Rocker panel(L)",
      "class_id": 18,
      "bbox": [
        82.89,
        372.42,
        388.2,
        600.0
      ],
      "score": 0.16539999842643738
    }
  ]
}