{
  "image_path": "C:\\Users\\swu\\Desktop\\sample\\part_sample_10000\\1.원천데이터\\part\\0002233_as-0027953.jpg",
  "image_size": {
    "width": 800,
    "height": 600
  },
  "parts": [
    {
      "id": 1,
      "part": "Trunk lid",
      "class_id": 6,
      "bbox": [
        458.34,
        266.07,
        677.06,
        338.0
      ],
      "score": 0.944100022315979
    },
    {
      "id": 2,
      "part": "Rear lamp(L)",
      "class_id": 7,
      "bbox": [
        528.6,
        296.19,
        731.81,
        497.91
      ],
      "score": 0.9193999767303467
    },
    {
      "id": 3,
      "part": "Rear door(L)",
      "class_id": 16,
      "bbox": [
        278.68,
        231.71,
        556.87,
        428.8
      ],
      "score": 0.6363999843597412
    },
    {
      "id": 4,
      "part": "Side mirror(L)",
      "class_id": 12,
      "bbox": [
        65.02,
        353.34,
        312.55,
        448.33
      ],
      "score": 0.32019999623298645
    },
    {
      "id": 5,
      "part": "Roof",
      "class_id": 5,
      "bbox": [
        510.03,
        198.14,
        716.24,
        370.26
      ],
      "score": 0.24420000612735748
    },
    {
      "id": 6,
      "part": "Rocker panel(L)",
      "class_id": 18,
      "bbox": [
        315.99,
        370.37,
        458.22,
        538.35
      ],
      "score": 0.24160000681877136
    },
    {
      "id": 7,
      "part": "Front fender(L)",
      "class_id": 10,
      "bbox": [
        57.3,
        160.11,
        226.2,
        397.37
      ],
      "score": 0.16760000586509705
    }
  ]
}