{
  "image_path": "C:\\Users\\swu\\Desktop\\sample\\part_sample_10000\\1.원천데이터\\part\\0002457_as-0016108.jpg",
  "image_size": {
    "width": 800,
    "height": 600
  },
  "parts": [
    {
      "id": 1,
      "part": "Front bumper",
      "class_id": 0,
      "bbox": [
        421.84,
        44.91,
        799.88,
        572.78
      ],
      "score": 0.8475000262260437
    },
    {
      "id": 2,
      "part": "Rear lamp(R)",
      "class_id": 8,
      "bbox": [
        38.37,
        0.0,
        573.65,
        360.36
      ],
      "score": 0.5371999740600586
    },
    {
      "id": 3,
      "part": "Rear door(R)",
      "class_id": 17,
      "bbox": [
        131.76,
        153.71,
        469.81,
        596.93
      ],
      "score": 0.16179999709129333
    }
  ]
}