{
  "image_path": "C:\\Users\\swu\\Desktop\\sample\\part_sample_17190\\1.원천데이터\\part\\0002763_as-0003238.jpg",
  "parts": [
    {
      "id": 1,
      "part": "Rear lamp(R)",
      "class_id": 8,
      "bbox": [
        327.5962829589844,
        35.77217102050781,
        696.9703369140625,
        421.06903076171875
      ],
      "score": 0.9567456245422363
    },
    {
      "id": 2,
      "part": "Head lights(L)",
      "class_id": 1,
      "bbox": [
        85.27687072753906,
        113.62296295166016,
        452.781005859375,
        328.2673645019531
      ],
      "score": 0.9313523769378662
    },
    {
      "id": 3,
      "part": "Front bumper",
      "class_id": 0,
      "bbox": [
        0.3525543212890625,
        51.48353576660156,
        484.20074462890625,
        600.0
      ],
      "score": 0.5038273930549622
    }
  ]
}