{
  "image_path": "C:\\Users\\swu\\Desktop\\sample\\part_sample_17190\\1.원천데이터\\part\\0002563_as-0058286.jpg",
  "parts": [
    {
      "id": 1,
      "part": "Rear lamp(L)",
      "class_id": 7,
      "bbox": [
        292.551025390625,
        279.0081481933594,
        794.68701171875,
        576.0802001953125
      ],
      "score": 0.9137416481971741
    },
    {
      "id": 2,
      "part": "Rear door(L)",
      "class_id": 16,
      "bbox": [
        181.70095825195312,
        159.18881225585938,
        461.8465576171875,
        451.5302734375
      ],
      "score": 0.7645389437675476
    },
    {
      "id": 3,
      "part": "Front fender(R)",
      "class_id": 11,
      "bbox": [
        88.16753387451172,
        97.97744750976562,
        241.08009338378906,
        443.6759948730469
      ],
      "score": 0.5060124397277832
    }
  ]
}