{
  "image_path": "C:\\Users\\swu\\Desktop\\sample\\part_sample_17190\\1.원천데이터\\part\\0002026_as-0037054.jpg",
  "parts": [
    {
      "id": 1,
      "part": "Rear lamp(R)",
      "class_id": 8,
      "bbox": [
        218.99502563476562,
        162.96043395996094,
        441.349609375,
        375.5517578125
      ],
      "score": 0.9290000796318054
    },
    {
      "id": 2,
      "part": "Front bumper",
      "class_id": 0,
      "bbox": [
        301.3139343261719,
        229.44839477539062,
        788.90234375,
        522.7325439453125
      ],
      "score": 0.4881121814250946
    },
    {
      "id": 3,
      "part": "Front fender(L)",
      "class_id": 10,
      "bbox": [
        93.20354461669922,
        39.08935546875,
        235.02749633789062,
        365.8494567871094
      ],
      "score": 0.36404478549957275
    }
  ]
}