{
  "image_path": "C:\\Users\\swu\\Desktop\\sample\\part_sample_10000\\1.원천데이터\\part\\0002884_sc-213368.jpg",
  "image_size": {
    "width": 800,
    "height": 600
  },
  "parts": [
    {
      "id": 1,
      "part": "Head lights(L)",
      "class_id": 1,
      "bbox": [
        23.95,
        350.26,
        151.62,
        535.46
      ],
      "score": 0.8187999725341797
    },
    {
      "id": 2,
      "part": "Front bumper",
      "class_id": 0,
      "bbox": [
        24.91,
        348.8,
        779.67,
        600.0
      ],
      "score": 0.4449000060558319
    },
    {
      "id": 3,
      "part": "Head lights(L)",
      "class_id": 1,
      "bbox": [
        668.24,
        345.71,
        799.77,
        544.24
      ],
      "score": 0.17749999463558197
    }
  ]
}