{
  "image_path": "C:\\Users\\swu\\Desktop\\sample\\part_sample_10000\\1.원천데이터\\part\\0002307_as-0080247.jpg",
  "image_size": {
    "width": 1024,
    "height": 768
  },
  "parts": [
    {
      "id": 1,
      "part": "Rear lamp(R)",
      "class_id": 8,
      "bbox": [
        0.0,
        0.07,
        314.53,
        362.12
      ],
      "score": 0.3986000120639801
    },
    {
      "id": 2,
      "part": "Head lights(L)",
      "class_id": 1,
      "bbox": [
        205.26,
        0.0,
        874.11,
        116.27
      ],
      "score": 0.3653999865055084
    },
    {
      "id": 3,
      "part": "Rear door(R)",
      "class_id": 17,
      "bbox": [
        46.96,
        196.67,
        380.45,
        637.09
      ],
      "score": 0.35670000314712524
    },
    {
      "id": 4,
      "part": "Head lights(R)",
      "class_id": 2,
      "bbox": [
        224.66,
        0.0,
        1024.0,
        104.73
      ],
      "score": 0.2583000063896179
    },
    {
      "id": 5,
      "part": "Front bumper",
      "class_id": 0,
      "bbox": [
        239.8,
        3.64,
        1023.54,
        626.55
      ],
      "score": 0.18299999833106995
    }
  ]
}