{
  "image_path": "C:\\Users\\swu\\Desktop\\sample\\part_sample_17190\\1.원천데이터\\part\\0002362_sc-103209.jpg",
  "parts": [
    {
      "id": 1,
      "part": "Front bumper",
      "class_id": 0,
      "bbox": [
        79.83135223388672,
        51.645362854003906,
        754.8291015625,
        539.19482421875
      ],
      "score": 0.972399890422821
    },
    {
      "id": 2,
      "part": "Rear door(R)",
      "class_id": 17,
      "bbox": [
        668.4483642578125,
        301.7974548339844,
        821.656494140625,
        597.9188232421875
      ],
      "score": 0.3384752869606018
    }
  ]
}