{
  "image_path": "C:\\Users\\swu\\Desktop\\sample\\part_sample_17190\\1.원천데이터\\part\\0002497_as-0017404.jpg",
  "parts": [
    {
      "id": 1,
      "part": "Rear lamp(R)",
      "class_id": 8,
      "bbox": [
        450.0552978515625,
        147.22213745117188,
        588.593017578125,
        396.13946533203125
      ],
      "score": 0.8801525235176086
    },
    {
      "id": 2,
      "part": "Front fender(L)",
      "class_id": 10,
      "bbox": [
        572.468994140625,
        29.895782470703125,
        654.7769775390625,
        387.55010986328125
      ],
      "score": 0.8652564883232117
    },
    {
      "id": 3,
      "part": "Side mirror(L)",
      "class_id": 12,
      "bbox": [
        566.2725830078125,
        284.2920837402344,
        662.4388427734375,
        419.616943359375
      ],
      "score": 0.28131303191185
    }
  ]
}