{
  "image_path": "C:\\Users\\swu\\Desktop\\sample\\part_sample_17190\\1.원천데이터\\part\\0002909_as-0091767.jpg",
  "parts": [
    {
      "id": 1,
      "part": "Front bumper",
      "class_id": 0,
      "bbox": [
        130.84524536132812,
        134.39035034179688,
        552.2466430664062,
        426.6209411621094
      ],
      "score": 0.8736478686332703
    },
    {
      "id": 2,
      "part": "Front bumper",
      "class_id": 0,
      "bbox": [
        0.03475189208984375,
        236.70953369140625,
        75.78123474121094,
        583.3184204101562
      ],
      "score": 0.25774243474006653
    }
  ]
}