{
  "image_path": "C:\\Users\\swu\\Desktop\\sample\\part_sample_17190\\1.원천데이터\\part\\0002696_as-0028701.jpg",
  "parts": [
    {
      "id": 1,
      "part": "Rear lamp(L)",
      "class_id": 7,
      "bbox": [
        167.24859619140625,
        249.337646484375,
        691.25830078125,
        521.567138671875
      ],
      "score": 0.8449028134346008
    },
    {
      "id": 2,
      "part": "Roof",
      "class_id": 5,
      "bbox": [
        207.1222686767578,
        96.73168182373047,
        663.7396240234375,
        357.76544189453125
      ],
      "score": 0.6375079154968262
    }
  ]
}