{
  "image_path": "C:\\Users\\swu\\Desktop\\sample\\part_sample_10000\\1.원천데이터\\part\\0002110_sc-184350.jpg",
  "image_size": {
    "width": 1280,
    "height": 960
  },
  "parts": [
    {
      "id": 1,
      "part": "Rear lamp(R)",
      "class_id": 8,
      "bbox": [
        16.65,
        219.86,
        852.94,
        741.18
      ],
      "score": 0.933899998664856
    },
    {
      "id": 2,
      "part": "Rear bumper",
      "class_id": 9,
      "bbox": [
        974.72,
        107.09,
        1265.32,
        295.94
      ],
      "score": 0.5849000215530396
    },
    {
      "id": 3,
      "part": "Front bumper",
      "class_id": 0,
      "bbox": [
        0.13,
        297.18,
        365.59,
        821.83
      ],
      "score": 0.4993000030517578
    }
  ]
}