{
  "image_path": "C:\\Users\\swu\\Desktop\\sample\\part_sample_10000\\1.원천데이터\\part\\0002824_sc-164510.jpg",
  "image_size": {
    "width": 1280,
    "height": 960
  },
  "parts": [
    {
      "id": 1,
      "part": "Rear lamp(R)",
      "class_id": 8,
      "bbox": [
        231.11,
        180.14,
        983.01,
        779.37
      ],
      "score": 0.8258000016212463
    },
    {
      "id": 2,
      "part": "Front bumper",
      "class_id": 0,
      "bbox": [
        46.57,
        193.49,
        440.62,
        884.51
      ],
      "score": 0.5590999722480774
    },
    {
      "id": 3,
      "part": "Rear door(R)",
      "class_id": 17,
      "bbox": [
        363.26,
        616.0,
        772.4,
        945.08
      ],
      "score": 0.20569999516010284
    }
  ]
}