{
  "image_path": "C:\\Users\\swu\\Desktop\\sample\\part_sample_17190\\1.원천데이터\\part\\0002629_as-0017192.jpg",
  "parts": [
    {
      "id": 1,
      "part": "Rear door(L)",
      "class_id": 16,
      "bbox": [
        333.2518005371094,
        142.2504425048828,
        585.8583984375,
        392.7667236328125
      ],
      "score": 0.8052910566329956
    },
    {
      "id": 2,
      "part": "Rear lamp(L)",
      "class_id": 7,
      "bbox": [
        20.413742065429688,
        228.2665252685547,
        519.6316528320312,
        587.4280395507812
      ],
      "score": 0.7750079035758972
    },
    {
      "id": 3,
      "part": "Front fender(R)",
      "class_id": 11,
      "bbox": [
        549.6978759765625,
        41.35265350341797,
        651.1318359375,
        384.8465270996094
      ],
      "score": 0.6477895379066467
    },
    {
      "id": 4,
      "part": "Trunk lid",
      "class_id": 6,
      "bbox": [
        212.6441192626953,
        229.40753173828125,
        478.35052490234375,
        345.1791076660156
      ],
      "score": 0.3067863881587982
    }
  ]
}