{
  "image_path": "C:\\Users\\swu\\Desktop\\sample\\part_sample_10000\\1.원천데이터\\part\\0002687_as-0039795.jpg",
  "image_size": {
    "width": 800,
    "height": 600
  },
  "parts": [
    {
      "id": 1,
      "part": "Front bumper",
      "class_id": 0,
      "bbox": [
        64.81,
        156.0,
        540.17,
        538.32
      ],
      "score": 0.9301999807357788
    },
    {
      "id": 2,
      "part": "Rear lamp(R)",
      "class_id": 8,
      "bbox": [
        467.93,
        114.9,
        640.72,
        358.33
      ],
      "score": 0.7688999772071838
    }
  ]
}