{
  "image_path": "C:\\Users\\swu\\Desktop\\sample\\part_sample_10000\\1.원천데이터\\part\\0002844_as-0017875.jpg",
  "image_size": {
    "width": 800,
    "height": 600
  },
  "parts": [
    {
      "id": 1,
      "part": "Head lights(R)",
      "class_id": 2,
      "bbox": [
        140.42,
        118.63,
        574.56,
        299.63
      ],
      "score": 0.9226999878883362
    },
    {
      "id": 2,
      "part": "Front bumper",
      "class_id": 0,
      "bbox": [
        104.79,
        211.13,
        548.79,
        568.91
      ],
      "score": 0.8889999985694885
    },
    {
      "id": 3,
      "part": "Rear lamp(R)",
      "class_id": 8,
      "bbox": [
        508.71,
        182.49,
        605.42,
        412.52
      ],
      "score": 0.2953000068664551
    }
  ]
}