{
  "image_path": "C:\\Users\\swu\\Desktop\\sample\\part_sample_10000\\1.원천데이터\\part\\0002058_as-0042079.jpg",
  "image_size": {
    "width": 800,
    "height": 600
  },
  "parts": [
    {
      "id": 1,
      "part": "Rear lamp(L)",
      "class_id": 7,
      "bbox": [
        360.17,
        155.04,
        784.2,
        578.04
      ],
      "score": 0.9488999843597412
    },
    {
      "id": 2,
      "part": "Rear door(L)",
      "class_id": 16,
      "bbox": [
        165.39,
        0.48,
        475.87,
        419.6
      ],
      "score": 0.7184000015258789
    }
  ]
}