{
  "image_path": "C:\\Users\\swu\\Desktop\\sample\\part_sample_17190\\1.원천데이터\\part\\0002456_as-0016108.jpg",
  "parts": [
    {
      "id": 1,
      "part": "Front bumper",
      "class_id": 0,
      "bbox": [
        375.577392578125,
        198.63580322265625,
        709.8228759765625,
        476.5303955078125
      ],
      "score": 0.928505003452301
    },
    {
      "id": 2,
      "part": "Rear lamp(R)",
      "class_id": 8,
      "bbox": [
        277.36163330078125,
        141.48313903808594,
        419.41729736328125,
        347.3957824707031
      ],
      "score": 0.9258021116256714
    }
  ]
}