{
  "image_path": "C:\\Users\\swu\\Desktop\\sample\\part_sample_17190\\1.원천데이터\\part\\0002306_as-0080247.jpg",
  "parts": [
    {
      "id": 1,
      "part": "Front bumper",
      "class_id": 0,
      "bbox": [
        433.52734375,
        267.98779296875,
        1024.0,
        701.2239379882812
      ],
      "score": 0.9230373501777649
    },
    {
      "id": 2,
      "part": "Rear lamp(R)",
      "class_id": 8,
      "bbox": [
        294.7898864746094,
        289.0280456542969,
        456.2831726074219,
        528.4003295898438
      ],
      "score": 0.9081966876983643
    },
    {
      "id": 3,
      "part": "Head lights(L)",
      "class_id": 1,
      "bbox": [
        413.1205139160156,
        339.4880065917969,
        745.3662109375,
        430.5697326660156
      ],
      "score": 0.3370795249938965
    }
  ]
}