{
  "image_path": "C:\\Users\\swu\\Desktop\\sample\\part_sample_10000\\1.원천데이터\\part\\0002629_as-0017192.jpg",
  "image_size": {
    "width": 800,
    "height": 600
  },
  "parts": [
    {
      "id": 1,
      "part": "Rear door(L)",
      "class_id": 16,
      "bbox": [
        333.1,
        143.8,
        586.37,
        393.06
      ],
      "score": 0.9315000176429749
    },
    {
      "id": 2,
      "part": "Front fender(R)",
      "class_id": 11,
      "bbox": [
        548.79,
        39.68,
        651.29,
        383.81
      ],
      "score": 0.6053000092506409
    },
    {
      "id": 3,
      "part": "Rear lamp(L)",
      "class_id": 7,
      "bbox": [
        20.08,
        227.58,
        521.32,
        587.62
      ],
      "score": 0.47189998626708984
    },
    {
      "id": 4,
      "part": "Front fender(L)",
      "class_id": 10,
      "bbox": [
        601.71,
        41.83,
        696.81,
        341.48
      ],
      "score": 0.29980000853538513
    }
  ]
}