{
  "image_path": "C:\\Users\\swu\\Desktop\\sample\\part_sample_17190\\1.원천데이터\\part\\0002952_as-0040198.jpg",
  "parts": [
    {
      "id": 1,
      "part": "Head lights(L)",
      "class_id": 1,
      "bbox": [
        246.49156188964844,
        215.98007202148438,
        560.1638793945312,
        354.446044921875
      ],
      "score": 0.9363606572151184
    },
    {
      "id": 2,
      "part": "Front bumper",
      "class_id": 0,
      "bbox": [
        197.09442138671875,
        219.82107543945312,
        768.5478515625,
        556.1068115234375
      ],
      "score": 0.9106397032737732
    },
    {
      "id": 3,
      "part": "Rear lamp(R)",
      "class_id": 8,
      "bbox": [
        63.6260986328125,
        82.28885650634766,
        562.6104125976562,
        351.3621826171875
      ],
      "score": 0.7671129703521729
    }
  ]
}