{
  "image_path": "C:\\Users\\swu\\Desktop\\sample\\part_sample_17190\\1.원천데이터\\part\\0002627_as-0017192.jpg",
  "parts": [
    {
      "id": 1,
      "part": "Rear door(L)",
      "class_id": 16,
      "bbox": [
        10.727195739746094,
        13.564376831054688,
        481.43780517578125,
        536.290283203125
      ],
      "score": 0.9439958930015564
    },
    {
      "id": 2,
      "part": "Rear lamp(L)",
      "class_id": 7,
      "bbox": [
        16.651988983154297,
        203.51820373535156,
        170.03799438476562,
        496.0884094238281
      ],
      "score": 0.3260391056537628
    }
  ]
}