{
  "image_path": "C:\\Users\\swu\\Desktop\\sample\\part_sample_17190\\1.원천데이터\\part\\0002438_sc-1037724.jpg",
  "parts": [
    {
      "id": 1,
      "part": "Rear lamp(L)",
      "class_id": 7,
      "bbox": [
        50.36384582519531,
        270.5604248046875,
        692.0960083007812,
        486.2908935546875
      ],
      "score": 0.7849147319793701
    },
    {
      "id": 2,
      "part": "Roof",
      "class_id": 5,
      "bbox": [
        55.91207504272461,
        126.18335723876953,
        684.568115234375,
        366.0506591796875
      ],
      "score": 0.7310133576393127
    },
    {
      "id": 3,
      "part": "Trunk lid",
      "class_id": 6,
      "bbox": [
        473.7590026855469,
        222.05874633789062,
        701.5889892578125,
        284.18804931640625
      ],
      "score": 0.6994038224220276
    }
  ]
}