{
  "image_path": "C:\\Users\\swu\\Desktop\\sample\\part_sample_10000\\1.원천데이터\\part\\0002081_sc-171092.jpg",
  "image_size": {
    "width": 800,
    "height": 600
  },
  "parts": [
    {
      "id": 1,
      "part": "Front bumper",
      "class_id": 0,
      "bbox": [
        279.35,
        10.6,
        555.65,
        214.7
      ],
      "score": 0.8845999836921692
    },
    {
      "id": 2,
      "part": "Rear door(R)",
      "class_id": 17,
      "bbox": [
        376.71,
        204.14,
        626.44,
        572.62
      ],
      "score": 0.7980999946594238
    }
  ]
}