{
  "image_path": "C:\\Users\\swu\\Desktop\\sample\\part_sample_17190\\1.원천데이터\\part\\0002482_sc-1022454.jpg",
  "parts": [
    {
      "id": 1,
      "part": "Rear lamp(L)",
      "class_id": 7,
      "bbox": [
        7.954692840576172,
        147.7623748779297,
        634.4105224609375,
        560.9447021484375
      ],
      "score": 0.9184347987174988
    },
    {
      "id": 2,
      "part": "Trunk lid",
      "class_id": 6,
      "bbox": [
        262.56292724609375,
        235.43499755859375,
        581.1595458984375,
        377.5094299316406
      ],
      "score": 0.6716824173927307
    }
  ]
}