{
  "image_path": "C:\\Users\\swu\\Desktop\\sample\\part_sample_17190\\1.원천데이터\\part\\0002845_as-0017875.jpg",
  "parts": [
    {
      "id": 1,
      "part": "Head lights(R)",
      "class_id": 2,
      "bbox": [
        190.24063110351562,
        113.82434844970703,
        624.3773803710938,
        285.27337646484375
      ],
      "score": 0.8560314178466797
    },
    {
      "id": 2,
      "part": "Front bumper",
      "class_id": 0,
      "bbox": [
        236.48672485351562,
        202.09823608398438,
        659.7595825195312,
        548.8764038085938
      ],
      "score": 0.854025661945343
    }
  ]
}