{
  "image_path": "C:\\Users\\swu\\Desktop\\sample\\part_sample_17190\\1.원천데이터\\part\\0002073_sc-134253.jpg",
  "parts": [
    {
      "id": 1,
      "part": "Rear bumper",
      "class_id": 9,
      "bbox": [
        572.191162109375,
        154.74876403808594,
        638.3782958984375,
        245.80612182617188
      ],
      "score": 0.8965619802474976
    },
    {
      "id": 2,
      "part": "Front bumper",
      "class_id": 0,
      "bbox": [
        59.150962829589844,
        256.7000732421875,
        459.0524597167969,
        599.98828125
      ],
      "score": 0.8916817903518677
    }
  ]
}