{
  "image_path": "C:\\Users\\swu\\Desktop\\sample\\part_sample_17190\\1.원천데이터\\part\\0002133_as-0064687.jpg",
  "parts": [
    {
      "id": 1,
      "part": "Front bumper",
      "class_id": 0,
      "bbox": [
        148.4572296142578,
        46.722999572753906,
        954.8722534179688,
        613.5231323242188
      ],
      "score": 0.8479763865470886
    },
    {
      "id": 2,
      "part": "Head lights(L)",
      "class_id": 1,
      "bbox": [
        278.98822021484375,
        1.489599585533142,
        566.6438598632812,
        400.4893798828125
      ],
      "score": 0.44407618045806885
    }
  ]
}