{
  "image_path": "C:\\Users\\swu\\Desktop\\sample\\part_sample_10000\\1.원천데이터\\part\\0002043_as-0058814.jpg",
  "image_size": {
    "width": 800,
    "height": 600
  },
  "parts": [
    {
      "id": 1,
      "part": "Rear lamp(R)",
      "class_id": 8,
      "bbox": [
        70.11,
        38.98,
        677.63,
        588.16
      ],
      "score": 0.9178000092506409
    },
    {
      "id": 2,
      "part": "Front bumper",
      "class_id": 0,
      "bbox": [
        0.1,
        245.08,
        146.7,
        521.31
      ],
      "score": 0.17350000143051147
    }
  ]
}