{
  "image_path": "C:\\Users\\swu\\Desktop\\sample\\part_sample_10000\\1.원천데이터\\part\\0002113_as-2932344.jpg",
  "image_size": {
    "width": 800,
    "height": 600
  },
  "parts": [
    {
      "id": 1,
      "part": "Front bumper",
      "class_id": 0,
      "bbox": [
        399.15,
        61.56,
        790.24,
        472.33
      ],
      "score": 0.9196000099182129
    },
    {
      "id": 2,
      "part": "Rear lamp(R)",
      "class_id": 8,
      "bbox": [
        97.62,
        60.34,
        477.84,
        396.13
      ],
      "score": 0.32269999384880066
    },
    {
      "id": 3,
      "part": "Front fender(L)",
      "class_id": 10,
      "bbox": [
        0.14,
        0.27,
        165.11,
        377.76
      ],
      "score": 0.1688999980688095
    }
  ]
}