{
  "image_path": "C:\\Users\\swu\\Desktop\\sample\\part_sample_17190\\1.원천데이터\\part\\0002562_as-0058286.jpg",
  "parts": [
    {
      "id": 1,
      "part": "Rear lamp(L)",
      "class_id": 7,
      "bbox": [
        35.99723815917969,
        270.05010986328125,
        580.4589233398438,
        572.495361328125
      ],
      "score": 0.9351514577865601
    },
    {
      "id": 2,
      "part": "Rear door(L)",
      "class_id": 16,
      "bbox": [
        416.4658203125,
        146.0785675048828,
        656.0238647460938,
        424.4744567871094
      ],
      "score": 0.27707967162132263
    }
  ]
}