{
  "image_path": "C:\\Users\\swu\\Desktop\\sample\\part_sample_17190\\1.원천데이터\\part\\0002100_as-0020214.jpg",
  "parts": [
    {
      "id": 1,
      "part": "Front bumper",
      "class_id": 0,
      "bbox": [
        37.093448638916016,
        154.04624938964844,
        255.2194061279297,
        479.54351806640625
      ],
      "score": 0.8563405275344849
    },
    {
      "id": 2,
      "part": "Rear lamp(R)",
      "class_id": 8,
      "bbox": [
        133.90846252441406,
        81.7989730834961,
        728.3594970703125,
        506.11444091796875
      ],
      "score": 0.48487135767936707
    }
  ]
}