{
  "image_path": "C:\\Users\\swu\\Desktop\\sample\\part_sample_10000\\1.원천데이터\\part\\0002547_as-2931764.jpg",
  "image_size": {
    "width": 800,
    "height": 600
  },
  "parts": [
    {
      "id": 1,
      "part": "Head lights(R)",
      "class_id": 2,
      "bbox": [
        108.79,
        43.46,
        636.41,
        258.08
      ],
      "score": 0.9388999938964844
    },
    {
      "id": 2,
      "part": "Front bumper",
      "class_id": 0,
      "bbox": [
        57.76,
        183.78,
        602.63,
        504.79
      ],
      "score": 0.9089999794960022
    },
    {
      "id": 3,
      "part": "Rear lamp(R)",
      "class_id": 8,
      "bbox": [
        538.69,
        74.19,
        673.59,
        301.27
      ],
      "score": 0.7791000008583069
    }
  ]
}