{
  "image_path": "C:\\Users\\swu\\Desktop\\sample\\part_sample_17190\\1.원천데이터\\part\\0002392_as-0022299.jpg",
  "parts": [
    {
      "id": 1,
      "part": "Rear lamp(R)",
      "class_id": 8,
      "bbox": [
        382.9798889160156,
        102.59525299072266,
        653.251220703125,
        474.5763854980469
      ],
      "score": 0.8881945013999939
    },
    {
      "id": 2,
      "part": "Side mirror(L)",
      "class_id": 12,
      "bbox": [
        178.10687255859375,
        322.2337341308594,
        433.70819091796875,
        511.23779296875
      ],
      "score": 0.8593157529830933
    },
    {
      "id": 3,
      "part": "Front fender(L)",
      "class_id": 10,
      "bbox": [
        229.67445373535156,
        1.2386322021484375,
        395.8386535644531,
        448.7825012207031
      ],
      "score": 0.35611486434936523
    },
    {
      "id": 4,
      "part": "Front bumper",
      "class_id": 0,
      "bbox": [
        595.0819091796875,
        171.5389404296875,
        799.94921875,
        599.804443359375
      ],
      "score": 0.27405300736427307
    }
  ]
}