{
  "image_path": "C:\\Users\\swu\\Desktop\\sample\\part_sample_17190\\1.원천데이터\\part\\0002804_as-0063735.jpg",
  "parts": [
    {
      "id": 1,
      "part": "Front fender(L)",
      "class_id": 10,
      "bbox": [
        262.1473083496094,
        0.7751083374023438,
        688.42431640625,
        520.8142700195312
      ],
      "score": 0.9427606463432312
    },
    {
      "id": 2,
      "part": "Side mirror(L)",
      "class_id": 12,
      "bbox": [
        219.4054412841797,
        336.92352294921875,
        743.350830078125,
        565.0708618164062
      ],
      "score": 0.6070895791053772
    }
  ]
}