{
  "image_path": "C:\\Users\\swu\\Desktop\\sample\\part_sample_10000\\1.원천데이터\\part\\0002299_as-0008485.jpg",
  "image_size": {
    "width": 800,
    "height": 600
  },
  "parts": [
    {
      "id": 1,
      "part": "Rear lamp(L)",
      "class_id": 7,
      "bbox": [
        257.47,
        26.72,
        779.56,
        530.16
      ],
      "score": 0.9330000281333923
    },
    {
      "id": 2,
      "part": "Rear door(L)",
      "class_id": 16,
      "bbox": [
        126.04,
        0.1,
        494.2,
        282.21
      ],
      "score": 0.1737000048160553
    }
  ]
}