{
  "image_path": "C:\\Users\\swu\\Desktop\\sample\\part_sample_10000\\1.원천데이터\\part\\0002506_sc-159030.jpg",
  "image_size": {
    "width": 800,
    "height": 600
  },
  "parts": [
    {
      "id": 1,
      "part": "Rear lamp(R)",
      "class_id": 8,
      "bbox": [
        204.72,
        77.37,
        723.25,
        434.46
      ],
      "score": 0.6823999881744385
    },
    {
      "id": 2,
      "part": "Rear door(R)",
      "class_id": 17,
      "bbox": [
        268.74,
        320.11,
        591.25,
        599.98
      ],
      "score": 0.1518000066280365
    }
  ]
}