{
  "image_path": "C:\\Users\\swu\\Desktop\\sample\\part_sample_17190\\1.원천데이터\\part\\0002191_as-0014799.jpg",
  "parts": [
    {
      "id": 1,
      "part": "Head lights(L)",
      "class_id": 1,
      "bbox": [
        276.40789794921875,
        240.46241760253906,
        490.2606201171875,
        361.7634582519531
      ],
      "score": 0.9379306435585022
    },
    {
      "id": 2,
      "part": "Head lights(R)",
      "class_id": 2,
      "bbox": [
        216.9440460205078,
        143.92652893066406,
        731.32763671875,
        292.89215087890625
      ],
      "score": 0.9171434044837952
    },
    {
      "id": 3,
      "part": "Front bumper",
      "class_id": 0,
      "bbox": [
        309.89599609375,
        242.55987548828125,
        762.2581787109375,
        599.1242065429688
      ],
      "score": 0.8805063962936401
    },
    {
      "id": 4,
      "part": "Rear lamp(R)",
      "class_id": 8,
      "bbox": [
        167.77835083007812,
        173.351318359375,
        339.052001953125,
        367.09283447265625
      ],
      "score": 0.6299393773078918
    }
  ]
}