{
  "image_path": "C:\\Users\\swu\\Desktop\\sample\\part_sample_17190\\1.원천데이터\\part\\0002768_as-0075954.jpg",
  "parts": [
    {
      "id": 1,
      "part": "Rear lamp(R)",
      "class_id": 8,
      "bbox": [
        138.18499755859375,
        31.75177574157715,
        426.6377258300781,
        339.83270263671875
      ],
      "score": 0.936183512210846
    },
    {
      "id": 2,
      "part": "Front bumper",
      "class_id": 0,
      "bbox": [
        345.203857421875,
        143.37612915039062,
        692.2982788085938,
        507.506591796875
      ],
      "score": 0.8775648474693298
    }
  ]
}