{
  "image_path": "C:\\Users\\swu\\Desktop\\sample\\part_sample_17190\\1.원천데이터\\part\\0002190_as-0014799.jpg",
  "parts": [
    {
      "id": 1,
      "part": "Rear lamp(L)",
      "class_id": 7,
      "bbox": [
        20.972671508789062,
        279.3879089355469,
        613.3280029296875,
        551.5619506835938
      ],
      "score": 0.7472959160804749
    },
    {
      "id": 2,
      "part": "Rear door(L)",
      "class_id": 16,
      "bbox": [
        460.1788330078125,
        196.50973510742188,
        648.1612548828125,
        386.7639465332031
      ],
      "score": 0.2638825476169586
    }
  ]
}