{
  "image_path": "C:\\Users\\swu\\Desktop\\sample\\part_sample_10000\\1.원천데이터\\part\\0002845_as-0017875.jpg",
  "image_size": {
    "width": 800,
    "height": 600
  },
  "parts": [
    {
      "id": 1,
      "part": "Head lights(R)",
      "class_id": 2,
      "bbox": [
        195.14,
        113.77,
        623.22,
        285.85
      ],
      "score": 0.9373000264167786
    },
    {
      "id": 2,
      "part": "Front bumper",
      "class_id": 0,
      "bbox": [
        235.16,
        198.63,
        659.26,
        549.82
      ],
      "score": 0.8937000036239624
    }
  ]
}