{
  "image_path": "C:\\Users\\swu\\Desktop\\sample\\part_sample_10000\\1.원천데이터\\part\\0002482_sc-1022454.jpg",
  "image_size": {
    "width": 800,
    "height": 600
  },
  "parts": [
    {
      "id": 1,
      "part": "Rear lamp(L)",
      "class_id": 7,
      "bbox": [
        8.15,
        149.55,
        634.8,
        560.47
      ],
      "score": 0.8866999745368958
    },
    {
      "id": 2,
      "part": "Trunk lid",
      "class_id": 6,
      "bbox": [
        251.91,
        232.3,
        580.8,
        377.58
      ],
      "score": 0.6480000019073486
    }
  ]
}