{
  "image_path": "C:\\Users\\swu\\Desktop\\sample\\part_sample_10000\\1.원천데이터\\part\\0002856_as-0018960.jpg",
  "image_size": {
    "width": 800,
    "height": 600
  },
  "parts": [
    {
      "id": 1,
      "part": "Front bumper",
      "class_id": 0,
      "bbox": [
        89.22,
        192.28,
        519.83,
        543.27
      ],
      "score": 0.963100016117096
    },
    {
      "id": 2,
      "part": "Rear lamp(R)",
      "class_id": 8,
      "bbox": [
        447.59,
        172.59,
        584.88,
        411.11
      ],
      "score": 0.9027000069618225
    }
  ]
}