{
  "image_path": "C:\\Users\\swu\\Desktop\\sample\\part_sample_10000\\1.원천데이터\\part\\0002148_as-3478102.jpg",
  "image_size": {
    "width": 1024,
    "height": 768
  },
  "parts": [
    {
      "id": 1,
      "part": "Front bumper",
      "class_id": 0,
      "bbox": [
        153.71,
        17.55,
        810.21,
        549.53
      ],
      "score": 0.9648000001907349
    },
    {
      "id": 2,
      "part": "Rear lamp(R)",
      "class_id": 8,
      "bbox": [
        0.0,
        80.44,
        239.99,
        459.45
      ],
      "score": 0.3440000116825104
    }
  ]
}