{
  "image_path": "C:\\Users\\swu\\Desktop\\sample\\part_sample_17190\\1.원천데이터\\part\\0002301_as-0008485.jpg",
  "parts": [
    {
      "id": 1,
      "part": "Rear lamp(L)",
      "class_id": 7,
      "bbox": [
        263.3226318359375,
        186.95315551757812,
        659.2930908203125,
        485.2354736328125
      ],
      "score": 0.7618417739868164
    },
    {
      "id": 2,
      "part": "Front fender(R)",
      "class_id": 11,
      "bbox": [
        154.07151794433594,
        0.5584716796875,
        259.31036376953125,
        345.3364562988281
      ],
      "score": 0.4314730763435364
    },
    {
      "id": 3,
      "part": "Rear door(L)",
      "class_id": 16,
      "bbox": [
        202.79721069335938,
        90.73340606689453,
        385.0627136230469,
        353.80609130859375
      ],
      "score": 0.42334651947021484
    }
  ]
}