{
  "image_path": "C:\\Users\\swu\\Desktop\\sample\\part_sample_10000\\1.원천데이터\\part\\0002226_sc-191820.jpg",
  "image_size": {
    "width": 800,
    "height": 600
  },
  "parts": [
    {
      "id": 1,
      "part": "Front bumper",
      "class_id": 0,
      "bbox": [
        302.99,
        240.08,
        786.96,
        570.69
      ],
      "score": 0.958899974822998
    },
    {
      "id": 2,
      "part": "Rear lamp(R)",
      "class_id": 8,
      "bbox": [
        179.34,
        181.78,
        467.29,
        424.71
      ],
      "score": 0.5533999800682068
    },
    {
      "id": 3,
      "part": "Front fender(R)",
      "class_id": 11,
      "bbox": [
        0.0,
        31.45,
        30.88,
        314.57
      ],
      "score": 0.18700000643730164
    },
    {
      "id": 4,
      "part": "Front fender(L)",
      "class_id": 10,
      "bbox": [
        1.15,
        32.34,
        196.3,
        410.49
      ],
      "score": 0.16760000586509705
    }
  ]
}