{
  "image_path": "C:\\Users\\swu\\Desktop\\sample\\part_sample_10000\\1.원천데이터\\part\\0002945_as-0040198.jpg",
  "image_size": {
    "width": 800,
    "height": 600
  },
  "parts": [
    {
      "id": 1,
      "part": "Front bumper",
      "class_id": 0,
      "bbox": [
        246.7,
        258.0,
        759.36,
        559.85
      ],
      "score": 0.9503999948501587
    },
    {
      "id": 2,
      "part": "Rear lamp(R)",
      "class_id": 8,
      "bbox": [
        138.24,
        172.2,
        547.27,
        394.64
      ],
      "score": 0.8680999875068665
    }
  ]
}