{
  "image_path": "C:\\Users\\swu\\Desktop\\sample\\part_sample_10000\\1.원천데이터\\part\\0002902_as-0011066.jpg",
  "image_size": {
    "width": 800,
    "height": 600
  },
  "parts": [
    {
      "id": 1,
      "part": "Rear lamp(L)",
      "class_id": 7,
      "bbox": [
        160.57,
        169.04,
        773.88,
        513.39
      ],
      "score": 0.8540999889373779
    },
    {
      "id": 2,
      "part": "Rear door(L)",
      "class_id": 16,
      "bbox": [
        33.32,
        93.15,
        368.79,
        384.87
      ],
      "score": 0.4805000126361847
    },
    {
      "id": 3,
      "part": "Front fender(R)",
      "class_id": 11,
      "bbox": [
        0.11,
        9.54,
        91.9,
        372.16
      ],
      "score": 0.25940001010894775
    },
    {
      "id": 4,
      "part": "Trunk lid",
      "class_id": 6,
      "bbox": [
        340.59,
        194.01,
        591.28,
        292.3
      ],
      "score": 0.17499999701976776
    }
  ]
}