{
  "image_path": "C:\\Users\\swu\\Desktop\\sample\\part_sample_10000\\1.원천데이터\\part\\0002606_as-0068293.jpg",
  "image_size": {
    "width": 800,
    "height": 600
  },
  "parts": [
    {
      "id": 1,
      "part": "Rear lamp(L)",
      "class_id": 7,
      "bbox": [
        183.2,
        62.52,
        483.56,
        496.0
      ],
      "score": 0.9610999822616577
    },
    {
      "id": 2,
      "part": "Rocker panel(L)",
      "class_id": 18,
      "bbox": [
        422.88,
        268.85,
        800.0,
        599.69
      ],
      "score": 0.15049999952316284
    }
  ]
}