{
  "image_path": "C:\\Users\\swu\\Desktop\\sample\\part_sample_17190\\1.원천데이터\\part\\0002398_sc-108092.jpg",
  "parts": [
    {
      "id": 1,
      "part": "Rear lamp(L)",
      "class_id": 7,
      "bbox": [
        80.76908111572266,
        238.98704528808594,
        516.1822509765625,
        581.1182861328125
      ],
      "score": 0.9584367871284485
    },
    {
      "id": 2,
      "part": "Front fender(R)",
      "class_id": 11,
      "bbox": [
        504.4830322265625,
        69.18998718261719,
        604.015380859375,
        390.14947509765625
      ],
      "score": 0.28775590658187866
    }
  ]
}