{
  "image_path": "C:\\Users\\swu\\Desktop\\sample\\part_sample_10000\\1.원천데이터\\part\\0002016_as-3074220.jpg",
  "image_size": {
    "width": 800,
    "height": 600
  },
  "parts": [
    {
      "id": 1,
      "part": "Rear lamp(R)",
      "class_id": 8,
      "bbox": [
        622.24,
        175.88,
        682.59,
        365.18
      ],
      "score": 0.9333000183105469
    },
    {
      "id": 2,
      "part": "Front fender(L)",
      "class_id": 10,
      "bbox": [
        513.77,
        28.3,
        641.77,
        419.22
      ],
      "score": 0.932699978351593
    }
  ]
}