{
  "image_path": "C:\\Users\\swu\\Desktop\\sample\\part_sample_10000\\1.원천데이터\\part\\0002858_as-0018960.jpg",
  "image_size": {
    "width": 800,
    "height": 600
  },
  "parts": [
    {
      "id": 1,
      "part": "Front bumper",
      "class_id": 0,
      "bbox": [
        62.35,
        40.08,
        451.27,
        554.83
      ],
      "score": 0.9537000060081482
    },
    {
      "id": 2,
      "part": "Rear lamp(R)",
      "class_id": 8,
      "bbox": [
        331.55,
        91.55,
        677.42,
        447.36
      ],
      "score": 0.5874999761581421
    },
    {
      "id": 3,
      "part": "Head lights(R)",
      "class_id": 2,
      "bbox": [
        102.39,
        0.08,
        609.07,
        132.82
      ],
      "score": 0.2152000069618225
    }
  ]
}