{
  "image_path": "C:\\Users\\swu\\Desktop\\sample\\part_sample_17190\\1.원천데이터\\part\\0002243_as-0021845.jpg",
  "parts": [
    {
      "id": 1,
      "part": "Rear lamp(L)",
      "class_id": 7,
      "bbox": [
        0.0,
        213.0498504638672,
        764.406494140625,
        525.8353271484375
      ],
      "score": 0.8284209370613098
    },
    {
      "id": 2,
      "part": "Roof",
      "class_id": 5,
      "bbox": [
        25.23223876953125,
        38.70185852050781,
        776.5277099609375,
        348.63580322265625
      ],
      "score": 0.42201805114746094
    }
  ]
}