{
  "image_path": "C:\\Users\\swu\\Desktop\\sample\\part_sample_17190\\1.원천데이터\\part\\0002859_as-2662904.jpg",
  "parts": [
    {
      "id": 1,
      "part": "Roof",
      "class_id": 5,
      "bbox": [
        105.3082275390625,
        60.81732940673828,
        787.288818359375,
        358.975830078125
      ],
      "score": 0.980274498462677
    },
    {
      "id": 2,
      "part": "Rear lamp(L)",
      "class_id": 7,
      "bbox": [
        73.66523742675781,
        212.13101196289062,
        799.4541015625,
        527.115966796875
      ],
      "score": 0.6926271915435791
    }
  ]
}