{
  "image_path": "C:\\Users\\swu\\Desktop\\sample\\part_sample_17190\\1.원천데이터\\part\\0002078_sc-171092.jpg",
  "parts": [
    {
      "id": 1,
      "part": "Rear door(R)",
      "class_id": 17,
      "bbox": [
        198.83203125,
        103.066650390625,
        896.1087646484375,
        694.0770263671875
      ],
      "score": 0.7998852729797363
    },
    {
      "id": 2,
      "part": "Front bumper",
      "class_id": 0,
      "bbox": [
        883.7265625,
        20.5443115234375,
        1198.126708984375,
        553.6058349609375
      ],
      "score": 0.7405655384063721
    }
  ]
}