{
  "image_path": "C:\\Users\\swu\\Desktop\\sample\\part_sample_10000\\1.원천데이터\\part\\0002614_sc-110351.jpg",
  "image_size": {
    "width": 800,
    "height": 600
  },
  "parts": [
    {
      "id": 1,
      "part": "Front bumper",
      "class_id": 0,
      "bbox": [
        139.08,
        264.09,
        706.27,
        472.28
      ],
      "score": 0.9330000281333923
    },
    {
      "id": 2,
      "part": "Head lights(R)",
      "class_id": 2,
      "bbox": [
        161.83,
        119.71,
        676.29,
        282.46
      ],
      "score": 0.8729000091552734
    }
  ]
}