{
  "image_path": "C:\\Users\\swu\\Desktop\\sample\\part_sample_17190\\1.원천데이터\\part\\0002946_as-0040198.jpg",
  "parts": [
    {
      "id": 1,
      "part": "Front bumper",
      "class_id": 0,
      "bbox": [
        590.6187133789062,
        258.6524963378906,
        712.1656494140625,
        468.6983642578125
      ],
      "score": 0.9286494851112366
    },
    {
      "id": 2,
      "part": "Rear lamp(R)",
      "class_id": 8,
      "bbox": [
        140.19699096679688,
        141.76712036132812,
        678.924072265625,
        535.555419921875
      ],
      "score": 0.7523906230926514
    },
    {
      "id": 3,
      "part": "Head lights(L)",
      "class_id": 1,
      "bbox": [
        601.365478515625,
        203.7646484375,
        708.4569091796875,
        276.9797058105469
      ],
      "score": 0.6863714456558228
    }
  ]
}