{
  "image_path": "C:\\Users\\swu\\Desktop\\sample\\part_sample_17190\\1.원천데이터\\part\\0002844_as-0017875.jpg",
  "parts": [
    {
      "id": 1,
      "part": "Front bumper",
      "class_id": 0,
      "bbox": [
        104.45878601074219,
        212.72457885742188,
        547.911865234375,
        568.8992919921875
      ],
      "score": 0.9540640115737915
    },
    {
      "id": 2,
      "part": "Head lights(R)",
      "class_id": 2,
      "bbox": [
        144.97642517089844,
        116.95362091064453,
        574.3331909179688,
        300.82293701171875
      ],
      "score": 0.9335470199584961
    }
  ]
}