{
  "image_path": "C:\\Users\\swu\\Desktop\\sample\\part_sample_10000\\1.원천데이터\\part\\0002981_as-0032859.jpg",
  "image_size": {
    "width": 800,
    "height": 600
  },
  "parts": [
    {
      "id": 1,
      "part": "Rear lamp(L)",
      "class_id": 7,
      "bbox": [
        125.44,
        255.31,
        773.13,
        591.03
      ],
      "score": 0.8646000027656555
    },
    {
      "id": 2,
      "part": "Roof",
      "class_id": 5,
      "bbox": [
        138.78,
        160.17,
        754.89,
        460.64
      ],
      "score": 0.7982000112533569
    },
    {
      "id": 3,
      "part": "Rocker panel(R)",
      "class_id": 19,
      "bbox": [
        165.2,
        28.88,
        736.28,
        220.13
      ],
      "score": 0.16099999845027924
    }
  ]
}