{
  "image_path": "C:\\Users\\swu\\Desktop\\sample\\part_sample_17190\\1.원천데이터\\part\\0002059_as-0042079.jpg",
  "parts": [
    {
      "id": 1,
      "part": "Rear lamp(L)",
      "class_id": 7,
      "bbox": [
        646.868896484375,
        160.38619995117188,
        753.7457275390625,
        417.0112609863281
      ],
      "score": 0.9098231792449951
    },
    {
      "id": 2,
      "part": "Rocker panel(L)",
      "class_id": 18,
      "bbox": [
        295.401611328125,
        326.9387512207031,
        626.645751953125,
        547.1303100585938
      ],
      "score": 0.6345698833465576
    }
  ]
}