{
  "image_path": "C:\\Users\\swu\\Desktop\\sample\\part_sample_10000\\1.원천데이터\\part\\0002804_as-0063735.jpg",
  "image_size": {
    "width": 800,
    "height": 600
  },
  "parts": [
    {
      "id": 1,
      "part": "Side mirror(L)",
      "class_id": 12,
      "bbox": [
        216.03,
        338.27,
        741.15,
        563.76
      ],
      "score": 0.8675000071525574
    },
    {
      "id": 2,
      "part": "Front fender(L)",
      "class_id": 10,
      "bbox": [
        263.41,
        0.15,
        689.89,
        519.09
      ],
      "score": 0.7307000160217285
    },
    {
      "id": 3,
      "part": "Rear lamp(R)",
      "class_id": 8,
      "bbox": [
        0.0,
        131.24,
        281.01,
        534.63
      ],
      "score": 0.16130000352859497
    }
  ]
}