{
  "image_path": "C:\\Users\\swu\\Desktop\\sample\\part_sample_10000\\1.원천데이터\\part\\0002245_as-0041578.jpg",
  "image_size": {
    "width": 800,
    "height": 600
  },
  "parts": [
    {
      "id": 1,
      "part": "Bonnet",
      "class_id": 3,
      "bbox": [
        266.14,
        43.7,
        615.22,
        180.44
      ],
      "score": 0.9886000156402588
    },
    {
      "id": 2,
      "part": "Front bumper",
      "class_id": 0,
      "bbox": [
        146.77,
        293.48,
        694.63,
        558.82
      ],
      "score": 0.7512999773025513
    },
    {
      "id": 3,
      "part": "Head lights(R)",
      "class_id": 2,
      "bbox": [
        184.65,
        167.12,
        661.95,
        346.37
      ],
      "score": 0.4546000063419342
    }
  ]
}