{
  "image_path": "C:\\Users\\swu\\Desktop\\sample\\part_sample_10000\\1.원천데이터\\part\\0002859_as-2662904.jpg",
  "image_size": {
    "width": 800,
    "height": 600
  },
  "parts": [
    {
      "id": 1,
      "part": "Roof",
      "class_id": 5,
      "bbox": [
        104.34,
        58.6,
        772.2,
        359.63
      ],
      "score": 0.881600022315979
    },
    {
      "id": 2,
      "part": "Rear lamp(L)",
      "class_id": 7,
      "bbox": [
        64.56,
        204.92,
        800.0,
        525.71
      ],
      "score": 0.8697999715805054
    }
  ]
}