{
  "image_path": "C:\\Users\\swu\\Desktop\\sample\\part_sample_17190\\1.원천데이터\\part\\0002687_as-0039795.jpg",
  "parts": [
    {
      "id": 1,
      "part": "Front bumper",
      "class_id": 0,
      "bbox": [
        64.64107513427734,
        155.64425659179688,
        541.3776245117188,
        538.7450561523438
      ],
      "score": 0.9584696888923645
    },
    {
      "id": 2,
      "part": "Rear lamp(R)",
      "class_id": 8,
      "bbox": [
        468.5351867675781,
        114.7637939453125,
        638.8438110351562,
        356.2242126464844
      ],
      "score": 0.46779707074165344
    }
  ]
}