{
  "image_path": "C:\\Users\\swu\\Desktop\\sample\\part_sample_17190\\1.원천데이터\\part\\0002057_as-0042079.jpg",
  "parts": [
    {
      "id": 1,
      "part": "Rear lamp(L)",
      "class_id": 7,
      "bbox": [
        377.6777648925781,
        289.757080078125,
        736.3628540039062,
        570.0072021484375
      ],
      "score": 0.967089056968689
    },
    {
      "id": 2,
      "part": "Rear door(L)",
      "class_id": 16,
      "bbox": [
        276.3185729980469,
        192.58724975585938,
        425.93450927734375,
        453.4036560058594
      ],
      "score": 0.9116358757019043
    }
  ]
}