{
  "image_path": "C:\\Users\\swu\\Desktop\\sample\\part_sample_10000\\1.원천데이터\\part\\0002990_sc-106671.jpg",
  "image_size": {
    "width": 800,
    "height": 600
  },
  "parts": [
    {
      "id": 1,
      "part": "Front fender(L)",
      "class_id": 10,
      "bbox": [
        123.94,
        1.31,
        318.05,
        385.56
      ],
      "score": 0.7980999946594238
    },
    {
      "id": 2,
      "part": "Rear lamp(R)",
      "class_id": 8,
      "bbox": [
        307.45,
        156.12,
        534.4,
        390.87
      ],
      "score": 0.7544999718666077
    },
    {
      "id": 3,
      "part": "Front fender(R)",
      "class_id": 11,
      "bbox": [
        27.91,
        1.33,
        161.28,
        335.4
      ],
      "score": 0.6233999729156494
    },
    {
      "id": 4,
      "part": "Side mirror(L)",
      "class_id": 12,
      "bbox": [
        63.62,
        300.65,
        335.44,
        398.48
      ],
      "score": 0.42320001125335693
    },
    {
      "id": 5,
      "part": "Front bumper",
      "class_id": 0,
      "bbox": [
        453.3,
        165.72,
        719.13,
        459.01
      ],
      "score": 0.3944000005722046
    },
    {
      "id": 6,
      "part": "Rear door(L)",
      "class_id": 16,
      "bbox": [
        0.01,
        106.49,
        74.7,
        304.82
      ],
      "score": 0.23240000009536743
    },
    {
      "id": 7,
      "part": "Rear door(R)",
      "class_id": 17,
      "bbox": [
        347.09,
        327.64,
        503.84,
        491.48
      ],
      "score": 0.21629999577999115
    }
  ]
}