{
  "image_path": "C:\\Users\\swu\\Desktop\\sample\\part_sample_17190\\1.원천데이터\\part\\0002322_as-0067105.jpg",
  "parts": [
    {
      "id": 1,
      "part": "Rocker panel(L)",
      "class_id": 18,
      "bbox": [
        319.6058654785156,
        123.80491638183594,
        654.1356201171875,
        595.7939453125
      ],
      "score": 0.7646926641464233
    },
    {
      "id": 2,
      "part": "Rear lamp(L)",
      "class_id": 7,
      "bbox": [
        648.1238403320312,
        0.0,
        798.3408203125,
        325.66552734375
      ],
      "score": 0.46366193890571594
    }
  ]
}