{
  "image_path": "C:\\Users\\swu\\Desktop\\sample\\part_sample_10000\\1.원천데이터\\part\\0002422_as-2914541.jpg",
  "image_size": {
    "width": 800,
    "height": 600
  },
  "parts": [
    {
      "id": 1,
      "part": "Front bumper",
      "class_id": 0,
      "bbox": [
        180.52,
        117.96,
        449.12,
        380.01
      ],
      "score": 0.8899999856948853
    },
    {
      "id": 2,
      "part": "Rear lamp(R)",
      "class_id": 8,
      "bbox": [
        333.26,
        72.71,
        709.31,
        356.95
      ],
      "score": 0.8266000151634216
    },
    {
      "id": 3,
      "part": "Front fender(L)",
      "class_id": 10,
      "bbox": [
        689.81,
        0.16,
        800.0,
        357.94
      ],
      "score": 0.2851000130176544
    }
  ]
}