{
  "image_path": "C:\\Users\\swu\\Desktop\\sample\\part_sample_17190\\1.원천데이터\\part\\0002081_sc-171092.jpg",
  "parts": [
    {
      "id": 1,
      "part": "Rear door(R)",
      "class_id": 17,
      "bbox": [
        375.872802734375,
        203.18972778320312,
        630.2562255859375,
        579.2149047851562
      ],
      "score": 0.839084267616272
    },
    {
      "id": 2,
      "part": "Front bumper",
      "class_id": 0,
      "bbox": [
        272.9127197265625,
        7.065086364746094,
        555.1189575195312,
        215.80885314941406
      ],
      "score": 0.3890193998813629
    }
  ]
}