{
  "image_path": "C:\\Users\\swu\\Desktop\\sample\\part_sample_17190\\1.원천데이터\\part\\0002457_as-0016108.jpg",
  "parts": [
    {
      "id": 1,
      "part": "Front bumper",
      "class_id": 0,
      "bbox": [
        419.5611572265625,
        39.05445098876953,
        800.0,
        573.7227172851562
      ],
      "score": 0.8393188118934631
    },
    {
      "id": 2,
      "part": "Rear door(R)",
      "class_id": 17,
      "bbox": [
        131.52301025390625,
        154.63265991210938,
        474.7930908203125,
        596.7244873046875
      ],
      "score": 0.30451491475105286
    }
  ]
}