{
  "image_path": "C:\\Users\\swu\\Desktop\\sample\\part_sample_17190\\1.원천데이터\\part\\0002422_as-2914541.jpg",
  "parts": [
    {
      "id": 1,
      "part": "Rear lamp(R)",
      "class_id": 8,
      "bbox": [
        332.2154235839844,
        71.78947448730469,
        709.06396484375,
        356.53350830078125
      ],
      "score": 0.748953104019165
    },
    {
      "id": 2,
      "part": "Front bumper",
      "class_id": 0,
      "bbox": [
        180.90560913085938,
        111.11221313476562,
        452.9031066894531,
        379.7796630859375
      ],
      "score": 0.623810887336731
    }
  ]
}