{
  "image_path": "C:\\Users\\swu\\Desktop\\sample\\part_sample_17190\\1.원천데이터\\part\\0002369_as-0040085.jpg",
  "parts": [
    {
      "id": 1,
      "part": "Rear door(L)",
      "class_id": 16,
      "bbox": [
        263.63189697265625,
        74.77096557617188,
        678.69189453125,
        449.2446594238281
      ],
      "score": 0.9561982750892639
    },
    {
      "id": 2,
      "part": "Rear lamp(L)",
      "class_id": 7,
      "bbox": [
        45.859832763671875,
        232.09735107421875,
        505.32476806640625,
        599.8683471679688
      ],
      "score": 0.8406983017921448
    },
    {
      "id": 3,
      "part": "Trunk lid",
      "class_id": 6,
      "bbox": [
        253.32244873046875,
        224.58209228515625,
        378.07275390625,
        435.5749816894531
      ],
      "score": 0.3602030277252197
    }
  ]
}