{
  "image_path": "C:\\Users\\swu\\Desktop\\sample\\part_sample_17190\\1.원천데이터\\part\\0002948_as-0040198.jpg",
  "parts": [
    {
      "id": 1,
      "part": "Head lights(L)",
      "class_id": 1,
      "bbox": [
        224.89254760742188,
        138.56201171875,
        611.77099609375,
        329.49505615234375
      ],
      "score": 0.8499987721443176
    },
    {
      "id": 2,
      "part": "Front bumper",
      "class_id": 0,
      "bbox": [
        160.46682739257812,
        160.61424255371094,
        772.2940673828125,
        536.2701416015625
      ],
      "score": 0.8149521946907043
    },
    {
      "id": 3,
      "part": "Rear lamp(R)",
      "class_id": 8,
      "bbox": [
        0.2508544921875,
        0.01567840576171875,
        636.6810913085938,
        279.63018798828125
      ],
      "score": 0.29427260160446167
    }
  ]
}