{
  "image_path": "C:\\Users\\swu\\Desktop\\sample\\part_sample_10000\\1.원천데이터\\part\\0002351_sc-175435.jpg",
  "image_size": {
    "width": 800,
    "height": 600
  },
  "parts": [
    {
      "id": 1,
      "part": "Rear door(R)",
      "class_id": 17,
      "bbox": [
        144.59,
        119.34,
        343.03,
        469.56
      ],
      "score": 0.8985999822616577
    },
    {
      "id": 2,
      "part": "Front bumper",
      "class_id": 0,
      "bbox": [
        238.61,
        0.0,
        799.77,
        485.41
      ],
      "score": 0.8184000253677368
    }
  ]
}