{
  "image_path": "C:\\Users\\swu\\Desktop\\sample\\part_sample_10000\\1.원천데이터\\part\\0002291_as-0001609.jpg",
  "image_size": {
    "width": 800,
    "height": 600
  },
  "parts": [
    {
      "id": 1,
      "part": "Trunk lid",
      "class_id": 6,
      "bbox": [
        270.47,
        93.58,
        608.2,
        217.7
      ],
      "score": 0.9375
    },
    {
      "id": 2,
      "part": "Rear lamp(L)",
      "class_id": 7,
      "bbox": [
        203.93,
        134.36,
        773.93,
        557.49
      ],
      "score": 0.9223999977111816
    },
    {
      "id": 3,
      "part": "Rear door(L)",
      "class_id": 16,
      "bbox": [
        124.98,
        3.37,
        499.59,
        355.58
      ],
      "score": 0.8618999719619751
    }
  ]
}