{
  "image_path": "C:\\Users\\swu\\Desktop\\sample\\part_sample_10000\\1.원천데이터\\part\\0002026_as-0037054.jpg",
  "image_size": {
    "width": 800,
    "height": 600
  },
  "parts": [
    {
      "id": 1,
      "part": "Rear lamp(R)",
      "class_id": 8,
      "bbox": [
        219.38,
        163.13,
        442.14,
        376.62
      ],
      "score": 0.9621000289916992
    },
    {
      "id": 2,
      "part": "Front fender(L)",
      "class_id": 10,
      "bbox": [
        93.94,
        39.06,
        234.86,
        368.63
      ],
      "score": 0.7771999835968018
    }
  ]
}