{
  "image_path": "C:\\Users\\swu\\Desktop\\sample\\part_sample_17190\\1.원천데이터\\part\\0002516_as-0084195.jpg",
  "parts": [
    {
      "id": 1,
      "part": "Roof",
      "class_id": 5,
      "bbox": [
        158.5118865966797,
        138.57327270507812,
        686.2601318359375,
        394.9412536621094
      ],
      "score": 0.8850961923599243
    },
    {
      "id": 2,
      "part": "Rear lamp(L)",
      "class_id": 7,
      "bbox": [
        108.3544921875,
        261.14093017578125,
        707.730712890625,
        534.3416137695312
      ],
      "score": 0.8519344925880432
    }
  ]
}