{
  "image_path": "C:\\Users\\swu\\Desktop\\sample\\part_sample_17190\\1.원천데이터\\part\\0002902_as-0011066.jpg",
  "parts": [
    {
      "id": 1,
      "part": "Rear lamp(L)",
      "class_id": 7,
      "bbox": [
        162.4520721435547,
        170.42156982421875,
        772.586181640625,
        512.2742919921875
      ],
      "score": 0.8847950100898743
    },
    {
      "id": 2,
      "part": "Rear door(L)",
      "class_id": 16,
      "bbox": [
        32.90565490722656,
        91.89090728759766,
        367.01263427734375,
        371.68023681640625
      ],
      "score": 0.46613389253616333
    }
  ]
}