{
  "image_path": "C:\\Users\\swu\\Desktop\\sample\\part_sample_10000\\1.원천데이터\\part\\0002468_sc-1030689.jpg",
  "image_size": {
    "width": 800,
    "height": 600
  },
  "parts": [
    {
      "id": 1,
      "part": "Front bumper",
      "class_id": 0,
      "bbox": [
        91.05,
        192.33,
        602.84,
        535.24
      ],
      "score": 0.9531000256538391
    },
    {
      "id": 2,
      "part": "Rear lamp(R)",
      "class_id": 8,
      "bbox": [
        564.28,
        146.25,
        664.3,
        354.34
      ],
      "score": 0.163100004196167
    }
  ]
}