{
  "image_path": "C:\\Users\\swu\\Desktop\\sample\\part_sample_17190\\1.원천데이터\\part\\0002404_sc-1009723.jpg",
  "parts": [
    {
      "id": 1,
      "part": "Rear door(L)",
      "class_id": 16,
      "bbox": [
        365.15264892578125,
        152.6380615234375,
        581.0339965820312,
        352.8480529785156
      ],
      "score": 0.9328910112380981
    },
    {
      "id": 2,
      "part": "Rear lamp(L)",
      "class_id": 7,
      "bbox": [
        1.088714599609375,
        209.8448944091797,
        479.37835693359375,
        512.2626342773438
      ],
      "score": 0.3863486647605896
    }
  ]
}