{
  "image_path": "C:\\Users\\swu\\Desktop\\sample\\part_sample_17190\\1.원천데이터\\part\\0002567_as-2718791.jpg",
  "parts": [
    {
      "id": 1,
      "part": "Rear lamp(R)",
      "class_id": 8,
      "bbox": [
        336.20208740234375,
        155.04774475097656,
        560.51806640625,
        417.6774597167969
      ],
      "score": 0.9530496001243591
    },
    {
      "id": 2,
      "part": "Front fender(L)",
      "class_id": 10,
      "bbox": [
        543.362060546875,
        26.91314697265625,
        717.326904296875,
        408.66326904296875
      ],
      "score": 0.9215141534805298
    },
    {
      "id": 3,
      "part": "Head lights(R)",
      "class_id": 2,
      "bbox": [
        56.25328063964844,
        84.21798706054688,
        507.97125244140625,
        281.2269592285156
      ],
      "score": 0.9060105085372925
    },
    {
      "id": 4,
      "part": "Front bumper",
      "class_id": 0,
      "bbox": [
        32.79014587402344,
        182.3397979736328,
        399.81988525390625,
        599.6337890625
      ],
      "score": 0.9046987295150757
    },
    {
      "id": 5,
      "part": "Head lights(L)",
      "class_id": 1,
      "bbox": [
        131.38046264648438,
        237.24517822265625,
        389.25701904296875,
        359.7297668457031
      ],
      "score": 0.5670754909515381
    }
  ]
}