{
  "image_path": "C:\\Users\\swu\\Desktop\\sample\\part_sample_17190\\1.원천데이터\\part\\0002700_as-0028701.jpg",
  "parts": [
    {
      "id": 1,
      "part": "Rear lamp(L)",
      "class_id": 7,
      "bbox": [
        72.93319702148438,
        201.78152465820312,
        736.701171875,
        527.1013793945312
      ],
      "score": 0.9447153806686401
    },
    {
      "id": 2,
      "part": "Roof",
      "class_id": 5,
      "bbox": [
        109.8406982421875,
        0.0,
        709.927978515625,
        329.5428466796875
      ],
      "score": 0.4755960702896118
    }
  ]
}