{
  "image_path": "C:\\Users\\swu\\Desktop\\sample\\part_sample_10000\\1.원천데이터\\part\\0002077_sc-171092.jpg",
  "image_size": {
    "width": 1280,
    "height": 720
  },
  "parts": [
    {
      "id": 1,
      "part": "Front bumper",
      "class_id": 0,
      "bbox": [
        696.1,
        331.31,
        873.52,
        556.26
      ],
      "score": 0.8733999729156494
    },
    {
      "id": 2,
      "part": "Rear door(R)",
      "class_id": 17,
      "bbox": [
        438.16,
        369.3,
        721.0,
        618.79
      ],
      "score": 0.7810999751091003
    }
  ]
}