{
  "image_path": "C:\\Users\\swu\\Desktop\\sample\\part_sample_17190\\1.원천데이터\\part\\0002324_as-0028009.jpg",
  "parts": [
    {
      "id": 1,
      "part": "Front fender(L)",
      "class_id": 10,
      "bbox": [
        144.75863647460938,
        121.73805236816406,
        288.36895751953125,
        344.7116394042969
      ],
      "score": 0.9663648009300232
    },
    {
      "id": 2,
      "part": "Front fender(R)",
      "class_id": 11,
      "bbox": [
        246.06350708007812,
        119.73804473876953,
        399.5232849121094,
        368.5156555175781
      ],
      "score": 0.9040607810020447
    },
    {
      "id": 3,
      "part": "Side mirror(L)",
      "class_id": 12,
      "bbox": [
        149.56265258789062,
        309.876708984375,
        362.3117370605469,
        401.95465087890625
      ],
      "score": 0.8208390474319458
    }
  ]
}