{
  "image_path": "C:\\Users\\swu\\Desktop\\sample\\part_sample_10000\\1.원천데이터\\part\\0002806_as-3262626.jpg",
  "image_size": {
    "width": 800,
    "height": 600
  },
  "parts": [
    {
      "id": 1,
      "part": "Front fender(R)",
      "class_id": 11,
      "bbox": [
        507.39,
        44.58,
        735.51,
        491.74
      ],
      "score": 0.9692000150680542
    },
    {
      "id": 2,
      "part": "Front fender(L)",
      "class_id": 10,
      "bbox": [
        142.11,
        34.45,
        534.2,
        597.26
      ],
      "score": 0.910099983215332
    },
    {
      "id": 3,
      "part": "Side mirror(L)",
      "class_id": 12,
      "bbox": [
        98.94,
        453.73,
        640.39,
        600.0
      ],
      "score": 0.46380001306533813
    },
    {
      "id": 4,
      "part": "Rear door(L)",
      "class_id": 16,
      "bbox": [
        633.96,
        160.49,
        799.54,
        463.15
      ],
      "score": 0.3993000090122223
    },
    {
      "id": 5,
      "part": "Rear lamp(R)",
      "class_id": 8,
      "bbox": [
        0.0,
        184.1,
        170.15,
        596.72
      ],
      "score": 0.2736000120639801
    },
    {
      "id": 6,
      "part": "Rear lamp(L)",
      "class_id": 7,
      "bbox": [
        774.46,
        241.22,
        800.0,
        386.16
      ],
      "score": 0.26409998536109924
    }
  ]
}