{
  "image_path": "C:\\Users\\swu\\Desktop\\sample\\part_sample_10000\\1.원천데이터\\part\\0002558_sc-106449.jpg",
  "image_size": {
    "width": 800,
    "height": 600
  },
  "parts": [
    {
      "id": 1,
      "part": "Front bumper",
      "class_id": 0,
      "bbox": [
        131.06,
        224.97,
        511.44,
        576.96
      ],
      "score": 0.9470999836921692
    },
    {
      "id": 2,
      "part": "Rear lamp(L)",
      "class_id": 7,
      "bbox": [
        706.24,
        231.91,
        800.0,
        515.02
      ],
      "score": 0.3248000144958496
    }
  ]
}