{
  "image_path": "C:\\Users\\swu\\Desktop\\sample\\part_sample_17190\\1.원천데이터\\part\\0002547_as-2931764.jpg",
  "parts": [
    {
      "id": 1,
      "part": "Front bumper",
      "class_id": 0,
      "bbox": [
        58.26742172241211,
        161.09437561035156,
        609.4867553710938,
        505.11474609375
      ],
      "score": 0.851033627986908
    },
    {
      "id": 2,
      "part": "Head lights(R)",
      "class_id": 2,
      "bbox": [
        109.53239440917969,
        43.49214553833008,
        638.9068603515625,
        236.9669952392578
      ],
      "score": 0.8091660141944885
    },
    {
      "id": 3,
      "part": "Rear lamp(R)",
      "class_id": 8,
      "bbox": [
        533.869873046875,
        73.34596252441406,
        673.9261474609375,
        295.97760009765625
      ],
      "score": 0.2590540647506714
    }
  ]
}