{
  "image_path": "C:\\Users\\swu\\Desktop\\sample\\part_sample_17190\\1.원천데이터\\part\\0002496_as-0017404.jpg",
  "parts": [
    {
      "id": 1,
      "part": "Front bumper",
      "class_id": 0,
      "bbox": [
        148.79339599609375,
        253.56536865234375,
        624.0753784179688,
        505.62994384765625
      ],
      "score": 0.8958967328071594
    },
    {
      "id": 2,
      "part": "Rear lamp(R)",
      "class_id": 8,
      "bbox": [
        0.0,
        140.4632568359375,
        68.28276062011719,
        323.2527160644531
      ],
      "score": 0.2902337610721588
    }
  ]
}