{
  "image_path": "C:\\Users\\swu\\Desktop\\sample\\part_sample_17190\\1.원천데이터\\part\\0002858_as-0018960.jpg",
  "parts": [
    {
      "id": 1,
      "part": "Front bumper",
      "class_id": 0,
      "bbox": [
        62.37335205078125,
        41.04026794433594,
        454.43768310546875,
        553.3358764648438
      ],
      "score": 0.9456527829170227
    },
    {
      "id": 2,
      "part": "Head lights(R)",
      "class_id": 2,
      "bbox": [
        102.96955108642578,
        0.0594329833984375,
        609.4466552734375,
        131.30723571777344
      ],
      "score": 0.27982425689697266
    }
  ]
}