{
  "image_path": "C:\\Users\\swu\\Desktop\\sample\\part_sample_17190\\1.원천데이터\\part\\0002471_as-3072997.jpg",
  "parts": [
    {
      "id": 1,
      "part": "Rear lamp(L)",
      "class_id": 7,
      "bbox": [
        171.608154296875,
        384.97900390625,
        585.98974609375,
        565.0264892578125
      ],
      "score": 0.8911406397819519
    },
    {
      "id": 2,
      "part": "Roof",
      "class_id": 5,
      "bbox": [
        220.40313720703125,
        317.52587890625,
        547.2296142578125,
        458.307861328125
      ],
      "score": 0.3646250069141388
    }
  ]
}