{
  "image_path": "C:\\Users\\swu\\Desktop\\sample\\part_sample_10000\\1.원천데이터\\part\\0003528_sc-175440.jpg",
  "image_size": {
    "width": 800,
    "height": 600
  },
  "parts": [
    {
      "id": 1,
      "part": "Rear lamp(L)",
      "class_id": 7,
      "bbox": [
        82.57,
        83.33,
        545.94,
        598.62
      ],
      "score": 0.7289000153541565
    },
    {
      "id": 2,
      "part": "Rear bumper",
      "class_id": 9,
      "bbox": [
        83.52,
        84.8,
        549.95,
        599.22
      ],
      "score": 0.2802000045776367
    }
  ]
}