{
  "image_path": "C:\\Users\\swu\\Desktop\\sample\\part_sample_10000\\1.원천데이터\\part\\0003529_sc-175440.jpg",
  "image_size": {
    "width": 800,
    "height": 600
  },
  "parts": [
    {
      "id": 1,
      "part": "Rear bumper",
      "class_id": 9,
      "bbox": [
        137.84,
        24.41,
        488.78,
        479.39
      ],
      "score": 0.9596999883651733
    },
    {
      "id": 2,
      "part": "Rear bumper",
      "class_id": 9,
      "bbox": [
        0.03,
        120.02,
        109.59,
        545.81
      ],
      "score": 0.4925999939441681
    }
  ]
}