{
  "image_path": "C:\\Users\\swu\\Desktop\\sample\\part_sample_10000\\1.원천데이터\\part\\0003637_as-0096182.jpg",
  "image_size": {
    "width": 800,
    "height": 600
  },
  "parts": [
    {
      "id": 1,
      "part": "Front bumper",
      "class_id": 0,
      "bbox": [
        48.43,
        145.53,
        649.09,
        405.99
      ],
      "score": 0.9124000072479248
    },
    {
      "id": 2,
      "part": "Rear lamp(R)",
      "class_id": 8,
      "bbox": [
        0.01,
        103.42,
        114.51,
        300.94
      ],
      "score": 0.22390000522136688
    }
  ]
}