{
  "image_path": "C:\\Users\\swu\\Desktop\\sample\\part_sample_10000\\1.원천데이터\\part\\0003601_as-0011714.jpg",
  "image_size": {
    "width": 800,
    "height": 600
  },
  "parts": [
    {
      "id": 1,
      "part": "Rear lamp(L)",
      "class_id": 7,
      "bbox": [
        37.51,
        298.47,
        546.23,
        507.27
      ],
      "score": 0.9578999876976013
    },
    {
      "id": 2,
      "part": "Rear door(L)",
      "class_id": 16,
      "bbox": [
        445.28,
        187.78,
        557.51,
        344.9
      ],
      "score": 0.8744999766349792
    },
    {
      "id": 3,
      "part": "Roof",
      "class_id": 5,
      "bbox": [
        63.1,
        187.7,
        484.03,
        377.76
      ],
      "score": 0.24480000138282776
    }
  ]
}