{
  "image_path": "C:\\Users\\swu\\Desktop\\sample\\part_sample_10000\\1.원천데이터\\part\\0003338_as-0006816.jpg",
  "image_size": {
    "width": 800,
    "height": 600
  },
  "parts": [
    {
      "id": 1,
      "part": "Rear lamp(L)",
      "class_id": 7,
      "bbox": [
        354.65,
        108.37,
        790.36,
        599.61
      ],
      "score": 0.9562000036239624
    },
    {
      "id": 2,
      "part": "Rocker panel(L)",
      "class_id": 18,
      "bbox": [
        22.77,
        340.88,
        447.89,
        600.0
      ],
      "score": 0.15070000290870667
    }
  ]
}