{
  "image_path": "C:\\Users\\swu\\Desktop\\sample\\part_sample_10000\\1.원천데이터\\part\\0003089_as-0033216.jpg",
  "image_size": {
    "width": 800,
    "height": 600
  },
  "parts": [
    {
      "id": 1,
      "part": "Rear lamp(L)",
      "class_id": 7,
      "bbox": [
        161.77,
        293.72,
        690.1,
        554.06
      ],
      "score": 0.9394999742507935
    },
    {
      "id": 2,
      "part": "Rear door(L)",
      "class_id": 16,
      "bbox": [
        114.37,
        171.12,
        346.57,
        373.41
      ],
      "score": 0.8705000281333923
    },
    {
      "id": 3,
      "part": "Trunk lid",
      "class_id": 6,
      "bbox": [
        348.3,
        239.26,
        473.32,
        296.84
      ],
      "score": 0.2597000002861023
    },
    {
      "id": 4,
      "part": "Trunk lid",
      "class_id": 6,
      "bbox": [
        203.21,
        211.47,
        475.09,
        312.67
      ],
      "score": 0.17980000376701355
    }
  ]
}