{
  "image_path": "C:\\Users\\swu\\Desktop\\sample\\part_sample_10000\\1.원천데이터\\part\\0003508_as-0094652.jpg",
  "image_size": {
    "width": 800,
    "height": 1067
  },
  "parts": [
    {
      "id": 1,
      "part": "Rear lamp(L)",
      "class_id": 7,
      "bbox": [
        1.75,
        523.1,
        800.0,
        872.55
      ],
      "score": 0.8766999840736389
    },
    {
      "id": 2,
      "part": "Roof",
      "class_id": 5,
      "bbox": [
        100.53,
        329.8,
        789.22,
        655.91
      ],
      "score": 0.7247999906539917
    },
    {
      "id": 3,
      "part": "Trunk lid",
      "class_id": 6,
      "bbox": [
        5.63,
        449.5,
        360.73,
        584.64
      ],
      "score": 0.21619999408721924
    }
  ]
}