{
  "image_path": "C:\\Users\\swu\\Desktop\\sample\\part_sample_10000\\1.원천데이터\\part\\0003243_sc-190122.jpg",
  "image_size": {
    "width": 800,
    "height": 600
  },
  "parts": [
    {
      "id": 1,
      "part": "Front bumper",
      "class_id": 0,
      "bbox": [
        11.61,
        210.0,
        420.28,
        572.09
      ],
      "score": 0.9646000266075134
    },
    {
      "id": 2,
      "part": "Head lights(R)",
      "class_id": 2,
      "bbox": [
        43.54,
        146.81,
        459.79,
        273.97
      ],
      "score": 0.9628999829292297
    }
  ]
}