{
  "image_path": "C:\\Users\\swu\\Desktop\\sample\\part_sample_10000\\1.원천데이터\\part\\0003506_sc-1019974.jpg",
  "image_size": {
    "width": 800,
    "height": 600
  },
  "parts": [
    {
      "id": 1,
      "part": "Front bumper",
      "class_id": 0,
      "bbox": [
        361.28,
        45.67,
        674.99,
        548.79
      ],
      "score": 0.9243000149726868
    },
    {
      "id": 2,
      "part": "Rear lamp(R)",
      "class_id": 8,
      "bbox": [
        0.0,
        38.81,
        490.72,
        473.67
      ],
      "score": 0.35370001196861267
    }
  ]
}