{
  "image_path": "C:\\Users\\swu\\Desktop\\sample\\part_sample_10000\\1.원천데이터\\part\\0003080_sc-185763.jpg",
  "image_size": {
    "width": 800,
    "height": 600
  },
  "parts": [
    {
      "id": 1,
      "part": "Rear lamp(L)",
      "class_id": 7,
      "bbox": [
        15.42,
        210.37,
        598.04,
        541.62
      ],
      "score": 0.8931000232696533
    },
    {
      "id": 2,
      "part": "Rear door(L)",
      "class_id": 16,
      "bbox": [
        383.75,
        138.62,
        643.95,
        379.02
      ],
      "score": 0.4733999967575073
    }
  ]
}