{
  "image_path": "C:\\Users\\swu\\Desktop\\sample\\part_sample_10000\\1.원천데이터\\part\\0003459_sc-1024065.jpg",
  "image_size": {
    "width": 800,
    "height": 600
  },
  "parts": [
    {
      "id": 1,
      "part": "Rear lamp(R)",
      "class_id": 8,
      "bbox": [
        161.6,
        111.92,
        599.18,
        496.23
      ],
      "score": 0.8600999712944031
    },
    {
      "id": 2,
      "part": "Front bumper",
      "class_id": 0,
      "bbox": [
        624.97,
        115.23,
        799.97,
        373.92
      ],
      "score": 0.7279999852180481
    }
  ]
}