{
  "image_path": "C:\\Users\\swu\\Desktop\\sample\\part_sample_10000\\1.원천데이터\\part\\0003512_as-3314857.jpg",
  "image_size": {
    "width": 1024,
    "height": 768
  },
  "parts": [
    {
      "id": 1,
      "part": "Front bumper",
      "class_id": 0,
      "bbox": [
        554.74,
        0.47,
        1023.54,
        592.98
      ],
      "score": 0.944599986076355
    },
    {
      "id": 2,
      "part": "Rear lamp(R)",
      "class_id": 8,
      "bbox": [
        121.82,
        125.01,
        690.98,
        552.15
      ],
      "score": 0.33719998598098755
    }
  ]
}