{
  "image_path": "C:\\Users\\swu\\Desktop\\sample\\part_sample_10000\\1.원천데이터\\part\\0003909_sc-1028709.jpg",
  "image_size": {
    "width": 800,
    "height": 600
  },
  "parts": [
    {
      "id": 1,
      "part": "Front bumper",
      "class_id": 0,
      "bbox": [
        261.63,
        226.36,
        787.01,
        538.47
      ],
      "score": 0.9473999738693237
    },
    {
      "id": 2,
      "part": "Rear lamp(R)",
      "class_id": 8,
      "bbox": [
        176.14,
        149.69,
        327.96,
        375.1
      ],
      "score": 0.7184000015258789
    }
  ]
}