{
  "image_path": "C:\\Users\\swu\\Desktop\\sample\\part_sample_10000\\1.원천데이터\\part\\0003802_as-2728991.jpg",
  "image_size": {
    "width": 800,
    "height": 600
  },
  "parts": [
    {
      "id": 1,
      "part": "Rear door(L)",
      "class_id": 16,
      "bbox": [
        159.1,
        146.95,
        401.29,
        442.04
      ],
      "score": 0.82669997215271
    },
    {
      "id": 2,
      "part": "Front fender(L)",
      "class_id": 10,
      "bbox": [
        96.11,
        21.42,
        200.71,
        362.48
      ],
      "score": 0.6944000124931335
    },
    {
      "id": 3,
      "part": "Rear lamp(L)",
      "class_id": 7,
      "bbox": [
        286.6,
        143.0,
        794.02,
        600.0
      ],
      "score": 0.38420000672340393
    }
  ]
}