{
  "image_path": "C:\\Users\\swu\\Desktop\\sample\\part_sample_10000\\1.원천데이터\\part\\0003552_as-3075137.jpg",
  "image_size": {
    "width": 800,
    "height": 600
  },
  "parts": [
    {
      "id": 1,
      "part": "Rear door(L)",
      "class_id": 16,
      "bbox": [
        223.65,
        82.08,
        578.74,
        370.61
      ],
      "score": 0.920199990272522
    },
    {
      "id": 2,
      "part": "Rear lamp(L)",
      "class_id": 7,
      "bbox": [
        0.0,
        205.04,
        450.63,
        556.29
      ],
      "score": 0.7558000087738037
    }
  ]
}