{
  "image_path": "C:\\Users\\swu\\Desktop\\sample\\part_sample_10000\\1.원천데이터\\part\\0003493_sc-1007508.jpg",
  "image_size": {
    "width": 800,
    "height": 600
  },
  "parts": [
    {
      "id": 1,
      "part": "Rear lamp(L)",
      "class_id": 7,
      "bbox": [
        1.23,
        210.91,
        781.92,
        598.39
      ],
      "score": 0.8791999816894531
    },
    {
      "id": 2,
      "part": "Roof",
      "class_id": 5,
      "bbox": [
        29.75,
        0.16,
        772.57,
        394.41
      ],
      "score": 0.22529999911785126
    }
  ]
}