{
  "image_path": "C:\\Users\\swu\\Desktop\\sample\\part_sample_10000\\1.원천데이터\\part\\0003142_as-2553064.jpg",
  "image_size": {
    "width": 800,
    "height": 600
  },
  "parts": [
    {
      "id": 1,
      "part": "Front fender(R)",
      "class_id": 11,
      "bbox": [
        270.51,
        15.5,
        616.31,
        447.8
      ],
      "score": 0.9803000092506409
    },
    {
      "id": 2,
      "part": "Front fender(L)",
      "class_id": 10,
      "bbox": [
        537.38,
        17.58,
        770.7,
        376.21
      ],
      "score": 0.9143000245094299
    },
    {
      "id": 3,
      "part": "Rocker panel(L)",
      "class_id": 18,
      "bbox": [
        82.88,
        372.23,
        388.22,
        600.0
      ],
      "score": 0.1923999935388565
    },
    {
      "id": 4,
      "part": "Rear lamp(L)",
      "class_id": 7,
      "bbox": [
        0.0,
        301.4,
        132.23,
        600.0
      ],
      "score": 0.163100004196167
    }
  ]
}