{
  "image_path": "C:\\Users\\swu\\Desktop\\sample\\part_sample_10000\\1.원천데이터\\part\\0003125_sc-140005.jpg",
  "image_size": {
    "width": 800,
    "height": 600
  },
  "parts": [
    {
      "id": 1,
      "part": "Head lights(R)",
      "class_id": 2,
      "bbox": [
        130.87,
        57.89,
        671.6,
        249.81
      ],
      "score": 0.9538999795913696
    },
    {
      "id": 2,
      "part": "Front bumper",
      "class_id": 0,
      "bbox": [
        128.94,
        182.3,
        687.76,
        470.0
      ],
      "score": 0.8909000158309937
    },
    {
      "id": 3,
      "part": "Rear lamp(R)",
      "class_id": 8,
      "bbox": [
        99.31,
        52.13,
        159.77,
        258.74
      ],
      "score": 0.19709999859333038
    }
  ]
}