{
  "image_path": "C:\\Users\\swu\\Desktop\\sample\\part_sample_10000\\1.원천데이터\\part\\0003522_sc-154570.jpg",
  "image_size": {
    "width": 800,
    "height": 600
  },
  "parts": [
    {
      "id": 1,
      "part": "Front bumper",
      "class_id": 0,
      "bbox": [
        10.0,
        27.23,
        552.84,
        482.11
      ],
      "score": 0.9399999976158142
    },
    {
      "id": 2,
      "part": "Rear lamp(R)",
      "class_id": 8,
      "bbox": [
        409.18,
        0.0,
        774.77,
        310.99
      ],
      "score": 0.21240000426769257
    }
  ]
}