{
  "image_path": "C:\\Users\\swu\\Desktop\\sample\\part_sample_10000\\1.원천데이터\\part\\0003454_as-0082572.jpg",
  "image_size": {
    "width": 800,
    "height": 600
  },
  "parts": [
    {
      "id": 1,
      "part": "Rear lamp(L)",
      "class_id": 7,
      "bbox": [
        373.53,
        37.75,
        791.39,
        491.51
      ],
      "score": 0.9668999910354614
    },
    {
      "id": 2,
      "part": "Rocker panel(L)",
      "class_id": 18,
      "bbox": [
        131.61,
        188.13,
        429.83,
        582.13
      ],
      "score": 0.2985999882221222
    }
  ]
}