{
  "image_path": "C:\\Users\\swu\\Desktop\\sample\\part_sample_10000\\1.원천데이터\\part\\0003294_as-0085870.jpg",
  "image_size": {
    "width": 800,
    "height": 600
  },
  "parts": [
    {
      "id": 1,
      "part": "Rear lamp(L)",
      "class_id": 7,
      "bbox": [
        219.88,
        306.32,
        712.78,
        512.02
      ],
      "score": 0.9247000217437744
    },
    {
      "id": 2,
      "part": "Roof",
      "class_id": 5,
      "bbox": [
        297.39,
        216.22,
        677.46,
        391.56
      ],
      "score": 0.29019999504089355
    }
  ]
}