{
  "image_path": "C:\\Users\\swu\\Desktop\\sample\\part_sample_10000\\1.원천데이터\\part\\0003750_sc-181437.jpg",
  "image_size": {
    "width": 800,
    "height": 1067
  },
  "parts": [
    {
      "id": 1,
      "part": "Front bumper",
      "class_id": 0,
      "bbox": [
        292.58,
        149.46,
        780.95,
        665.04
      ],
      "score": 0.9362000226974487
    },
    {
      "id": 2,
      "part": "Rear lamp(R)",
      "class_id": 8,
      "bbox": [
        0.0,
        68.79,
        601.04,
        620.84
      ],
      "score": 0.48730000853538513
    }
  ]
}