{
  "image_path": "C:\\Users\\swu\\Desktop\\sample\\part_sample_10000\\1.원천데이터\\part\\0003838_as-0038757.jpg",
  "image_size": {
    "width": 800,
    "height": 600
  },
  "parts": [
    {
      "id": 1,
      "part": "Rear lamp(L)",
      "class_id": 7,
      "bbox": [
        94.15,
        241.05,
        467.55,
        470.61
      ],
      "score": 0.9284999966621399
    },
    {
      "id": 2,
      "part": "Rear door(L)",
      "class_id": 16,
      "bbox": [
        359.69,
        183.91,
        576.81,
        346.03
      ],
      "score": 0.8476999998092651
    },
    {
      "id": 3,
      "part": "Trunk lid",
      "class_id": 6,
      "bbox": [
        248.65,
        230.87,
        466.19,
        284.76
      ],
      "score": 0.42419999837875366
    },
    {
      "id": 4,
      "part": "Roof",
      "class_id": 5,
      "bbox": [
        112.25,
        161.05,
        420.59,
        334.95
      ],
      "score": 0.20059999823570251
    }
  ]
}