{
  "image_path": "C:\\Users\\swu\\Desktop\\sample\\part_sample_10000\\1.원천데이터\\part\\0003120_as-0040420.jpg",
  "image_size": {
    "width": 800,
    "height": 600
  },
  "parts": [
    {
      "id": 1,
      "part": "Roof",
      "class_id": 5,
      "bbox": [
        59.96,
        106.3,
        442.12,
        343.59
      ],
      "score": 0.973800003528595
    },
    {
      "id": 2,
      "part": "Rear lamp(L)",
      "class_id": 7,
      "bbox": [
        40.39,
        206.1,
        685.14,
        547.53
      ],
      "score": 0.9309999942779541
    }
  ]
}