{
  "image_path": "C:\\Users\\swu\\Desktop\\sample\\part_sample_10000\\1.원천데이터\\part\\0003683_as-0010289.jpg",
  "image_size": {
    "width": 800,
    "height": 601
  },
  "parts": [
    {
      "id": 1,
      "part": "Roof",
      "class_id": 5,
      "bbox": [
        145.69,
        160.76,
        655.18,
        382.53
      ],
      "score": 0.9153000116348267
    },
    {
      "id": 2,
      "part": "Rear lamp(L)",
      "class_id": 7,
      "bbox": [
        111.43,
        285.51,
        684.6,
        510.06
      ],
      "score": 0.8935999870300293
    }
  ]
}