{
  "image_path": "C:\\Users\\swu\\Desktop\\sample\\part_sample_10000\\1.원천데이터\\part\\0003670_as-3463059.jpg",
  "image_size": {
    "width": 800,
    "height": 600
  },
  "parts": [
    {
      "id": 1,
      "part": "Rear lamp(L)",
      "class_id": 7,
      "bbox": [
        135.01,
        252.4,
        609.48,
        552.54
      ],
      "score": 0.9365000128746033
    },
    {
      "id": 2,
      "part": "Rear door(L)",
      "class_id": 16,
      "bbox": [
        466.96,
        165.76,
        633.11,
        361.28
      ],
      "score": 0.758400022983551
    },
    {
      "id": 3,
      "part": "Roof",
      "class_id": 5,
      "bbox": [
        151.17,
        138.13,
        500.85,
        379.76
      ],
      "score": 0.6401000022888184
    },
    {
      "id": 4,
      "part": "Front fender(R)",
      "class_id": 11,
      "bbox": [
        578.73,
        66.47,
        658.91,
        340.07
      ],
      "score": 0.1598999947309494
    }
  ]
}