{
  "image_path": "C:\\Users\\swu\\Desktop\\sample\\part_sample_10000\\1.원천데이터\\part\\0003043_as-0046524.jpg",
  "image_size": {
    "width": 800,
    "height": 600
  },
  "parts": [
    {
      "id": 1,
      "part": "Rear lamp(R)",
      "class_id": 8,
      "bbox": [
        47.07,
        99.82,
        337.17,
        368.08
      ],
      "score": 0.96670001745224
    },
    {
      "id": 2,
      "part": "Front fender(L)",
      "class_id": 10,
      "bbox": [
        0.04,
        0.31,
        67.41,
        354.06
      ],
      "score": 0.19599999487400055
    }
  ]
}