{
  "image_path": "C:\\Users\\swu\\Desktop\\sample\\part_sample_10000\\1.원천데이터\\part\\0003131_sc-140005.jpg",
  "image_size": {
    "width": 800,
    "height": 600
  },
  "parts": [
    {
      "id": 1,
      "part": "Front bumper",
      "class_id": 0,
      "bbox": [
        458.81,
        214.79,
        800.0,
        504.14
      ],
      "score": 0.4077000021934509
    },
    {
      "id": 2,
      "part": "Head lights(R)",
      "class_id": 2,
      "bbox": [
        323.2,
        101.31,
        799.35,
        254.6
      ],
      "score": 0.18369999527931213
    }
  ]
}