{
  "image_path": "C:\\Users\\swu\\Desktop\\sample\\part_sample_10000\\1.원천데이터\\part\\0003101_sc-115839.jpg",
  "image_size": {
    "width": 800,
    "height": 600
  },
  "parts": [
    {
      "id": 1,
      "part": "Front fender(R)",
      "class_id": 11,
      "bbox": [
        320.01,
        49.72,
        799.85,
        488.91
      ],
      "score": 0.9846000075340271
    },
    {
      "id": 2,
      "part": "Rear lamp(L)",
      "class_id": 7,
      "bbox": [
        12.11,
        268.13,
        230.63,
        527.07
      ],
      "score": 0.6990000009536743
    },
    {
      "id": 3,
      "part": "Rear door(L)",
      "class_id": 16,
      "bbox": [
        26.08,
        151.62,
        533.36,
        494.43
      ],
      "score": 0.5426999926567078
    }
  ]
}