{
  "image_path": "C:\\Users\\swu\\Desktop\\sample\\part_sample_10000\\1.원천데이터\\part\\0003837_as-0038757.jpg",
  "image_size": {
    "width": 800,
    "height": 600
  },
  "parts": [
    {
      "id": 1,
      "part": "Rear lamp(L)",
      "class_id": 7,
      "bbox": [
        196.56,
        291.54,
        695.22,
        500.38
      ],
      "score": 0.9524999856948853
    },
    {
      "id": 2,
      "part": "Trunk lid",
      "class_id": 6,
      "bbox": [
        558.68,
        247.56,
        688.83,
        305.86
      ],
      "score": 0.817300021648407
    },
    {
      "id": 3,
      "part": "Roof",
      "class_id": 5,
      "bbox": [
        220.21,
        199.15,
        669.06,
        380.97
      ],
      "score": 0.34940001368522644
    }
  ]
}