{
  "image_path": "C:\\Users\\swu\\Desktop\\sample\\part_sample_10000\\1.원천데이터\\part\\0003682_as-0010289.jpg",
  "image_size": {
    "width": 800,
    "height": 601
  },
  "parts": [
    {
      "id": 1,
      "part": "Rear lamp(L)",
      "class_id": 7,
      "bbox": [
        139.23,
        296.26,
        691.69,
        506.07
      ],
      "score": 0.9053000211715698
    },
    {
      "id": 2,
      "part": "Roof",
      "class_id": 5,
      "bbox": [
        178.85,
        181.95,
        667.92,
        391.65
      ],
      "score": 0.8895999789237976
    }
  ]
}