{
  "image_path": "C:\\Users\\swu\\Desktop\\sample\\part_sample_10000\\1.원천데이터\\part\\0003188_sc-130790.jpg",
  "image_size": {
    "width": 800,
    "height": 600
  },
  "parts": [
    {
      "id": 1,
      "part": "Front fender(R)",
      "class_id": 11,
      "bbox": [
        526.27,
        98.45,
        721.03,
        413.12
      ],
      "score": 0.954800009727478
    },
    {
      "id": 2,
      "part": "Rear door(L)",
      "class_id": 16,
      "bbox": [
        285.22,
        168.41,
        621.93,
        423.54
      ],
      "score": 0.9117000102996826
    },
    {
      "id": 3,
      "part": "Side mirror(L)",
      "class_id": 12,
      "bbox": [
        590.69,
        317.25,
        775.67,
        450.06
      ],
      "score": 0.2011999934911728
    }
  ]
}