{
  "image_path": "C:\\Users\\swu\\Desktop\\sample\\part_sample_10000\\1.원천데이터\\part\\0003050_as-0046524.jpg",
  "image_size": {
    "width": 800,
    "height": 600
  },
  "parts": [
    {
      "id": 1,
      "part": "Rear lamp(R)",
      "class_id": 8,
      "bbox": [
        495.96,
        181.35,
        713.43,
        402.55
      ],
      "score": 0.9725000262260437
    },
    {
      "id": 2,
      "part": "Front fender(L)",
      "class_id": 10,
      "bbox": [
        703.7,
        30.8,
        800.0,
        402.15
      ],
      "score": 0.6017000079154968
    }
  ]
}