{
  "image_path": "C:\\Users\\swu\\Desktop\\sample\\part_sample_10000\\1.원천데이터\\part\\0003967_as-0079147.jpg",
  "image_size": {
    "width": 800,
    "height": 600
  },
  "parts": [
    {
      "id": 1,
      "part": "Rear door(R)",
      "class_id": 17,
      "bbox": [
        151.18,
        31.53,
        641.31,
        507.05
      ],
      "score": 0.612500011920929
    },
    {
      "id": 2,
      "part": "Front bumper",
      "class_id": 0,
      "bbox": [
        0.0,
        0.47,
        202.78,
        344.32
      ],
      "score": 0.25270000100135803
    },
    {
      "id": 3,
      "part": "Rear lamp(L)",
      "class_id": 7,
      "bbox": [
        0.0,
        0.03,
        202.53,
        343.41
      ],
      "score": 0.17870000004768372
    }
  ]
}