{
  "image_path": "C:\\Users\\swu\\Desktop\\sample\\part_sample_10000\\1.원천데이터\\part\\0003038_as-0080839.jpg",
  "image_size": {
    "width": 800,
    "height": 600
  },
  "parts": [
    {
      "id": 1,
      "part": "Front fender(L)",
      "class_id": 10,
      "bbox": [
        43.92,
        69.15,
        178.45,
        362.09
      ],
      "score": 0.8398000001907349
    },
    {
      "id": 2,
      "part": "Rear lamp(L)",
      "class_id": 7,
      "bbox": [
        287.41,
        311.39,
        781.88,
        584.99
      ],
      "score": 0.826200008392334
    },
    {
      "id": 3,
      "part": "Front fender(R)",
      "class_id": 11,
      "bbox": [
        122.76,
        64.48,
        293.93,
        400.44
      ],
      "score": 0.7886000275611877
    },
    {
      "id": 4,
      "part": "Side mirror(L)",
      "class_id": 12,
      "bbox": [
        56.73,
        305.35,
        218.06,
        432.2
      ],
      "score": 0.7865999937057495
    },
    {
      "id": 5,
      "part": "Rear door(L)",
      "class_id": 16,
      "bbox": [
        194.07,
        156.09,
        531.03,
        408.2
      ],
      "score": 0.7653999924659729
    }
  ]
}