{
  "image_path": "C:\\Users\\swu\\Desktop\\sample\\part_sample_10000\\1.원천데이터\\part\\0003378_sc-159796.jpg",
  "image_size": {
    "width": 800,
    "height": 600
  },
  "parts": [
    {
      "id": 1,
      "part": "Front bumper",
      "class_id": 0,
      "bbox": [
        277.85,
        270.5,
        684.02,
        550.81
      ],
      "score": 0.942300021648407
    },
    {
      "id": 2,
      "part": "Rear door(R)",
      "class_id": 17,
      "bbox": [
        248.67,
        338.65,
        343.99,
        543.72
      ],
      "score": 0.8623999953269958
    },
    {
      "id": 3,
      "part": "Front bumper",
      "class_id": 0,
      "bbox": [
        0.0,
        330.23,
        151.38,
        599.89
      ],
      "score": 0.777400016784668
    },
    {
      "id": 4,
      "part": "Head lights(L)",
      "class_id": 1,
      "bbox": [
        5.07,
        245.26,
        116.93,
        475.68
      ],
      "score": 0.4620000123977661
    }
  ]
}