{
  "image_path": "C:\\Users\\swu\\Desktop\\sample\\part_sample_10000\\1.원천데이터\\part\\0003747_as-0006893.jpg",
  "image_size": {
    "width": 1024,
    "height": 768
  },
  "parts": [
    {
      "id": 1,
      "part": "Rear lamp(L)",
      "class_id": 7,
      "bbox": [
        247.85,
        105.96,
        935.98,
        501.99
      ],
      "score": 0.9122999906539917
    },
    {
      "id": 2,
      "part": "Rear door(L)",
      "class_id": 16,
      "bbox": [
        170.42,
        0.0,
        318.02,
        346.52
      ],
      "score": 0.7272999882698059
    },
    {
      "id": 3,
      "part": "Front fender(R)",
      "class_id": 11,
      "bbox": [
        78.12,
        0.0,
        225.69,
        286.45
      ],
      "score": 0.1657000035047531
    }
  ]
}