{
  "image_path": "C:\\Users\\swu\\Desktop\\sample\\part_sample_10000\\1.원천데이터\\part\\0003283_as-0060038.jpg",
  "image_size": {
    "width": 800,
    "height": 600
  },
  "parts": [
    {
      "id": 1,
      "part": "Front bumper",
      "class_id": 0,
      "bbox": [
        26.43,
        439.02,
        796.76,
        599.8
      ],
      "score": 0.6751999855041504
    },
    {
      "id": 2,
      "part": "Head lights(R)",
      "class_id": 2,
      "bbox": [
        60.38,
        176.64,
        785.98,
        506.18
      ],
      "score": 0.17579999566078186
    }
  ]
}