{
  "image_path": "C:\\Users\\swu\\Desktop\\sample\\part_sample_10000\\1.원천데이터\\part\\0003781_sc-145166.jpg",
  "image_size": {
    "width": 1280,
    "height": 960
  },
  "parts": [
    {
      "id": 1,
      "part": "Front fender(R)",
      "class_id": 11,
      "bbox": [
        731.95,
        24.03,
        1089.26,
        540.77
      ],
      "score": 0.9677000045776367
    },
    {
      "id": 2,
      "part": "Rear door(L)",
      "class_id": 16,
      "bbox": [
        332.36,
        213.98,
        943.99,
        562.28
      ],
      "score": 0.9390000104904175
    },
    {
      "id": 3,
      "part": "Rear lamp(L)",
      "class_id": 7,
      "bbox": [
        0.0,
        395.47,
        744.72,
        846.39
      ],
      "score": 0.8499000072479248
    },
    {
      "id": 4,
      "part": "Rear lamp(L)",
      "class_id": 7,
      "bbox": [
        1149.05,
        298.53,
        1280.0,
        776.77
      ],
      "score": 0.1599999964237213
    }
  ]
}