{
  "image_path": "C:\\Users\\swu\\Desktop\\sample\\part_sample_10000\\1.원천데이터\\part\\0003917_as-0049404.jpg",
  "image_size": {
    "width": 800,
    "height": 600
  },
  "parts": [
    {
      "id": 1,
      "part": "Roof",
      "class_id": 5,
      "bbox": [
        172.91,
        96.25,
        656.29,
        342.77
      ],
      "score": 0.8145999908447266
    },
    {
      "id": 2,
      "part": "Rear lamp(L)",
      "class_id": 7,
      "bbox": [
        87.45,
        230.48,
        679.81,
        464.71
      ],
      "score": 0.7914000153541565
    }
  ]
}