{
  "image_path": "C:\\Users\\swu\\Desktop\\sample\\part_sample_10000\\1.원천데이터\\part\\0003706_as-0061958.jpg",
  "image_size": {
    "width": 1024,
    "height": 768
  },
  "parts": [
    {
      "id": 1,
      "part": "Front bumper",
      "class_id": 0,
      "bbox": [
        33.51,
        55.9,
        871.96,
        558.09
      ],
      "score": 0.935699999332428
    },
    {
      "id": 2,
      "part": "Rear lamp(R)",
      "class_id": 8,
      "bbox": [
        0.0,
        0.04,
        116.62,
        241.04
      ],
      "score": 0.6934000253677368
    }
  ]
}