{
  "image_path": "C:\\Users\\swu\\Desktop\\sample\\part_sample_10000\\1.원천데이터\\part\\0003236_as-0035317.jpg",
  "image_size": {
    "width": 800,
    "height": 600
  },
  "parts": [
    {
      "id": 1,
      "part": "Trunk lid",
      "class_id": 6,
      "bbox": [
        146.65,
        127.88,
        450.75,
        277.94
      ],
      "score": 0.8671000003814697
    },
    {
      "id": 2,
      "part": "Rear lamp(L)",
      "class_id": 7,
      "bbox": [
        74.05,
        190.99,
        654.75,
        529.27
      ],
      "score": 0.8633999824523926
    },
    {
      "id": 3,
      "part": "Roof",
      "class_id": 5,
      "bbox": [
        231.01,
        0.06,
        670.07,
        336.21
      ],
      "score": 0.35179999470710754
    }
  ]
}