{
  "image_path": "C:\\Users\\swu\\Desktop\\sample\\part_sample_10000\\1.원천데이터\\part\\0003133_as-0007216.jpg",
  "image_size": {
    "width": 800,
    "height": 600
  },
  "parts": [
    {
      "id": 1,
      "part": "Rear lamp(R)",
      "class_id": 8,
      "bbox": [
        428.36,
        147.11,
        604.67,
        339.91
      ],
      "score": 0.9100000262260437
    },
    {
      "id": 2,
      "part": "Front bumper",
      "class_id": 0,
      "bbox": [
        67.28,
        289.91,
        537.35,
        521.0
      ],
      "score": 0.9042999744415283
    }
  ]
}