{
  "image_path": "C:\\Users\\swu\\Desktop\\sample\\part_sample_10000\\1.원천데이터\\part\\0003738_as-0080153.jpg",
  "image_size": {
    "width": 800,
    "height": 600
  },
  "parts": [
    {
      "id": 1,
      "part": "Head lights(R)",
      "class_id": 2,
      "bbox": [
        214.72,
        168.14,
        690.38,
        389.12
      ],
      "score": 0.9488999843597412
    },
    {
      "id": 2,
      "part": "Front bumper",
      "class_id": 0,
      "bbox": [
        319.35,
        278.79,
        710.88,
        541.44
      ],
      "score": 0.9114999771118164
    }
  ]
}