{
  "image_path": "C:\\Users\\swu\\Desktop\\sample\\part_sample_10000\\1.원천데이터\\part\\0003364_as-0020445.jpg",
  "image_size": {
    "width": 800,
    "height": 600
  },
  "parts": [
    {
      "id": 1,
      "part": "Roof",
      "class_id": 5,
      "bbox": [
        496.95,
        60.06,
        751.51,
        438.69
      ],
      "score": 0.9621999859809875
    },
    {
      "id": 2,
      "part": "Rear lamp(L)",
      "class_id": 7,
      "bbox": [
        186.59,
        222.87,
        728.13,
        593.85
      ],
      "score": 0.8187000155448914
    },
    {
      "id": 3,
      "part": "Rear door(L)",
      "class_id": 16,
      "bbox": [
        0.09,
        27.29,
        523.87,
        455.67
      ],
      "score": 0.550000011920929
    },
    {
      "id": 4,
      "part": "Trunk lid",
      "class_id": 6,
      "bbox": [
        735.09,
        139.27,
        758.39,
        184.09
      ],
      "score": 0.28439998626708984
    }
  ]
}