{
  "image_path": "C:\\Users\\swu\\Desktop\\sample\\part_sample_10000\\1.원천데이터\\part\\0003119_as-0040420.jpg",
  "image_size": {
    "width": 800,
    "height": 600
  },
  "parts": [
    {
      "id": 1,
      "part": "Rear lamp(L)",
      "class_id": 7,
      "bbox": [
        71.44,
        322.15,
        767.54,
        547.15
      ],
      "score": 0.9545999765396118
    },
    {
      "id": 2,
      "part": "Roof",
      "class_id": 5,
      "bbox": [
        98.37,
        212.24,
        566.9,
        408.9
      ],
      "score": 0.9038000106811523
    }
  ]
}