{
  "image_path": "C:\\Users\\swu\\Desktop\\sample\\part_sample_10000\\1.원천데이터\\part\\0003924_sc-154516.jpg",
  "image_size": {
    "width": 800,
    "height": 600
  },
  "parts": [
    {
      "id": 1,
      "part": "Rear lamp(R)",
      "class_id": 8,
      "bbox": [
        184.45,
        99.79,
        464.8,
        331.83
      ],
      "score": 0.8323000073432922
    },
    {
      "id": 2,
      "part": "Front fender(L)",
      "class_id": 10,
      "bbox": [
        0.64,
        0.09,
        202.69,
        323.45
      ],
      "score": 0.3154999911785126
    }
  ]
}