{
  "image_path": "C:\\Users\\swu\\Desktop\\sample\\part_sample_10000\\1.원천데이터\\part\\0003024_as-0009061.jpg",
  "image_size": {
    "width": 800,
    "height": 1067
  },
  "parts": [
    {
      "id": 1,
      "part": "Bonnet",
      "class_id": 3,
      "bbox": [
        30.64,
        458.76,
        682.84,
        830.77
      ],
      "score": 0.9973000288009644
    },
    {
      "id": 2,
      "part": "Windshield",
      "class_id": 4,
      "bbox": [
        150.62,
        364.79,
        546.23,
        494.25
      ],
      "score": 0.9513000249862671
    },
    {
      "id": 3,
      "part": "Bonnet",
      "class_id": 3,
      "bbox": [
        151.12,
        364.75,
        543.47,
        489.41
      ],
      "score": 0.8769000172615051
    },
    {
      "id": 4,
      "part": "Bonnet",
      "class_id": 3,
      "bbox": [
        0.0,
        784.63,
        799.53,
        1067.0
      ],
      "score": 0.8029000163078308
    }
  ]
}