{
  "image_path": "C:\\Users\\swu\\Desktop\\sample\\part_sample_10000\\1.원천데이터\\part\\0003040_sc-1012484.jpg",
  "image_size": {
    "width": 800,
    "height": 600
  },
  "parts": [
    {
      "id": 1,
      "part": "Front bumper",
      "class_id": 0,
      "bbox": [
        97.39,
        229.03,
        696.46,
        509.3
      ],
      "score": 0.965399980545044
    },
    {
      "id": 2,
      "part": "Head lights(L)",
      "class_id": 1,
      "bbox": [
        117.79,
        148.95,
        235.52,
        319.68
      ],
      "score": 0.2011999934911728
    }
  ]
}