{
  "image_path": "C:\\Users\\swu\\Desktop\\sample\\part_sample_10000\\1.원천데이터\\part\\0003500_as-0077953.jpg",
  "image_size": {
    "width": 800,
    "height": 600
  },
  "parts": [
    {
      "id": 1,
      "part": "Front bumper",
      "class_id": 0,
      "bbox": [
        77.69,
        160.74,
        323.16,
        484.5
      ],
      "score": 0.9390000104904175
    },
    {
      "id": 2,
      "part": "Rear lamp(R)",
      "class_id": 8,
      "bbox": [
        173.0,
        36.16,
        800.0,
        454.12
      ],
      "score": 0.6675999760627747
    }
  ]
}