{
  "image_path": "C:\\Users\\swu\\Desktop\\sample\\part_sample_10000\\1.원천데이터\\part\\0003026_as-0009061.jpg",
  "image_size": {
    "width": 800,
    "height": 1067
  },
  "parts": [
    {
      "id": 1,
      "part": "Bonnet",
      "class_id": 3,
      "bbox": [
        161.87,
        187.07,
        531.16,
        361.49
      ],
      "score": 0.9977999925613403
    },
    {
      "id": 2,
      "part": "Rear bumper",
      "class_id": 9,
      "bbox": [
        548.57,
        299.42,
        602.73,
        356.81
      ],
      "score": 0.9632999897003174
    },
    {
      "id": 3,
      "part": "Windshield",
      "class_id": 4,
      "bbox": [
        219.98,
        139.76,
        487.34,
        208.86
      ],
      "score": 0.9614999890327454
    },
    {
      "id": 4,
      "part": "Head lights(R)",
      "class_id": 2,
      "bbox": [
        57.95,
        335.05,
        585.52,
        576.76
      ],
      "score": 0.9535999894142151
    },
    {
      "id": 5,
      "part": "Front bumper",
      "class_id": 0,
      "bbox": [
        174.32,
        576.75,
        619.28,
        866.9
      ],
      "score": 0.9150999784469604
    },
    {
      "id": 6,
      "part": "Rear bumper",
      "class_id": 9,
      "bbox": [
        115.44,
        315.73,
        152.91,
        371.42
      ],
      "score": 0.5769000053405762
    }
  ]
}