{
  "image_path": "C:\\Users\\swu\\Desktop\\sample\\part_sample_10000\\1.원천데이터\\part\\0003840_as-0038757.jpg",
  "image_size": {
    "width": 800,
    "height": 600
  },
  "parts": [
    {
      "id": 1,
      "part": "Trunk lid",
      "class_id": 6,
      "bbox": [
        82.01,
        232.17,
        799.83,
        475.79
      ],
      "score": 0.9246000051498413
    },
    {
      "id": 2,
      "part": "Roof",
      "class_id": 5,
      "bbox": [
        0.12,
        41.96,
        632.81,
        537.25
      ],
      "score": 0.37119999527931213
    },
    {
      "id": 3,
      "part": "Rear lamp(L)",
      "class_id": 7,
      "bbox": [
        0.0,
        280.88,
        791.05,
        600.0
      ],
      "score": 0.35670000314712524
    }
  ]
}