{
  "image_path": "C:\\Users\\swu\\Desktop\\sample\\part_sample_10000\\1.원천데이터\\part\\0003839_as-0038757.jpg",
  "image_size": {
    "width": 800,
    "height": 600
  },
  "parts": [
    {
      "id": 1,
      "part": "Rear lamp(L)",
      "class_id": 7,
      "bbox": [
        0.0,
        161.56,
        602.19,
        506.13
      ],
      "score": 0.8896999955177307
    },
    {
      "id": 2,
      "part": "Roof",
      "class_id": 5,
      "bbox": [
        0.1,
        34.69,
        500.26,
        310.35
      ],
      "score": 0.6664999723434448
    },
    {
      "id": 3,
      "part": "Rear door(L)",
      "class_id": 16,
      "bbox": [
        441.5,
        55.18,
        637.5,
        294.53
      ],
      "score": 0.45010000467300415
    }
  ]
}