{
  "image_path": "C:\\Users\\swu\\Desktop\\sample\\part_sample_10000\\1.원천데이터\\part\\0003787_as-2584990.jpg",
  "image_size": {
    "width": 800,
    "height": 600
  },
  "parts": [
    {
      "id": 1,
      "part": "Head lights(R)",
      "class_id": 2,
      "bbox": [
        92.59,
        90.22,
        711.23,
        315.74
      ],
      "score": 0.9448000192642212
    },
    {
      "id": 2,
      "part": "Front bumper",
      "class_id": 0,
      "bbox": [
        28.94,
        245.81,
        761.69,
        570.88
      ],
      "score": 0.8001999855041504
    }
  ]
}