{
  "image_path": "C:\\Users\\swu\\Desktop\\sample\\part_sample_10000\\1.원천데이터\\part\\0003161_as-0096070.jpg",
  "image_size": {
    "width": 800,
    "height": 600
  },
  "parts": [
    {
      "id": 1,
      "part": "Front fender(L)",
      "class_id": 10,
      "bbox": [
        268.94,
        116.86,
        457.74,
        328.25
      ],
      "score": 0.9330999851226807
    },
    {
      "id": 2,
      "part": "Front fender(R)",
      "class_id": 11,
      "bbox": [
        182.4,
        116.87,
        312.99,
        268.15
      ],
      "score": 0.9271000027656555
    },
    {
      "id": 3,
      "part": "Front bumper",
      "class_id": 0,
      "bbox": [
        626.55,
        262.55,
        799.97,
        456.02
      ],
      "score": 0.3601999878883362
    }
  ]
}