{
  "image_path": "C:\\Users\\swu\\Desktop\\sample\\part_sample_10000\\1.원천데이터\\part\\0003193_as-0039721.jpg",
  "image_size": {
    "width": 800,
    "height": 600
  },
  "parts": [
    {
      "id": 1,
      "part": "Front bumper",
      "class_id": 0,
      "bbox": [
        245.2,
        242.76,
        735.48,
        573.14
      ],
      "score": 0.9460999965667725
    },
    {
      "id": 2,
      "part": "Head lights(R)",
      "class_id": 2,
      "bbox": [
        243.38,
        159.53,
        721.19,
        292.21
      ],
      "score": 0.7735000252723694
    }
  ]
}