{
  "image_path": "C:\\Users\\swu\\Desktop\\sample\\part_sample_10000\\1.원천데이터\\part\\0003025_as-0009061.jpg",
  "image_size": {
    "width": 800,
    "height": 1067
  },
  "parts": [
    {
      "id": 1,
      "part": "Bonnet",
      "class_id": 3,
      "bbox": [
        256.09,
        140.33,
        644.4,
        348.85
      ],
      "score": 0.9991000294685364
    },
    {
      "id": 2,
      "part": "Rear bumper",
      "class_id": 9,
      "bbox": [
        184.25,
        325.02,
        259.59,
        426.03
      ],
      "score": 0.9668999910354614
    },
    {
      "id": 3,
      "part": "Head lights(R)",
      "class_id": 2,
      "bbox": [
        299.49,
        267.21,
        800.0,
        547.99
      ],
      "score": 0.9465000033378601
    },
    {
      "id": 4,
      "part": "Rear lamp(R)",
      "class_id": 8,
      "bbox": [
        235.4,
        352.6,
        418.67,
        577.18
      ],
      "score": 0.22040000557899475
    }
  ]
}