{
  "image_path": "C:\\Users\\swu\\Desktop\\sample\\part_sample_10000\\1.원천데이터\\part\\0003212_sc-1039238.jpg",
  "image_size": {
    "width": 800,
    "height": 600
  },
  "parts": [
    {
      "id": 1,
      "part": "Rear lamp(R)",
      "class_id": 8,
      "bbox": [
        110.14,
        7.34,
        319.99,
        291.87
      ],
      "score": 0.9545999765396118
    },
    {
      "id": 2,
      "part": "Front bumper",
      "class_id": 0,
      "bbox": [
        219.82,
        132.51,
        799.78,
        511.96
      ],
      "score": 0.7770000100135803
    },
    {
      "id": 3,
      "part": "Head lights(L)",
      "class_id": 1,
      "bbox": [
        301.86,
        135.63,
        732.65,
        292.32
      ],
      "score": 0.15230000019073486
    }
  ]
}