{
  "image_path": "C:\\Users\\swu\\Desktop\\sample\\part_sample_10000\\1.원천데이터\\part\\0003244_sc-190122.jpg",
  "image_size": {
    "width": 800,
    "height": 600
  },
  "parts": [
    {
      "id": 1,
      "part": "Front bumper",
      "class_id": 0,
      "bbox": [
        257.9,
        227.63,
        703.44,
        567.06
      ],
      "score": 0.9643999934196472
    },
    {
      "id": 2,
      "part": "Head lights(R)",
      "class_id": 2,
      "bbox": [
        252.87,
        140.64,
        688.09,
        270.07
      ],
      "score": 0.9251000285148621
    }
  ]
}