{
  "image_path": "C:\\Users\\swu\\Desktop\\sample\\part_sample_10000\\1.원천데이터\\part\\0003406_sc-179666.jpg",
  "image_size": {
    "width": 1280,
    "height": 960
  },
  "parts": [
    {
      "id": 1,
      "part": "Rear door(R)",
      "class_id": 17,
      "bbox": [
        412.24,
        215.42,
        787.46,
        638.6
      ],
      "score": 0.8230999708175659
    },
    {
      "id": 2,
      "part": "Front bumper",
      "class_id": 0,
      "bbox": [
        0.04,
        0.22,
        575.31,
        653.37
      ],
      "score": 0.2549000084400177
    }
  ]
}