{
  "image_path": "C:\\Users\\swu\\Desktop\\sample\\part_sample_10000\\1.원천데이터\\part\\0003110_as-0096469.jpg",
  "image_size": {
    "width": 800,
    "height": 600
  },
  "parts": [
    {
      "id": 1,
      "part": "Rear door(L)",
      "class_id": 16,
      "bbox": [
        84.4,
        36.88,
        671.43,
        271.49
      ],
      "score": 0.9516000151634216
    },
    {
      "id": 2,
      "part": "Roof",
      "class_id": 5,
      "bbox": [
        0.0,
        0.69,
        273.42,
        298.63
      ],
      "score": 0.35190001130104065
    },
    {
      "id": 3,
      "part": "Rear lamp(L)",
      "class_id": 7,
      "bbox": [
        0.23,
        150.73,
        543.53,
        448.11
      ],
      "score": 0.17069999873638153
    }
  ]
}