{
  "image_path": "C:\\Users\\swu\\Desktop\\sample\\part_sample_10000\\1.원천데이터\\part\\0003570_as-2616286.jpg",
  "image_size": {
    "width": 800,
    "height": 600
  },
  "parts": [
    {
      "id": 1,
      "part": "Front fender(L)",
      "class_id": 10,
      "bbox": [
        216.25,
        0.0,
        627.7,
        479.73
      ],
      "score": 0.5241000056266785
    },
    {
      "id": 2,
      "part": "Side mirror(L)",
      "class_id": 12,
      "bbox": [
        217.25,
        462.63,
        752.6,
        509.48
      ],
      "score": 0.4447000026702881
    },
    {
      "id": 3,
      "part": "Front bumper",
      "class_id": 0,
      "bbox": [
        0.04,
        229.49,
        46.6,
        464.04
      ],
      "score": 0.3052000105381012
    },
    {
      "id": 4,
      "part": "Front fender(R)",
      "class_id": 11,
      "bbox": [
        555.69,
        0.0,
        800.0,
        480.42
      ],
      "score": 0.21279999613761902
    },
    {
      "id": 5,
      "part": "Rear lamp(R)",
      "class_id": 8,
      "bbox": [
        3.13,
        138.71,
        255.0,
        466.31
      ],
      "score": 0.19370000064373016
    }
  ]
}