{
  "image_path": "C:\\Users\\swu\\Desktop\\sample\\part_sample_10000\\1.원천데이터\\part\\0003563_as-0004330.jpg",
  "image_size": {
    "width": 800,
    "height": 600
  },
  "parts": [
    {
      "id": 1,
      "part": "Rear bumper",
      "class_id": 9,
      "bbox": [
        0.01,
        55.82,
        352.9,
        340.28
      ],
      "score": 0.9557999968528748
    },
    {
      "id": 2,
      "part": "Rear lamp(R)",
      "class_id": 8,
      "bbox": [
        387.49,
        121.93,
        800.0,
        600.0
      ],
      "score": 0.6104000210762024
    }
  ]
}