{
  "image_path": "C:\\Users\\swu\\Desktop\\sample\\part_sample_10000\\1.원천데이터\\part\\0003023_as-0009061.jpg",
  "image_size": {
    "width": 800,
    "height": 1067
  },
  "parts": [
    {
      "id": 1,
      "part": "Bonnet",
      "class_id": 3,
      "bbox": [
        45.61,
        10.44,
        520.24,
        263.59
      ],
      "score": 0.9575999975204468
    },
    {
      "id": 2,
      "part": "Rear lamp(R)",
      "class_id": 8,
      "bbox": [
        319.96,
        258.58,
        539.08,
        665.26
      ],
      "score": 0.9452999830245972
    },
    {
      "id": 3,
      "part": "Rear bumper",
      "class_id": 9,
      "bbox": [
        521.62,
        222.51,
        628.31,
        315.54
      ],
      "score": 0.873199999332428
    }
  ]
}