{
  "image_path": "C:\\Users\\swu\\Desktop\\sample\\part_sample_10000\\1.원천데이터\\part\\0003969_as-0079147.jpg",
  "image_size": {
    "width": 800,
    "height": 600
  },
  "parts": [
    {
      "id": 1,
      "part": "Rear door(R)",
      "class_id": 17,
      "bbox": [
        170.11,
        88.08,
        604.88,
        501.02
      ],
      "score": 0.462799996137619
    },
    {
      "id": 2,
      "part": "Front bumper",
      "class_id": 0,
      "bbox": [
        577.79,
        0.4,
        800.0,
        378.95
      ],
      "score": 0.3450999855995178
    }
  ]
}