{
  "image_path": "C:\\Users\\swu\\Desktop\\sample\\part_sample_10000\\1.원천데이터\\part\\0003091_as-0033216.jpg",
  "image_size": {
    "width": 800,
    "height": 600
  },
  "parts": [
    {
      "id": 1,
      "part": "Rear lamp(L)",
      "class_id": 7,
      "bbox": [
        12.52,
        201.83,
        727.84,
        599.75
      ],
      "score": 0.8704000115394592
    },
    {
      "id": 2,
      "part": "Trunk lid",
      "class_id": 6,
      "bbox": [
        493.15,
        105.34,
        661.19,
        228.2
      ],
      "score": 0.6866000294685364
    },
    {
      "id": 3,
      "part": "Trunk lid",
      "class_id": 6,
      "bbox": [
        85.26,
        56.06,
        659.81,
        276.87
      ],
      "score": 0.24289999902248383
    }
  ]
}