{
  "image_path": "C:\\Users\\swu\\Desktop\\sample\\part_sample_10000\\1.원천데이터\\part\\0004701_sc-184528.jpg",
  "image_size": {
    "width": 800,
    "height": 600
  },
  "parts": [
    {
      "id": 1,
      "part": "Front bumper",
      "class_id": 0,
      "bbox": [
        412.67,
        199.76,
        700.11,
        553.5
      ],
      "score": 0.9510999917984009
    },
    {
      "id": 2,
      "part": "Rear lamp(R)",
      "class_id": 8,
      "bbox": [
        0.23,
        55.5,
        598.26,
        549.74
      ],
      "score": 0.8845000267028809
    }
  ]
}