{
  "image_path": "C:\\Users\\swu\\Desktop\\sample\\part_sample_10000\\1.원천데이터\\part\\0004590_as-2967622.jpg",
  "image_size": {
    "width": 800,
    "height": 600
  },
  "parts": [
    {
      "id": 1,
      "part": "Front bumper",
      "class_id": 0,
      "bbox": [
        104.43,
        230.69,
        707.57,
        477.03
      ],
      "score": 0.9469000101089478
    },
    {
      "id": 2,
      "part": "Head lights(L)",
      "class_id": 1,
      "bbox": [
        541.57,
        157.38,
        635.65,
        295.02
      ],
      "score": 0.8639000058174133
    },
    {
      "id": 3,
      "part": "Head lights(R)",
      "class_id": 2,
      "bbox": [
        143.09,
        101.7,
        578.51,
        316.46
      ],
      "score": 0.2249000072479248
    }
  ]
}