{
  "image_path": "C:\\Users\\swu\\Desktop\\sample\\part_sample_10000\\1.원천데이터\\part\\0004306_sc-201800.jpg",
  "image_size": {
    "width": 800,
    "height": 600
  },
  "parts": [
    {
      "id": 1,
      "part": "Rear lamp(R)",
      "class_id": 8,
      "bbox": [
        18.95,
        7.12,
        660.51,
        499.67
      ],
      "score": 0.9520000219345093
    },
    {
      "id": 2,
      "part": "Rear bumper",
      "class_id": 9,
      "bbox": [
        646.85,
        0.04,
        800.0,
        46.64
      ],
      "score": 0.23190000653266907
    },
    {
      "id": 3,
      "part": "Side mirror(L)",
      "class_id": 12,
      "bbox": [
        582.17,
        172.03,
        799.99,
        498.62
      ],
      "score": 0.1940000057220459
    }
  ]
}