{
  "image_path": "C:\\Users\\swu\\Desktop\\sample\\part_sample_10000\\1.원천데이터\\part\\0004233_as-0011031.jpg",
  "image_size": {
    "width": 800,
    "height": 600
  },
  "parts": [
    {
      "id": 1,
      "part": "Rear lamp(L)",
      "class_id": 7,
      "bbox": [
        22.46,
        249.54,
        777.14,
        512.01
      ],
      "score": 0.8633000254631042
    },
    {
      "id": 2,
      "part": "Roof",
      "class_id": 5,
      "bbox": [
        80.08,
        79.05,
        717.56,
        361.84
      ],
      "score": 0.4699999988079071
    }
  ]
}