{
  "image_path": "C:\\Users\\swu\\Desktop\\sample\\part_sample_10000\\1.원천데이터\\part\\0004287_sc-153329.jpg",
  "image_size": {
    "width": 800,
    "height": 600
  },
  "parts": [
    {
      "id": 1,
      "part": "Front fender(R)",
      "class_id": 11,
      "bbox": [
        256.71,
        62.41,
        639.66,
        505.1
      ],
      "score": 0.95660001039505
    },
    {
      "id": 2,
      "part": "Rear door(L)",
      "class_id": 16,
      "bbox": [
        52.29,
        175.63,
        416.82,
        473.49
      ],
      "score": 0.8409000039100647
    }
  ]
}