{
  "image_path": "C:\\Users\\swu\\Desktop\\sample\\part_sample_10000\\1.원천데이터\\part\\0004942_as-0053780.jpg",
  "image_size": {
    "width": 800,
    "height": 600
  },
  "parts": [
    {
      "id": 1,
      "part": "Rear lamp(L)",
      "class_id": 7,
      "bbox": [
        7.07,
        288.76,
        696.19,
        600.0
      ],
      "score": 0.7350999712944031
    },
    {
      "id": 2,
      "part": "Roof",
      "class_id": 5,
      "bbox": [
        18.89,
        158.76,
        536.66,
        505.37
      ],
      "score": 0.47850000858306885
    },
    {
      "id": 3,
      "part": "Trunk lid",
      "class_id": 6,
      "bbox": [
        422.88,
        205.77,
        535.71,
        357.16
      ],
      "score": 0.19349999725818634
    }
  ]
}