{
  "image_path": "C:\\Users\\swu\\Desktop\\sample\\part_sample_10000\\1.원천데이터\\part\\0004179_as-0060091.jpg",
  "image_size": {
    "width": 800,
    "height": 600
  },
  "parts": [
    {
      "id": 1,
      "part": "Rear lamp(L)",
      "class_id": 7,
      "bbox": [
        0.0,
        66.22,
        335.23,
        439.04
      ],
      "score": 0.8518000245094299
    },
    {
      "id": 2,
      "part": "Rocker panel(L)",
      "class_id": 18,
      "bbox": [
        263.5,
        182.24,
        618.02,
        504.22
      ],
      "score": 0.7767000198364258
    },
    {
      "id": 3,
      "part": "Rear door(L)",
      "class_id": 16,
      "bbox": [
        0.4,
        0.27,
        692.69,
        337.05
      ],
      "score": 0.4163999855518341
    }
  ]
}