{
  "image_path": "C:\\Users\\swu\\Desktop\\sample\\part_sample_10000\\1.원천데이터\\part\\0004621_as-0068203.jpg",
  "image_size": {
    "width": 800,
    "height": 600
  },
  "parts": [
    {
      "id": 1,
      "part": "Head lights(R)",
      "class_id": 2,
      "bbox": [
        256.67,
        166.4,
        569.84,
        310.07
      ],
      "score": 0.90420001745224
    },
    {
      "id": 2,
      "part": "Front bumper",
      "class_id": 0,
      "bbox": [
        261.28,
        275.66,
        590.62,
        492.23
      ],
      "score": 0.7337999939918518
    },
    {
      "id": 3,
      "part": "Rear lamp(R)",
      "class_id": 8,
      "bbox": [
        238.24,
        183.18,
        275.95,
        345.57
      ],
      "score": 0.3359000086784363
    }
  ]
}