{
  "image_path": "C:\\Users\\swu\\Desktop\\sample\\part_sample_10000\\1.원천데이터\\part\\0004090_as-2893994.jpg",
  "image_size": {
    "width": 800,
    "height": 600
  },
  "parts": [
    {
      "id": 1,
      "part": "Front bumper",
      "class_id": 0,
      "bbox": [
        100.95,
        184.72,
        598.06,
        550.84
      ],
      "score": 0.9495999813079834
    },
    {
      "id": 2,
      "part": "Head lights(L)",
      "class_id": 1,
      "bbox": [
        287.37,
        248.02,
        554.99,
        348.4
      ],
      "score": 0.9298999905586243
    }
  ]
}