{
  "image_path": "C:\\Users\\swu\\Desktop\\sample\\part_sample_10000\\1.원천데이터\\part\\0004362_as-0041406.jpg",
  "image_size": {
    "width": 800,
    "height": 600
  },
  "parts": [
    {
      "id": 1,
      "part": "Rocker panel(L)",
      "class_id": 18,
      "bbox": [
        521.66,
        274.35,
        756.68,
        517.74
      ],
      "score": 0.6610000133514404
    },
    {
      "id": 2,
      "part": "Rear door(L)",
      "class_id": 16,
      "bbox": [
        483.1,
        36.0,
        799.97,
        467.46
      ],
      "score": 0.45190000534057617
    }
  ]
}