{
  "image_path": "C:\\Users\\swu\\Desktop\\sample\\part_sample_10000\\1.원천데이터\\part\\0004891_as-0026586.jpg",
  "image_size": {
    "width": 800,
    "height": 600
  },
  "parts": [
    {
      "id": 1,
      "part": "Rear lamp(R)",
      "class_id": 8,
      "bbox": [
        145.36,
        17.7,
        651.91,
        558.27
      ],
      "score": 0.9613999724388123
    },
    {
      "id": 2,
      "part": "Front bumper",
      "class_id": 0,
      "bbox": [
        81.98,
        191.08,
        282.66,
        600.0
      ],
      "score": 0.6442000269889832
    }
  ]
}