{
  "image_path": "C:\\Users\\swu\\Desktop\\sample\\part_sample_10000\\1.원천데이터\\part\\0004185_as-0082186.jpg",
  "image_size": {
    "width": 800,
    "height": 600
  },
  "parts": [
    {
      "id": 1,
      "part": "Front fender(R)",
      "class_id": 11,
      "bbox": [
        479.33,
        120.04,
        630.64,
        407.81
      ],
      "score": 0.9693999886512756
    },
    {
      "id": 2,
      "part": "Side mirror(L)",
      "class_id": 12,
      "bbox": [
        609.16,
        330.24,
        685.78,
        400.72
      ],
      "score": 0.9387999773025513
    },
    {
      "id": 3,
      "part": "Front fender(L)",
      "class_id": 10,
      "bbox": [
        564.91,
        132.2,
        687.22,
        359.41
      ],
      "score": 0.9257000088691711
    },
    {
      "id": 4,
      "part": "Side mirror(L)",
      "class_id": 12,
      "bbox": [
        551.28,
        334.9,
        680.79,
        441.06
      ],
      "score": 0.3709999918937683
    }
  ]
}