{
  "image_path": "C:\\Users\\swu\\Desktop\\sample\\part_sample_10000\\1.원천데이터\\part\\0004958_sc-199454.jpg",
  "image_size": {
    "width": 800,
    "height": 600
  },
  "parts": [
    {
      "id": 1,
      "part": "Front bumper",
      "class_id": 0,
      "bbox": [
        520.87,
        225.53,
        740.98,
        514.67
      ],
      "score": 0.9171000123023987
    },
    {
      "id": 2,
      "part": "Rear lamp(R)",
      "class_id": 8,
      "bbox": [
        43.03,
        10.13,
        708.57,
        465.6
      ],
      "score": 0.8970999717712402
    }
  ]
}