{
  "image_path": "C:\\Users\\swu\\Desktop\\sample\\part_sample_10000\\1.원천데이터\\part\\0004803_as-0054110.jpg",
  "image_size": {
    "width": 800,
    "height": 600
  },
  "parts": [
    {
      "id": 1,
      "part": "Front fender(L)",
      "class_id": 10,
      "bbox": [
        330.89,
        2.39,
        716.09,
        595.22
      ],
      "score": 0.6201000213623047
    },
    {
      "id": 2,
      "part": "Front fender(L)",
      "class_id": 10,
      "bbox": [
        188.35,
        10.59,
        385.74,
        402.76
      ],
      "score": 0.4318999946117401
    },
    {
      "id": 3,
      "part": "Front bumper",
      "class_id": 0,
      "bbox": [
        0.04,
        280.48,
        44.15,
        551.3
      ],
      "score": 0.19429999589920044
    },
    {
      "id": 4,
      "part": "Side mirror(L)",
      "class_id": 12,
      "bbox": [
        242.87,
        352.91,
        685.48,
        599.91
      ],
      "score": 0.1842000037431717
    }
  ]
}