{
  "image_path": "C:\\Users\\swu\\Desktop\\sample\\part_sample_10000\\1.원천데이터\\part\\0004171_as-0027601.jpg",
  "image_size": {
    "width": 800,
    "height": 600
  },
  "parts": [
    {
      "id": 1,
      "part": "Head lights(R)",
      "class_id": 2,
      "bbox": [
        392.23,
        141.43,
        740.38,
        251.14
      ],
      "score": 0.9700000286102295
    },
    {
      "id": 2,
      "part": "Head lights(L)",
      "class_id": 1,
      "bbox": [
        453.33,
        212.96,
        635.71,
        287.92
      ],
      "score": 0.9340000152587891
    },
    {
      "id": 3,
      "part": "Front bumper",
      "class_id": 0,
      "bbox": [
        446.43,
        214.28,
        768.68,
        429.35
      ],
      "score": 0.9228000044822693
    }
  ]
}