{
  "image_path": "C:\\Users\\swu\\Desktop\\sample\\part_sample_10000\\1.원천데이터\\part\\0004950_as-0003008.jpg",
  "image_size": {
    "width": 800,
    "height": 600
  },
  "parts": [
    {
      "id": 1,
      "part": "Trunk lid",
      "class_id": 6,
      "bbox": [
        254.78,
        178.04,
        528.97,
        294.73
      ],
      "score": 0.9351999759674072
    },
    {
      "id": 2,
      "part": "Rear lamp(L)",
      "class_id": 7,
      "bbox": [
        212.53,
        161.59,
        707.36,
        558.0
      ],
      "score": 0.921999990940094
    },
    {
      "id": 3,
      "part": "Rear door(L)",
      "class_id": 16,
      "bbox": [
        131.39,
        89.89,
        423.73,
        350.42
      ],
      "score": 0.7982000112533569
    }
  ]
}