{
  "image_path": "C:\\Users\\swu\\Desktop\\sample\\part_sample_10000\\1.원천데이터\\part\\0004304_sc-201800.jpg",
  "image_size": {
    "width": 800,
    "height": 600
  },
  "parts": [
    {
      "id": 1,
      "part": "Rear lamp(R)",
      "class_id": 8,
      "bbox": [
        381.27,
        75.33,
        612.07,
        330.58
      ],
      "score": 0.954200029373169
    },
    {
      "id": 2,
      "part": "Front bumper",
      "class_id": 0,
      "bbox": [
        0.0,
        125.07,
        469.64,
        484.46
      ],
      "score": 0.9391999840736389
    }
  ]
}