{
  "image_path": "C:\\Users\\swu\\Desktop\\sample\\part_sample_10000\\1.원천데이터\\part\\0004105_as-3300662.jpg",
  "image_size": {
    "width": 800,
    "height": 600
  },
  "parts": [
    {
      "id": 1,
      "part": "Front bumper",
      "class_id": 0,
      "bbox": [
        41.73,
        126.99,
        501.4,
        517.24
      ],
      "score": 0.8949999809265137
    },
    {
      "id": 2,
      "part": "Rear lamp(R)",
      "class_id": 8,
      "bbox": [
        385.06,
        27.69,
        749.4,
        339.81
      ],
      "score": 0.5424000024795532
    }
  ]
}