{
  "image_path": "C:\\Users\\swu\\Desktop\\sample\\part_sample_10000\\1.원천데이터\\part\\0004734_as-0027912.jpg",
  "image_size": {
    "width": 800,
    "height": 600
  },
  "parts": [
    {
      "id": 1,
      "part": "Rear lamp(L)",
      "class_id": 7,
      "bbox": [
        397.27,
        293.86,
        737.05,
        474.0
      ],
      "score": 0.9373999834060669
    },
    {
      "id": 2,
      "part": "Rear door(L)",
      "class_id": 16,
      "bbox": [
        132.07,
        133.33,
        695.92,
        437.68
      ],
      "score": 0.9301000237464905
    }
  ]
}