{
  "image_path": "C:\\Users\\swu\\Desktop\\sample\\part_sample_10000\\1.원천데이터\\part\\0004073_as-0065639.jpg",
  "image_size": {
    "width": 1024,
    "height": 768
  },
  "parts": [
    {
      "id": 1,
      "part": "Head lights(L)",
      "class_id": 1,
      "bbox": [
        251.96,
        22.61,
        893.83,
        245.86
      ],
      "score": 0.9294000267982483
    },
    {
      "id": 2,
      "part": "Rear lamp(R)",
      "class_id": 8,
      "bbox": [
        728.41,
        0.27,
        1023.91,
        382.35
      ],
      "score": 0.4221000075340271
    },
    {
      "id": 3,
      "part": "Front bumper",
      "class_id": 0,
      "bbox": [
        98.93,
        0.0,
        857.93,
        565.86
      ],
      "score": 0.38519999384880066
    }
  ]
}