{
  "image_path": "C:\\Users\\swu\\Desktop\\sample\\part_sample_10000\\1.원천데이터\\part\\0004829_as-0084553.jpg",
  "image_size": {
    "width": 800,
    "height": 600
  },
  "parts": [
    {
      "id": 1,
      "part": "Front fender(R)",
      "class_id": 11,
      "bbox": [
        156.96,
        54.89,
        389.54,
        380.57
      ],
      "score": 0.9799000024795532
    },
    {
      "id": 2,
      "part": "Rear door(L)",
      "class_id": 16,
      "bbox": [
        270.5,
        162.73,
        573.67,
        388.25
      ],
      "score": 0.8032000064849854
    }
  ]
}