{
  "image_path": "C:\\Users\\swu\\Desktop\\sample\\part_sample_10000\\1.원천데이터\\part\\0004351_as-0086877.jpg",
  "image_size": {
    "width": 800,
    "height": 600
  },
  "parts": [
    {
      "id": 1,
      "part": "Rear lamp(L)",
      "class_id": 7,
      "bbox": [
        140.24,
        239.14,
        722.21,
        473.75
      ],
      "score": 0.9627000093460083
    },
    {
      "id": 2,
      "part": "Trunk lid",
      "class_id": 6,
      "bbox": [
        202.59,
        187.66,
        430.2,
        297.21
      ],
      "score": 0.669700026512146
    }
  ]
}