{
  "image_path": "C:\\Users\\swu\\Desktop\\sample\\part_sample_10000\\1.원천데이터\\part\\0004984_as-0051803.jpg",
  "image_size": {
    "width": 800,
    "height": 600
  },
  "parts": [
    {
      "id": 1,
      "part": "Front fender(R)",
      "class_id": 11,
      "bbox": [
        134.48,
        40.13,
        542.17,
        534.0
      ],
      "score": 0.8572999835014343
    },
    {
      "id": 2,
      "part": "Rear door(L)",
      "class_id": 16,
      "bbox": [
        0.28,
        253.05,
        383.96,
        599.57
      ],
      "score": 0.6685000061988831
    },
    {
      "id": 3,
      "part": "Front fender(L)",
      "class_id": 10,
      "bbox": [
        462.92,
        45.13,
        689.71,
        462.72
      ],
      "score": 0.6335999965667725
    },
    {
      "id": 4,
      "part": "Side mirror(L)",
      "class_id": 12,
      "bbox": [
        340.65,
        352.55,
        671.45,
        600.0
      ],
      "score": 0.4699000120162964
    }
  ]
}