{
  "image_path": "C:\\Users\\swu\\Desktop\\sample\\part_sample_10000\\1.원천데이터\\part\\0004733_as-0027912.jpg",
  "image_size": {
    "width": 800,
    "height": 600
  },
  "parts": [
    {
      "id": 1,
      "part": "Rear door(L)",
      "class_id": 16,
      "bbox": [
        213.56,
        176.01,
        562.42,
        354.5
      ],
      "score": 0.9384999871253967
    },
    {
      "id": 2,
      "part": "Front fender(R)",
      "class_id": 11,
      "bbox": [
        133.59,
        47.4,
        298.36,
        333.72
      ],
      "score": 0.9232000112533569
    },
    {
      "id": 3,
      "part": "Rear lamp(L)",
      "class_id": 7,
      "bbox": [
        303.17,
        223.92,
        784.8,
        510.56
      ],
      "score": 0.8794999718666077
    }
  ]
}