{
  "image_path": "C:\\Users\\swu\\Desktop\\sample\\part_sample_10000\\1.원천데이터\\part\\0004209_sc-145588.jpg",
  "image_size": {
    "width": 800,
    "height": 600
  },
  "parts": [
    {
      "id": 1,
      "part": "Rear bumper",
      "class_id": 9,
      "bbox": [
        334.29,
        27.24,
        607.53,
        159.49
      ],
      "score": 0.832099974155426
    },
    {
      "id": 2,
      "part": "Rear lamp(R)",
      "class_id": 8,
      "bbox": [
        0.0,
        149.67,
        329.26,
        600.0
      ],
      "score": 0.15919999778270721
    }
  ]
}