{
  "image_path": "C:\\Users\\swu\\Desktop\\sample\\part_sample_10000\\1.원천데이터\\part\\0004555_as-2807504.jpg",
  "image_size": {
    "width": 800,
    "height": 600
  },
  "parts": [
    {
      "id": 1,
      "part": "Rocker panel(L)",
      "class_id": 18,
      "bbox": [
        150.63,
        58.17,
        535.73,
        473.12
      ],
      "score": 0.7441999912261963
    },
    {
      "id": 2,
      "part": "Side mirror(L)",
      "class_id": 12,
      "bbox": [
        546.45,
        86.8,
        799.83,
        280.61
      ],
      "score": 0.6819999814033508
    },
    {
      "id": 3,
      "part": "Rear lamp(L)",
      "class_id": 7,
      "bbox": [
        0.0,
        15.75,
        240.0,
        452.46
      ],
      "score": 0.2676999866962433
    }
  ]
}