{
  "image_path": "C:\\Users\\swu\\Desktop\\sample\\part_sample_10000\\1.원천데이터\\part\\0004218_as-2887599.jpg",
  "image_size": {
    "width": 800,
    "height": 600
  },
  "parts": [
    {
      "id": 1,
      "part": "Rear lamp(L)",
      "class_id": 7,
      "bbox": [
        270.17,
        255.17,
        774.24,
        570.75
      ],
      "score": 0.944599986076355
    },
    {
      "id": 2,
      "part": "Front fender(R)",
      "class_id": 11,
      "bbox": [
        120.51,
        0.14,
        291.38,
        334.38
      ],
      "score": 0.3449000120162964
    },
    {
      "id": 3,
      "part": "Rear door(L)",
      "class_id": 16,
      "bbox": [
        192.72,
        84.49,
        441.32,
        349.14
      ],
      "score": 0.23229999840259552
    }
  ]
}