{
  "image_path": "C:\\Users\\swu\\Desktop\\sample\\part_sample_10000\\1.원천데이터\\part\\0004717_as-0028088.jpg",
  "image_size": {
    "width": 800,
    "height": 600
  },
  "parts": [
    {
      "id": 1,
      "part": "Rear lamp(R)",
      "class_id": 8,
      "bbox": [
        340.54,
        213.65,
        487.26,
        385.52
      ],
      "score": 0.9348000288009644
    },
    {
      "id": 2,
      "part": "Front bumper",
      "class_id": 0,
      "bbox": [
        119.7,
        229.41,
        390.52,
        467.39
      ],
      "score": 0.40939998626708984
    },
    {
      "id": 3,
      "part": "Front fender(L)",
      "class_id": 10,
      "bbox": [
        478.99,
        100.33,
        642.11,
        379.09
      ],
      "score": 0.2957000136375427
    }
  ]
}