{
  "image_path": "C:\\Users\\swu\\Desktop\\sample\\part_sample_10000\\1.원천데이터\\part\\0004137_as-0035929.jpg",
  "image_size": {
    "width": 800,
    "height": 600
  },
  "parts": [
    {
      "id": 1,
      "part": "Rear lamp(R)",
      "class_id": 8,
      "bbox": [
        219.73,
        140.71,
        680.56,
        406.78
      ],
      "score": 0.8600999712944031
    },
    {
      "id": 2,
      "part": "Front bumper",
      "class_id": 0,
      "bbox": [
        90.61,
        138.02,
        340.77,
        462.56
      ],
      "score": 0.8294000029563904
    },
    {
      "id": 3,
      "part": "Head lights(L)",
      "class_id": 1,
      "bbox": [
        141.91,
        210.25,
        317.3,
        281.33
      ],
      "score": 0.725600004196167
    }
  ]
}