{
  "image_path": "C:\\Users\\swu\\Desktop\\sample\\part_sample_10000\\1.원천데이터\\part\\0004281_sc-1031215.jpg",
  "image_size": {
    "width": 800,
    "height": 600
  },
  "parts": [
    {
      "id": 1,
      "part": "Front bumper",
      "class_id": 0,
      "bbox": [
        424.09,
        178.48,
        719.85,
        522.41
      ],
      "score": 0.8978000283241272
    },
    {
      "id": 2,
      "part": "Front bumper",
      "class_id": 0,
      "bbox": [
        0.08,
        521.17,
        163.89,
        599.99
      ],
      "score": 0.3361999988555908
    },
    {
      "id": 3,
      "part": "Rear lamp(R)",
      "class_id": 8,
      "bbox": [
        203.36,
        197.48,
        477.83,
        446.76
      ],
      "score": 0.29919999837875366
    }
  ]
}