{
  "image_path": "C:\\Users\\swu\\Desktop\\sample\\part_sample_10000\\1.원천데이터\\part\\0004072_as-0065639.jpg",
  "image_size": {
    "width": 1024,
    "height": 768
  },
  "parts": [
    {
      "id": 1,
      "part": "Rear lamp(R)",
      "class_id": 8,
      "bbox": [
        650.36,
        73.91,
        834.39,
        360.7
      ],
      "score": 0.9296000003814697
    },
    {
      "id": 2,
      "part": "Front bumper",
      "class_id": 0,
      "bbox": [
        104.68,
        168.26,
        728.31,
        518.84
      ],
      "score": 0.8808000087738037
    },
    {
      "id": 3,
      "part": "Front fender(L)",
      "class_id": 10,
      "bbox": [
        821.29,
        0.0,
        954.95,
        348.41
      ],
      "score": 0.5127999782562256
    }
  ]
}