{
  "image_path": "C:\\Users\\swu\\Desktop\\sample\\part_sample_10000\\1.원천데이터\\part\\0004178_as-0060091.jpg",
  "image_size": {
    "width": 800,
    "height": 600
  },
  "parts": [
    {
      "id": 1,
      "part": "Rear door(R)",
      "class_id": 17,
      "bbox": [
        154.46,
        94.63,
        677.02,
        552.01
      ],
      "score": 0.8813999891281128
    },
    {
      "id": 2,
      "part": "Front bumper",
      "class_id": 0,
      "bbox": [
        667.01,
        0.42,
        800.0,
        384.86
      ],
      "score": 0.27070000767707825
    }
  ]
}