{
  "image_path": "C:\\Users\\swu\\Desktop\\sample\\part_sample_10000\\1.원천데이터\\part\\0004283_sc-1031215.jpg",
  "image_size": {
    "width": 800,
    "height": 600
  },
  "parts": [
    {
      "id": 1,
      "part": "Front bumper",
      "class_id": 0,
      "bbox": [
        378.74,
        101.38,
        698.83,
        466.87
      ],
      "score": 0.8956999778747559
    },
    {
      "id": 2,
      "part": "Rear lamp(R)",
      "class_id": 8,
      "bbox": [
        122.56,
        90.86,
        443.12,
        385.11
      ],
      "score": 0.5917999744415283
    }
  ]
}