{
  "image_path": "C:\\Users\\swu\\Desktop\\sample\\part_sample_10000\\1.원천데이터\\part\\0004729_as-0083433.jpg",
  "image_size": {
    "width": 800,
    "height": 600
  },
  "parts": [
    {
      "id": 1,
      "part": "Front fender(R)",
      "class_id": 11,
      "bbox": [
        90.56,
        15.27,
        387.24,
        434.21
      ],
      "score": 0.9296000003814697
    },
    {
      "id": 2,
      "part": "Front fender(L)",
      "class_id": 10,
      "bbox": [
        371.4,
        16.01,
        799.31,
        508.81
      ],
      "score": 0.8039000034332275
    },
    {
      "id": 3,
      "part": "Rocker panel(L)",
      "class_id": 18,
      "bbox": [
        40.09,
        277.51,
        206.49,
        452.83
      ],
      "score": 0.588699996471405
    },
    {
      "id": 4,
      "part": "Rear door(L)",
      "class_id": 16,
      "bbox": [
        0.88,
        136.15,
        206.61,
        395.44
      ],
      "score": 0.5741999745368958
    },
    {
      "id": 5,
      "part": "Side mirror(L)",
      "class_id": 12,
      "bbox": [
        201.87,
        393.11,
        780.63,
        541.74
      ],
      "score": 0.2768000066280365
    }
  ]
}