{
  "image_path": "C:\\Users\\swu\\Desktop\\sample\\part_sample_10000\\1.원천데이터\\part\\0004869_sc-180047.jpg",
  "image_size": {
    "width": 800,
    "height": 600
  },
  "parts": [
    {
      "id": 1,
      "part": "Rear lamp(L)",
      "class_id": 7,
      "bbox": [
        534.28,
        3.41,
        800.0,
        454.55
      ],
      "score": 0.8737000226974487
    },
    {
      "id": 2,
      "part": "Rocker panel(L)",
      "class_id": 18,
      "bbox": [
        235.08,
        219.19,
        534.82,
        527.3
      ],
      "score": 0.7580999732017517
    }
  ]
}