{
  "image_path": "C:\\Users\\swu\\Desktop\\sample\\part_sample_10000\\1.원천데이터\\part\\0004935_as-3490936.jpg",
  "image_size": {
    "width": 800,
    "height": 600
  },
  "parts": [
    {
      "id": 1,
      "part": "Front bumper",
      "class_id": 0,
      "bbox": [
        41.95,
        139.37,
        620.56,
        495.1
      ],
      "score": 0.8902000188827515
    },
    {
      "id": 2,
      "part": "Head lights(R)",
      "class_id": 2,
      "bbox": [
        76.63,
        15.69,
        692.85,
        239.9
      ],
      "score": 0.6588000059127808
    },
    {
      "id": 3,
      "part": "Rear lamp(R)",
      "class_id": 8,
      "bbox": [
        532.77,
        62.86,
        736.07,
        323.23
      ],
      "score": 0.3391999900341034
    }
  ]
}