{
  "image_path": "C:\\Users\\swu\\Desktop\\sample\\part_sample_10000\\1.원천데이터\\part\\0004360_as-0041406.jpg",
  "image_size": {
    "width": 1024,
    "height": 768
  },
  "parts": [
    {
      "id": 1,
      "part": "Rear door(L)",
      "class_id": 16,
      "bbox": [
        554.1,
        250.52,
        829.35,
        528.79
      ],
      "score": 0.9132000207901001
    },
    {
      "id": 2,
      "part": "Front fender(R)",
      "class_id": 11,
      "bbox": [
        198.4,
        48.05,
        688.44,
        621.15
      ],
      "score": 0.902400016784668
    },
    {
      "id": 3,
      "part": "Rear lamp(L)",
      "class_id": 7,
      "bbox": [
        771.13,
        348.63,
        843.61,
        520.76
      ],
      "score": 0.5796999931335449
    }
  ]
}