{
  "image_path": "C:\\Users\\swu\\Desktop\\sample\\part_sample_10000\\1.원천데이터\\part\\0004078_as-0065639.jpg",
  "image_size": {
    "width": 1024,
    "height": 768
  },
  "parts": [
    {
      "id": 1,
      "part": "Head lights(L)",
      "class_id": 1,
      "bbox": [
        138.85,
        164.17,
        719.09,
        355.9
      ],
      "score": 0.8932999968528748
    },
    {
      "id": 2,
      "part": "Rear lamp(R)",
      "class_id": 8,
      "bbox": [
        565.08,
        78.78,
        1013.42,
        511.98
      ],
      "score": 0.8460000157356262
    }
  ]
}