{
  "image_path": "C:\\Users\\swu\\Desktop\\sample\\part_sample_10000\\1.원천데이터\\part\\0004718_as-0028088.jpg",
  "image_size": {
    "width": 800,
    "height": 600
  },
  "parts": [
    {
      "id": 1,
      "part": "Rear lamp(R)",
      "class_id": 8,
      "bbox": [
        83.49,
        39.03,
        695.32,
        514.31
      ],
      "score": 0.9445000290870667
    },
    {
      "id": 2,
      "part": "Front bumper",
      "class_id": 0,
      "bbox": [
        0.0,
        22.27,
        251.84,
        600.0
      ],
      "score": 0.27309998869895935
    },
    {
      "id": 3,
      "part": "Rear door(R)",
      "class_id": 17,
      "bbox": [
        161.42,
        425.92,
        521.11,
        599.67
      ],
      "score": 0.17440000176429749
    }
  ]
}