{
  "image_path": "C:\\Users\\swu\\Desktop\\sample\\part_sample_10000\\1.원천데이터\\part\\0004355_as-0041406.jpg",
  "image_size": {
    "width": 1024,
    "height": 768
  },
  "parts": [
    {
      "id": 1,
      "part": "Rear lamp(L)",
      "class_id": 7,
      "bbox": [
        405.81,
        90.5,
        1023.95,
        562.94
      ],
      "score": 0.8163999915122986
    },
    {
      "id": 2,
      "part": "Rocker panel(L)",
      "class_id": 18,
      "bbox": [
        95.21,
        201.57,
        509.85,
        599.99
      ],
      "score": 0.5013999938964844
    },
    {
      "id": 3,
      "part": "Rear door(L)",
      "class_id": 16,
      "bbox": [
        0.0,
        0.0,
        1003.32,
        393.63
      ],
      "score": 0.15049999952316284
    }
  ]
}