{
  "image_path": "C:\\Users\\swu\\Desktop\\sample\\part_sample_10000\\1.원천데이터\\part\\0004933_sc-124868.jpg",
  "image_size": {
    "width": 1280,
    "height": 622
  },
  "parts": [
    {
      "id": 1,
      "part": "Front bumper",
      "class_id": 0,
      "bbox": [
        521.85,
        74.19,
        981.62,
        565.14
      ],
      "score": 0.9345999956130981
    },
    {
      "id": 2,
      "part": "Head lights(L)",
      "class_id": 1,
      "bbox": [
        447.56,
        96.75,
        849.99,
        273.61
      ],
      "score": 0.7990000247955322
    }
  ]
}