{
  "image_path": "C:\\Users\\swu\\Desktop\\sample\\part_sample_10000\\1.원천데이터\\part\\0004682_sc-221885.jpg",
  "image_size": {
    "width": 800,
    "height": 600
  },
  "parts": [
    {
      "id": 1,
      "part": "Front bumper",
      "class_id": 0,
      "bbox": [
        45.21,
        168.19,
        746.16,
        551.4
      ],
      "score": 0.9495999813079834
    },
    {
      "id": 2,
      "part": "Head lights(R)",
      "class_id": 2,
      "bbox": [
        64.75,
        16.72,
        709.04,
        183.26
      ],
      "score": 0.5910999774932861
    },
    {
      "id": 3,
      "part": "Rear lamp(R)",
      "class_id": 8,
      "bbox": [
        0.87,
        5.22,
        142.12,
        260.59
      ],
      "score": 0.18799999356269836
    }
  ]
}