{
  "image_path": "C:\\Users\\swu\\Desktop\\sample\\part_sample_10000\\1.원천데이터\\part\\0004258_sc-1015496.jpg",
  "image_size": {
    "width": 800,
    "height": 600
  },
  "parts": [
    {
      "id": 1,
      "part": "Front bumper",
      "class_id": 0,
      "bbox": [
        148.47,
        73.68,
        727.1,
        510.95
      ],
      "score": 0.9557999968528748
    },
    {
      "id": 2,
      "part": "Rear door(R)",
      "class_id": 17,
      "bbox": [
        132.54,
        228.14,
        220.72,
        474.68
      ],
      "score": 0.17000000178813934
    }
  ]
}