{
  "image_path": "C:\\Users\\swu\\Desktop\\sample\\part_sample_10000\\1.원천데이터\\part\\0004833_sc-148333.jpg",
  "image_size": {
    "width": 800,
    "height": 600
  },
  "parts": [
    {
      "id": 1,
      "part": "Front fender(R)",
      "class_id": 11,
      "bbox": [
        360.92,
        0.03,
        617.0,
        303.09
      ],
      "score": 0.9617999792098999
    },
    {
      "id": 2,
      "part": "Side mirror(L)",
      "class_id": 12,
      "bbox": [
        474.44,
        204.21,
        708.31,
        341.18
      ],
      "score": 0.6629999876022339
    },
    {
      "id": 3,
      "part": "Rear door(L)",
      "class_id": 16,
      "bbox": [
        79.58,
        62.87,
        499.82,
        317.07
      ],
      "score": 0.5644999742507935
    },
    {
      "id": 4,
      "part": "Rear lamp(L)",
      "class_id": 7,
      "bbox": [
        0.0,
        160.81,
        343.74,
        463.24
      ],
      "score": 0.5372999906539917
    }
  ]
}