{
  "image_path": "C:\\Users\\swu\\Desktop\\sample\\part_sample_10000\\1.원천데이터\\part\\0004859_as-0075680.jpg",
  "image_size": {
    "width": 800,
    "height": 600
  },
  "parts": [
    {
      "id": 1,
      "part": "Rear lamp(L)",
      "class_id": 7,
      "bbox": [
        258.34,
        197.88,
        333.13,
        427.07
      ],
      "score": 0.9387999773025513
    },
    {
      "id": 2,
      "part": "Rear door(L)",
      "class_id": 16,
      "bbox": [
        297.16,
        0.12,
        704.53,
        479.11
      ],
      "score": 0.36730000376701355
    },
    {
      "id": 3,
      "part": "Rear door(L)",
      "class_id": 16,
      "bbox": [
        0.0,
        0.06,
        223.15,
        92.19
      ],
      "score": 0.3109000027179718
    }
  ]
}