{
  "image_path": "C:\\Users\\swu\\Desktop\\sample\\part_sample_10000\\1.원천데이터\\part\\0004387_as-0086514.jpg",
  "image_size": {
    "width": 800,
    "height": 600
  },
  "parts": [
    {
      "id": 1,
      "part": "Rear lamp(L)",
      "class_id": 7,
      "bbox": [
        132.45,
        195.77,
        473.13,
        500.74
      ],
      "score": 0.8647000193595886
    },
    {
      "id": 2,
      "part": "Rear door(L)",
      "class_id": 16,
      "bbox": [
        174.85,
        53.27,
        702.25,
        412.05
      ],
      "score": 0.7441999912261963
    },
    {
      "id": 3,
      "part": "Front fender(R)",
      "class_id": 11,
      "bbox": [
        545.98,
        0.42,
        800.0,
        402.53
      ],
      "score": 0.31790000200271606
    }
  ]
}