{
  "image_path": "C:\\Users\\swu\\Desktop\\sample\\part_sample_10000\\1.원천데이터\\part\\0004630_as-0026089.jpg",
  "image_size": {
    "width": 800,
    "height": 600
  },
  "parts": [
    {
      "id": 1,
      "part": "Rear lamp(L)",
      "class_id": 7,
      "bbox": [
        2.64,
        254.32,
        728.5,
        561.5
      ],
      "score": 0.8366000056266785
    },
    {
      "id": 2,
      "part": "Roof",
      "class_id": 5,
      "bbox": [
        46.14,
        16.12,
        711.99,
        381.56
      ],
      "score": 0.3813000023365021
    }
  ]
}