{
  "image_path": "C:\\Users\\swu\\Desktop\\sample\\part_sample_10000\\1.원천데이터\\part\\0004623_as-0068203.jpg",
  "image_size": {
    "width": 800,
    "height": 600
  },
  "parts": [
    {
      "id": 1,
      "part": "Head lights(R)",
      "class_id": 2,
      "bbox": [
        190.19,
        0.0,
        629.07,
        237.42
      ],
      "score": 0.9472000002861023
    },
    {
      "id": 2,
      "part": "Front bumper",
      "class_id": 0,
      "bbox": [
        336.92,
        105.57,
        654.36,
        551.16
      ],
      "score": 0.9169999957084656
    },
    {
      "id": 3,
      "part": "Head lights(L)",
      "class_id": 1,
      "bbox": [
        330.65,
        188.54,
        571.72,
        324.31
      ],
      "score": 0.22300000488758087
    }
  ]
}