{
  "image_path": "C:\\Users\\swu\\Desktop\\sample\\part_sample_10000\\1.원천데이터\\part\\0004604_as-0091997.jpg",
  "image_size": {
    "width": 800,
    "height": 600
  },
  "parts": [
    {
      "id": 1,
      "part": "Front bumper",
      "class_id": 0,
      "bbox": [
        346.65,
        234.58,
        750.07,
        485.1
      ],
      "score": 0.8985999822616577
    },
    {
      "id": 2,
      "part": "Rear lamp(R)",
      "class_id": 8,
      "bbox": [
        256.9,
        180.58,
        384.97,
        360.82
      ],
      "score": 0.8217999935150146
    },
    {
      "id": 3,
      "part": "Front fender(L)",
      "class_id": 10,
      "bbox": [
        173.45,
        87.65,
        269.74,
        348.47
      ],
      "score": 0.2152000069618225
    }
  ]
}