{
  "image_path": "C:\\Users\\swu\\Desktop\\sample\\part_sample_10000\\1.원천데이터\\part\\0004042_as-0013080.jpg",
  "image_size": {
    "width": 800,
    "height": 600
  },
  "parts": [
    {
      "id": 1,
      "part": "Rear door(L)",
      "class_id": 16,
      "bbox": [
        145.25,
        120.15,
        534.55,
        381.89
      ],
      "score": 0.9412000179290771
    },
    {
      "id": 2,
      "part": "Rear lamp(L)",
      "class_id": 7,
      "bbox": [
        259.62,
        246.95,
        800.0,
        599.26
      ],
      "score": 0.6384000182151794
    }
  ]
}