{
  "image_path": "C:\\Users\\swu\\Desktop\\sample\\part_sample_10000\\1.원천데이터\\part\\0004886_as-0026586.jpg",
  "image_size": {
    "width": 800,
    "height": 600
  },
  "parts": [
    {
      "id": 1,
      "part": "Rear lamp(L)",
      "class_id": 7,
      "bbox": [
        243.77,
        363.02,
        628.77,
        566.6
      ],
      "score": 0.9309999942779541
    },
    {
      "id": 2,
      "part": "Front fender(R)",
      "class_id": 11,
      "bbox": [
        0.07,
        140.73,
        70.04,
        426.96
      ],
      "score": 0.2696000039577484
    }
  ]
}