{
  "image_path": "C:\\Users\\swu\\Desktop\\sample\\part_sample_10000\\1.원천데이터\\part\\0004624_as-0068203.jpg",
  "image_size": {
    "width": 800,
    "height": 600
  },
  "parts": [
    {
      "id": 1,
      "part": "Rear lamp(R)",
      "class_id": 8,
      "bbox": [
        416.29,
        180.0,
        538.19,
        395.26
      ],
      "score": 0.9036999940872192
    },
    {
      "id": 2,
      "part": "Front bumper",
      "class_id": 0,
      "bbox": [
        110.45,
        243.63,
        465.57,
        542.33
      ],
      "score": 0.4991999864578247
    },
    {
      "id": 3,
      "part": "Head lights(R)",
      "class_id": 2,
      "bbox": [
        133.71,
        128.61,
        508.25,
        330.62
      ],
      "score": 0.38019999861717224
    },
    {
      "id": 4,
      "part": "Front bumper",
      "class_id": 0,
      "bbox": [
        765.66,
        287.18,
        799.99,
        492.84
      ],
      "score": 0.15410000085830688
    }
  ]
}