{
  "image_path": "C:\\Users\\swu\\Desktop\\sample\\part_sample_10000\\1.원천데이터\\part\\0004446_sc-1020238.jpg",
  "image_size": {
    "width": 800,
    "height": 600
  },
  "parts": [
    {
      "id": 1,
      "part": "Rear lamp(R)",
      "class_id": 8,
      "bbox": [
        14.62,
        14.42,
        290.44,
        301.35
      ],
      "score": 0.9452000260353088
    },
    {
      "id": 2,
      "part": "Front bumper",
      "class_id": 0,
      "bbox": [
        154.54,
        122.74,
        717.62,
        494.1
      ],
      "score": 0.9449999928474426
    }
  ]
}