{
  "image_path": "C:\\Users\\swu\\Desktop\\sample\\part_sample_10000\\1.원천데이터\\part\\0004707_sc-116386.jpg",
  "image_size": {
    "width": 800,
    "height": 600
  },
  "parts": [
    {
      "id": 1,
      "part": "Front fender(L)",
      "class_id": 10,
      "bbox": [
        147.53,
        45.29,
        266.28,
        412.55
      ],
      "score": 0.928600013256073
    },
    {
      "id": 2,
      "part": "Front fender(R)",
      "class_id": 11,
      "bbox": [
        87.59,
        48.29,
        176.11,
        337.08
      ],
      "score": 0.3425999879837036
    },
    {
      "id": 3,
      "part": "Front bumper",
      "class_id": 0,
      "bbox": [
        347.55,
        247.63,
        705.9,
        544.22
      ],
      "score": 0.25769999623298645
    }
  ]
}