{
  "image_path": "C:\\Users\\swu\\Desktop\\sample\\part_sample_10000\\1.원천데이터\\part\\0004626_as-0026089.jpg",
  "image_size": {
    "width": 800,
    "height": 600
  },
  "parts": [
    {
      "id": 1,
      "part": "Front fender(R)",
      "class_id": 11,
      "bbox": [
        188.98,
        96.06,
        394.91,
        517.0
      ],
      "score": 0.8949000239372253
    },
    {
      "id": 2,
      "part": "Rear lamp(L)",
      "class_id": 7,
      "bbox": [
        409.6,
        298.32,
        677.05,
        599.9
      ],
      "score": 0.8906999826431274
    },
    {
      "id": 3,
      "part": "Rear door(L)",
      "class_id": 16,
      "bbox": [
        277.7,
        232.08,
        454.02,
        529.83
      ],
      "score": 0.744700014591217
    },
    {
      "id": 4,
      "part": "Front fender(L)",
      "class_id": 10,
      "bbox": [
        83.59,
        92.6,
        235.42,
        462.78
      ],
      "score": 0.34040001034736633
    }
  ]
}