{
  "image_path": "C:\\Users\\swu\\Desktop\\sample\\part_sample_10000\\1.원천데이터\\part\\0004826_sc-208778.jpg",
  "image_size": {
    "width": 800,
    "height": 601
  },
  "parts": [
    {
      "id": 1,
      "part": "Front fender(R)",
      "class_id": 11,
      "bbox": [
        61.49,
        11.89,
        503.52,
        453.93
      ],
      "score": 0.9596999883651733
    },
    {
      "id": 2,
      "part": "Rear lamp(L)",
      "class_id": 7,
      "bbox": [
        571.42,
        243.16,
        788.02,
        512.49
      ],
      "score": 0.9121999740600586
    },
    {
      "id": 3,
      "part": "Rear door(L)",
      "class_id": 16,
      "bbox": [
        291.95,
        145.79,
        769.78,
        458.16
      ],
      "score": 0.7906000018119812
    }
  ]
}