{
  "image_path": "C:\\Users\\swu\\Desktop\\sample\\part_sample_10000\\1.원천데이터\\part\\0004655_as-0094485.jpg",
  "image_size": {
    "width": 800,
    "height": 1067
  },
  "parts": [
    {
      "id": 1,
      "part": "Front fender(R)",
      "class_id": 11,
      "bbox": [
        463.44,
        166.37,
        712.26,
        727.83
      ],
      "score": 0.9589999914169312
    },
    {
      "id": 2,
      "part": "Rear door(L)",
      "class_id": 16,
      "bbox": [
        616.55,
        337.05,
        775.87,
        629.43
      ],
      "score": 0.527400016784668
    },
    {
      "id": 3,
      "part": "Front fender(L)",
      "class_id": 10,
      "bbox": [
        0.05,
        156.42,
        521.07,
        1043.34
      ],
      "score": 0.3303000032901764
    }
  ]
}