{
  "image_path": "C:\\Users\\swu\\Desktop\\sample\\part_sample_10000\\1.원천데이터\\part\\0004134_as-0035929.jpg",
  "image_size": {
    "width": 800,
    "height": 600
  },
  "parts": [
    {
      "id": 1,
      "part": "Head lights(L)",
      "class_id": 1,
      "bbox": [
        154.54,
        139.58,
        526.14,
        270.5
      ],
      "score": 0.9427000284194946
    },
    {
      "id": 2,
      "part": "Rear lamp(R)",
      "class_id": 8,
      "bbox": [
        343.36,
        46.29,
        799.81,
        434.96
      ],
      "score": 0.39899998903274536
    }
  ]
}