{
  "image_path": "C:\\Users\\swu\\Desktop\\sample\\part_sample_10000\\1.원천데이터\\part\\0004709_as-3150117.jpg",
  "image_size": {
    "width": 800,
    "height": 600
  },
  "parts": [
    {
      "id": 1,
      "part": "Front bumper",
      "class_id": 0,
      "bbox": [
        82.1,
        140.02,
        389.21,
        504.58
      ],
      "score": 0.957099974155426
    },
    {
      "id": 2,
      "part": "Rear lamp(R)",
      "class_id": 8,
      "bbox": [
        312.36,
        92.59,
        736.68,
        400.8
      ],
      "score": 0.8514999747276306
    }
  ]
}