{
  "image_path": "C:\\Users\\swu\\Desktop\\sample\\part_sample_10000\\1.원천데이터\\part\\0004804_as-0054110.jpg",
  "image_size": {
    "width": 800,
    "height": 600
  },
  "parts": [
    {
      "id": 1,
      "part": "Front fender(R)",
      "class_id": 11,
      "bbox": [
        0.0,
        54.92,
        346.84,
        493.91
      ],
      "score": 0.9761999845504761
    },
    {
      "id": 2,
      "part": "Front fender(L)",
      "class_id": 10,
      "bbox": [
        302.4,
        43.93,
        793.59,
        514.05
      ],
      "score": 0.9435999989509583
    },
    {
      "id": 3,
      "part": "Rear door(L)",
      "class_id": 16,
      "bbox": [
        0.0,
        203.45,
        139.81,
        465.62
      ],
      "score": 0.47859999537467957
    },
    {
      "id": 4,
      "part": "Rear lamp(R)",
      "class_id": 8,
      "bbox": [
        759.35,
        152.22,
        800.0,
        493.5
      ],
      "score": 0.19750000536441803
    }
  ]
}