{
  "image_path": "C:\\Users\\swu\\Desktop\\sample\\part_sample_10000\\1.원천데이터\\part\\0004091_as-0016291.jpg",
  "image_size": {
    "width": 800,
    "height": 600
  },
  "parts": [
    {
      "id": 1,
      "part": "Rear lamp(R)",
      "class_id": 8,
      "bbox": [
        237.12,
        187.74,
        364.55,
        422.28
      ],
      "score": 0.9629999995231628
    },
    {
      "id": 2,
      "part": "Rear bumper",
      "class_id": 9,
      "bbox": [
        164.7,
        161.72,
        230.23,
        235.25
      ],
      "score": 0.90420001745224
    },
    {
      "id": 3,
      "part": "Front bumper",
      "class_id": 0,
      "bbox": [
        321.99,
        242.85,
        715.35,
        594.07
      ],
      "score": 0.8219000101089478
    },
    {
      "id": 4,
      "part": "Front fender(L)",
      "class_id": 10,
      "bbox": [
        150.26,
        50.9,
        252.41,
        410.12
      ],
      "score": 0.7003999948501587
    }
  ]
}