{
  "image_path": "C:\\Users\\swu\\Desktop\\sample\\part_sample_10000\\1.원천데이터\\part\\0004322_as-0077557.jpg",
  "image_size": {
    "width": 800,
    "height": 600
  },
  "parts": [
    {
      "id": 1,
      "part": "Front fender(R)",
      "class_id": 11,
      "bbox": [
        509.23,
        19.68,
        612.46,
        374.36
      ],
      "score": 0.9398999810218811
    },
    {
      "id": 2,
      "part": "Side mirror(L)",
      "class_id": 12,
      "bbox": [
        521.78,
        304.44,
        643.6,
        414.79
      ],
      "score": 0.9189000129699707
    },
    {
      "id": 3,
      "part": "Rear door(L)",
      "class_id": 16,
      "bbox": [
        298.8,
        155.58,
        538.82,
        389.48
      ],
      "score": 0.8230999708175659
    },
    {
      "id": 4,
      "part": "Front fender(L)",
      "class_id": 10,
      "bbox": [
        579.73,
        48.34,
        655.72,
        336.97
      ],
      "score": 0.7534999847412109
    },
    {
      "id": 5,
      "part": "Rear lamp(L)",
      "class_id": 7,
      "bbox": [
        64.91,
        294.22,
        461.59,
        527.94
      ],
      "score": 0.640500009059906
    }
  ]
}