{
  "image_path": "C:\\Users\\swu\\Desktop\\sample\\part_sample_10000\\1.원천데이터\\part\\0004141_sc-141510.jpg",
  "image_size": {
    "width": 800,
    "height": 600
  },
  "parts": [
    {
      "id": 1,
      "part": "Front bumper",
      "class_id": 0,
      "bbox": [
        161.27,
        274.03,
        659.41,
        500.51
      ],
      "score": 0.9079999923706055
    },
    {
      "id": 2,
      "part": "Rear door(L)",
      "class_id": 16,
      "bbox": [
        0.0,
        191.99,
        124.8,
        368.67
      ],
      "score": 0.3896999955177307
    }
  ]
}