{
  "image_path": "C:\\Users\\swu\\Desktop\\sample\\part_sample_10000\\1.원천데이터\\part\\0004831_as-0074156.jpg",
  "image_size": {
    "width": 1024,
    "height": 768
  },
  "parts": [
    {
      "id": 1,
      "part": "Front fender(L)",
      "class_id": 10,
      "bbox": [
        368.22,
        111.02,
        576.71,
        456.75
      ],
      "score": 0.9524999856948853
    },
    {
      "id": 2,
      "part": "Front bumper",
      "class_id": 0,
      "bbox": [
        0.15,
        306.66,
        189.26,
        656.36
      ],
      "score": 0.7425000071525574
    },
    {
      "id": 3,
      "part": "Front fender(R)",
      "class_id": 11,
      "bbox": [
        561.16,
        115.29,
        655.07,
        368.08
      ],
      "score": 0.3553999960422516
    },
    {
      "id": 4,
      "part": "Side mirror(L)",
      "class_id": 12,
      "bbox": [
        385.2,
        339.05,
        615.28,
        482.31
      ],
      "score": 0.2054000049829483
    }
  ]
}