{
  "image_path": "C:\\Users\\swu\\Desktop\\sample\\part_sample_10000\\1.원천데이터\\part\\0004940_as-0053780.jpg",
  "image_size": {
    "width": 800,
    "height": 600
  },
  "parts": [
    {
      "id": 1,
      "part": "Rear lamp(L)",
      "class_id": 7,
      "bbox": [
        138.02,
        215.04,
        762.82,
        534.62
      ],
      "score": 0.7796000242233276
    },
    {
      "id": 2,
      "part": "Roof",
      "class_id": 5,
      "bbox": [
        165.57,
        110.27,
        650.58,
        409.05
      ],
      "score": 0.2766000032424927
    }
  ]
}