{
  "image_path": "C:\\Users\\swu\\Desktop\\sample\\part_sample_10000\\1.원천데이터\\part\\0004249_as-2890148.jpg",
  "image_size": {
    "width": 800,
    "height": 600
  },
  "parts": [
    {
      "id": 1,
      "part": "Front bumper",
      "class_id": 0,
      "bbox": [
        57.28,
        248.82,
        663.4,
        534.41
      ],
      "score": 0.9000999927520752
    },
    {
      "id": 2,
      "part": "Head lights(R)",
      "class_id": 2,
      "bbox": [
        104.84,
        139.07,
        616.96,
        274.19
      ],
      "score": 0.7501000165939331
    }
  ]
}