{
  "image_path": "C:\\Users\\swu\\Desktop\\sample\\part_sample_10000\\1.원천데이터\\part\\0004230_as-3558261.jpg",
  "image_size": {
    "width": 800,
    "height": 600
  },
  "parts": [
    {
      "id": 1,
      "part": "Roof",
      "class_id": 5,
      "bbox": [
        138.73,
        155.07,
        700.35,
        383.68
      ],
      "score": 0.973800003528595
    },
    {
      "id": 2,
      "part": "Rear lamp(L)",
      "class_id": 7,
      "bbox": [
        109.45,
        291.31,
        738.17,
        541.64
      ],
      "score": 0.9139000177383423
    },
    {
      "id": 3,
      "part": "Trunk lid",
      "class_id": 6,
      "bbox": [
        111.18,
        255.99,
        273.21,
        329.31
      ],
      "score": 0.186599999666214
    }
  ]
}