{
  "image_path": "C:\\Users\\swu\\Desktop\\sample\\part_sample_10000\\1.원천데이터\\part\\0004157_as-0000807.jpg",
  "image_size": {
    "width": 800,
    "height": 600
  },
  "parts": [
    {
      "id": 1,
      "part": "Rear lamp(L)",
      "class_id": 7,
      "bbox": [
        69.73,
        181.57,
        763.99,
        541.62
      ],
      "score": 0.9261999726295471
    },
    {
      "id": 2,
      "part": "Roof",
      "class_id": 5,
      "bbox": [
        117.05,
        11.94,
        724.03,
        337.37
      ],
      "score": 0.1639000028371811
    }
  ]
}