{
  "image_path": "C:\\Users\\swu\\Desktop\\sample\\part_sample_10000\\1.원천데이터\\part\\0004599_as-2986329.jpg",
  "image_size": {
    "width": 800,
    "height": 600
  },
  "parts": [
    {
      "id": 1,
      "part": "Front bumper",
      "class_id": 0,
      "bbox": [
        476.13,
        62.33,
        771.49,
        403.14
      ],
      "score": 0.8948000073432922
    },
    {
      "id": 2,
      "part": "Rear door(R)",
      "class_id": 17,
      "bbox": [
        70.39,
        96.79,
        515.28,
        495.51
      ],
      "score": 0.5526000261306763
    }
  ]
}