{
  "image_path": "C:\\Users\\swu\\Desktop\\sample\\part_sample_10000\\1.원천데이터\\part\\0004901_sc-1027928.jpg",
  "image_size": {
    "width": 800,
    "height": 600
  },
  "parts": [
    {
      "id": 1,
      "part": "Roof",
      "class_id": 5,
      "bbox": [
        10.52,
        12.98,
        688.46,
        504.57
      ],
      "score": 0.8776000142097473
    },
    {
      "id": 2,
      "part": "Rear lamp(L)",
      "class_id": 7,
      "bbox": [
        59.65,
        258.34,
        793.07,
        600.0
      ],
      "score": 0.39419999718666077
    },
    {
      "id": 3,
      "part": "Rear lamp(L)",
      "class_id": 7,
      "bbox": [
        0.08,
        247.4,
        70.36,
        499.78
      ],
      "score": 0.35429999232292175
    },
    {
      "id": 4,
      "part": "Rear door(L)",
      "class_id": 16,
      "bbox": [
        0.0,
        122.69,
        26.93,
        325.63
      ],
      "score": 0.17550000548362732
    }
  ]
}