{
  "image_path": "C:\\Users\\swu\\Desktop\\sample\\part_sample_10000\\1.원천데이터\\part\\0005020_as-0047883.jpg",
  "image_size": {
    "width": 800,
    "height": 600
  },
  "parts": [
    {
      "id": 1,
      "part": "Rear lamp(L)",
      "class_id": 7,
      "bbox": [
        189.21,
        187.58,
        793.19,
        550.76
      ],
      "score": 0.9199000000953674
    },
    {
      "id": 2,
      "part": "Rear door(L)",
      "class_id": 16,
      "bbox": [
        98.31,
        110.83,
        568.03,
        366.65
      ],
      "score": 0.3700999915599823
    }
  ]
}