{
  "image_path": "C:\\Users\\swu\\Desktop\\sample\\part_sample_10000\\1.원천데이터\\part\\0005058_sc-1019087.jpg",
  "image_size": {
    "width": 800,
    "height": 600
  },
  "parts": [
    {
      "id": 1,
      "part": "Head lights(R)",
      "class_id": 2,
      "bbox": [
        81.09,
        100.57,
        611.42,
        312.48
      ],
      "score": 0.9531000256538391
    },
    {
      "id": 2,
      "part": "Front bumper",
      "class_id": 0,
      "bbox": [
        53.33,
        257.46,
        614.72,
        475.1
      ],
      "score": 0.7483000159263611
    },
    {
      "id": 3,
      "part": "Head lights(L)",
      "class_id": 1,
      "bbox": [
        58.03,
        192.61,
        188.3,
        316.43
      ],
      "score": 0.1542000025510788
    }
  ]
}