{
  "image_path": "C:\\Users\\swu\\Desktop\\sample\\part_sample_10000\\1.원천데이터\\part\\0005120_as-0080853.jpg",
  "image_size": {
    "width": 800,
    "height": 600
  },
  "parts": [
    {
      "id": 1,
      "part": "Front fender(R)",
      "class_id": 11,
      "bbox": [
        422.41,
        56.57,
        665.08,
        481.91
      ],
      "score": 0.9251999855041504
    },
    {
      "id": 2,
      "part": "Rear door(L)",
      "class_id": 16,
      "bbox": [
        2.55,
        136.63,
        473.97,
        501.54
      ],
      "score": 0.3456999957561493
    },
    {
      "id": 3,
      "part": "Front fender(L)",
      "class_id": 10,
      "bbox": [
        592.6,
        80.73,
        762.07,
        488.4
      ],
      "score": 0.24789999425411224
    },
    {
      "id": 4,
      "part": "Trunk lid",
      "class_id": 6,
      "bbox": [
        0.53,
        236.24,
        228.93,
        402.56
      ],
      "score": 0.1598999947309494
    }
  ]
}