{
  "image_path": "C:\\Users\\swu\\Desktop\\sample\\part_sample_10000\\1.원천데이터\\part\\0005102_as-0070883.jpg",
  "image_size": {
    "width": 800,
    "height": 600
  },
  "parts": [
    {
      "id": 1,
      "part": "Front bumper",
      "class_id": 0,
      "bbox": [
        48.29,
        226.37,
        741.29,
        574.0
      ],
      "score": 0.8658999800682068
    },
    {
      "id": 2,
      "part": "Rear lamp(R)",
      "class_id": 8,
      "bbox": [
        671.69,
        24.53,
        777.59,
        272.46
      ],
      "score": 0.6980000138282776
    },
    {
      "id": 3,
      "part": "Head lights(L)",
      "class_id": 1,
      "bbox": [
        546.03,
        249.14,
        712.72,
        377.32
      ],
      "score": 0.666700005531311
    },
    {
      "id": 4,
      "part": "Head lights(R)",
      "class_id": 2,
      "bbox": [
        74.2,
        30.22,
        723.46,
        265.3
      ],
      "score": 0.3059999942779541
    }
  ]
}