{
  "image_path": "C:\\Users\\swu\\Desktop\\sample\\part_sample_10000\\1.원천데이터\\part\\0005114_as-0005653.jpg",
  "image_size": {
    "width": 800,
    "height": 600
  },
  "parts": [
    {
      "id": 1,
      "part": "Front fender(R)",
      "class_id": 11,
      "bbox": [
        484.71,
        43.76,
        655.17,
        419.55
      ],
      "score": 0.9610999822616577
    },
    {
      "id": 2,
      "part": "Front fender(L)",
      "class_id": 10,
      "bbox": [
        245.52,
        42.96,
        513.29,
        546.47
      ],
      "score": 0.9376999735832214
    },
    {
      "id": 3,
      "part": "Side mirror(L)",
      "class_id": 12,
      "bbox": [
        246.23,
        372.13,
        613.34,
        592.18
      ],
      "score": 0.19949999451637268
    }
  ]
}