{
  "image_path": "C:\\Users\\swu\\Desktop\\sample\\part_sample_10000\\1.원천데이터\\part\\0005059_sc-1019087.jpg",
  "image_size": {
    "width": 800,
    "height": 600
  },
  "parts": [
    {
      "id": 1,
      "part": "Head lights(R)",
      "class_id": 2,
      "bbox": [
        46.78,
        47.1,
        668.51,
        282.75
      ],
      "score": 0.9067999720573425
    },
    {
      "id": 2,
      "part": "Head lights(L)",
      "class_id": 1,
      "bbox": [
        228.24,
        205.05,
        540.53,
        319.97
      ],
      "score": 0.614799976348877
    },
    {
      "id": 3,
      "part": "Front bumper",
      "class_id": 0,
      "bbox": [
        34.28,
        203.18,
        532.77,
        510.03
      ],
      "score": 0.5996000170707703
    }
  ]
}