{
  "image_path": "C:\\Users\\swu\\Desktop\\sample\\part_sample_10000\\1.원천데이터\\part\\0005016_sc-155341.jpg",
  "image_size": {
    "width": 800,
    "height": 600
  },
  "parts": [
    {
      "id": 1,
      "part": "Rear door(R)",
      "class_id": 17,
      "bbox": [
        206.17,
        152.5,
        519.17,
        579.5
      ],
      "score": 0.9271000027656555
    },
    {
      "id": 2,
      "part": "Front bumper",
      "class_id": 0,
      "bbox": [
        455.77,
        0.0,
        799.85,
        523.21
      ],
      "score": 0.362199991941452
    }
  ]
}