{
  "image_path": "C:\\Users\\swu\\Desktop\\sample\\part_sample_10000\\1.원천데이터\\part\\0005105_as-0070883.jpg",
  "image_size": {
    "width": 800,
    "height": 600
  },
  "parts": [
    {
      "id": 1,
      "part": "Head lights(L)",
      "class_id": 1,
      "bbox": [
        160.02,
        0.0,
        528.72,
        277.65
      ],
      "score": 0.7275000214576721
    },
    {
      "id": 2,
      "part": "Head lights(R)",
      "class_id": 2,
      "bbox": [
        219.52,
        0.18,
        798.24,
        148.1
      ],
      "score": 0.4226999878883362
    },
    {
      "id": 3,
      "part": "Trunk lid",
      "class_id": 6,
      "bbox": [
        523.23,
        147.11,
        641.43,
        225.88
      ],
      "score": 0.392300009727478
    },
    {
      "id": 4,
      "part": "Front bumper",
      "class_id": 0,
      "bbox": [
        158.54,
        0.38,
        528.77,
        277.59
      ],
      "score": 0.3560999929904938
    }
  ]
}