{
  "image_path": "C:\\Users\\swu\\Desktop\\sample\\part_sample_10000\\1.원천데이터\\part\\0005056_as-0051355.jpg",
  "image_size": {
    "width": 800,
    "height": 600
  },
  "parts": [
    {
      "id": 1,
      "part": "Front bumper",
      "class_id": 0,
      "bbox": [
        125.15,
        243.27,
        741.79,
        458.79
      ],
      "score": 0.9502000212669373
    },
    {
      "id": 2,
      "part": "Head lights(L)",
      "class_id": 1,
      "bbox": [
        31.6,
        216.53,
        215.96,
        346.93
      ],
      "score": 0.2687000036239624
    }
  ]
}