{
  "image_path": "C:\\Users\\swu\\Desktop\\sample\\part_sample_10000\\1.원천데이터\\part\\0005150_as-0057313.jpg",
  "image_size": {
    "width": 800,
    "height": 600
  },
  "parts": [
    {
      "id": 1,
      "part": "Front bumper",
      "class_id": 0,
      "bbox": [
        512.97,
        248.5,
        799.49,
        536.67
      ],
      "score": 0.9386000037193298
    },
    {
      "id": 2,
      "part": "Rear lamp(R)",
      "class_id": 8,
      "bbox": [
        6.76,
        58.55,
        628.46,
        507.14
      ],
      "score": 0.8978000283241272
    }
  ]
}