{
  "image_path": "C:\\Users\\swu\\Desktop\\sample\\part_sample_10000\\1.원천데이터\\part\\0005103_as-0070883.jpg",
  "image_size": {
    "width": 800,
    "height": 600
  },
  "parts": [
    {
      "id": 1,
      "part": "Head lights(L)",
      "class_id": 1,
      "bbox": [
        156.56,
        208.37,
        519.95,
        366.66
      ],
      "score": 0.9598000049591064
    },
    {
      "id": 2,
      "part": "Head lights(R)",
      "class_id": 2,
      "bbox": [
        0.0,
        0.16,
        678.44,
        213.51
      ],
      "score": 0.7760000228881836
    },
    {
      "id": 3,
      "part": "Front bumper",
      "class_id": 0,
      "bbox": [
        1.29,
        67.25,
        607.59,
        555.37
      ],
      "score": 0.2054000049829483
    }
  ]
}