{
  "image_path": "C:\\Users\\swu\\Desktop\\sample\\part_sample_10000\\1.원천데이터\\part\\0005126_as-0080853.jpg",
  "image_size": {
    "width": 800,
    "height": 600
  },
  "parts": [
    {
      "id": 1,
      "part": "Rocker panel(L)",
      "class_id": 18,
      "bbox": [
        151.04,
        77.98,
        552.33,
        414.94
      ],
      "score": 0.9333999752998352
    },
    {
      "id": 2,
      "part": "Rear lamp(L)",
      "class_id": 7,
      "bbox": [
        0.15,
        0.0,
        350.98,
        361.2
      ],
      "score": 0.32580000162124634
    }
  ]
}