{
  "image_path": "C:\\Users\\swu\\Desktop\\sample\\part_sample_10000\\1.원천데이터\\part\\0005014_sc-155341.jpg",
  "image_size": {
    "width": 800,
    "height": 600
  },
  "parts": [
    {
      "id": 1,
      "part": "Front fender(L)",
      "class_id": 10,
      "bbox": [
        330.69,
        40.93,
        642.98,
        415.55
      ],
      "score": 0.8651000261306763
    },
    {
      "id": 2,
      "part": "Side mirror(L)",
      "class_id": 12,
      "bbox": [
        121.68,
        403.39,
        670.88,
        440.83
      ],
      "score": 0.8129000067710876
    },
    {
      "id": 3,
      "part": "Front fender(R)",
      "class_id": 11,
      "bbox": [
        111.99,
        52.24,
        345.44,
        424.48
      ],
      "score": 0.5045999884605408
    },
    {
      "id": 4,
      "part": "Rear door(L)",
      "class_id": 16,
      "bbox": [
        0.04,
        176.26,
        143.36,
        423.35
      ],
      "score": 0.2718000113964081
    }
  ]
}