{
  "image_path": "C:\\Users\\swu\\Desktop\\sample\\part_sample_10000\\1.원천데이터\\part\\0005087_sc-122654.jpg",
  "image_size": {
    "width": 800,
    "height": 600
  },
  "parts": [
    {
      "id": 1,
      "part": "Roof",
      "class_id": 5,
      "bbox": [
        67.75,
        162.01,
        386.28,
        417.84
      ],
      "score": 0.9448000192642212
    },
    {
      "id": 2,
      "part": "Rear lamp(L)",
      "class_id": 7,
      "bbox": [
        56.59,
        302.11,
        450.89,
        599.84
      ],
      "score": 0.9298999905586243
    }
  ]
}