{
  "image_path": "C:\\Users\\swu\\Desktop\\sample\\part_sample_10000\\1.원천데이터\\part\\0005092_as-3131898.jpg",
  "image_size": {
    "width": 800,
    "height": 601
  },
  "parts": [
    {
      "id": 1,
      "part": "Head lights(L)",
      "class_id": 1,
      "bbox": [
        273.08,
        290.22,
        658.27,
        411.39
      ],
      "score": 0.8978000283241272
    },
    {
      "id": 2,
      "part": "Front bumper",
      "class_id": 0,
      "bbox": [
        1.34,
        146.6,
        679.84,
        558.93
      ],
      "score": 0.824400007724762
    },
    {
      "id": 3,
      "part": "Rear lamp(R)",
      "class_id": 8,
      "bbox": [
        555.03,
        106.07,
        752.3,
        302.58
      ],
      "score": 0.2752000093460083
    }
  ]
}