{
  "image_path": "C:\\Users\\swu\\Desktop\\sample\\part_sample_10000\\1.원천데이터\\part\\0005156_as-0050022.jpg",
  "image_size": {
    "width": 800,
    "height": 600
  },
  "parts": [
    {
      "id": 1,
      "part": "Front fender(L)",
      "class_id": 10,
      "bbox": [
        555.78,
        18.74,
        654.56,
        358.93
      ],
      "score": 0.8737999796867371
    },
    {
      "id": 2,
      "part": "Rear bumper",
      "class_id": 9,
      "bbox": [
        562.35,
        107.89,
        640.51,
        154.17
      ],
      "score": 0.8011000156402588
    },
    {
      "id": 3,
      "part": "Rear lamp(R)",
      "class_id": 8,
      "bbox": [
        419.0,
        150.83,
        569.37,
        370.79
      ],
      "score": 0.2590000033378601
    },
    {
      "id": 4,
      "part": "Front fender(R)",
      "class_id": 11,
      "bbox": [
        620.03,
        20.07,
        697.21,
        283.34
      ],
      "score": 0.23430000245571136
    }
  ]
}